--- 
:primaryzones: 
  :CL: America/Santiago
  :CN: Asia/Shanghai
  :DE: Europe/Berlin
  :EC: America/Guayaquil
  :ES: Europe/Madrid
  :MH: Pacific/Majuro
  :MY: Asia/Kuala_Lumpur
  :NZ: Pacific/Auckland
  :PT: Europe/Lisbon
  :UA: Europe/Kiev
  :UZ: Asia/Tashkent
:timezones: 
  :Africa/Abidjan: 
    - 
      :metazone: GMT
  :Africa/Accra: 
    - 
      :metazone: GMT
  :Africa/Addis_Ababa: 
    - 
      :metazone: Africa_Eastern
  :Africa/Algiers: 
    - 
      :metazone: Europe_Western
      :to: 1977-10-20 16:00:00 -07:00
    - 
      :from: 1977-10-20 16:00:00 -07:00
      :metazone: Europe_Central
      :to: 1979-10-25 16:00:00 -07:00
    - 
      :from: 1979-10-25 16:00:00 -07:00
      :metazone: Europe_Western
      :to: 1981-04-30 17:00:00 -07:00
    - 
      :from: 1981-04-30 17:00:00 -07:00
      :metazone: Europe_Central
  :Africa/Asmera: 
    - 
      :metazone: Africa_Eastern
  :Africa/Bamako: 
    - 
      :metazone: GMT
  :Africa/Bangui: 
    - 
      :metazone: Africa_Western
  :Africa/Banjul: 
    - 
      :metazone: GMT
  :Africa/Bissau: 
    - 
      :metazone: Africa_FarWestern
      :to: 1974-12-31 17:00:00 -08:00
    - 
      :from: 1974-12-31 17:00:00 -08:00
      :metazone: GMT
  :Africa/Blantyre: 
    - 
      :metazone: Africa_Central
  :Africa/Brazzaville: 
    - 
      :metazone: Africa_Western
  :Africa/Bujumbura: 
    - 
      :metazone: Africa_Central
  :Africa/Cairo: 
    - 
      :metazone: Europe_Eastern
  :Africa/Casablanca: 
    - 
      :metazone: Europe_Western
      :to: 1984-03-15 16:00:00 -08:00
    - 
      :from: 1984-03-15 16:00:00 -08:00
      :metazone: Europe_Central
      :to: 1985-12-31 15:00:00 -08:00
    - 
      :from: 1985-12-31 15:00:00 -08:00
      :metazone: Europe_Western
  :Africa/Ceuta: 
    - 
      :metazone: Europe_Western
      :to: 1984-03-15 16:00:00 -08:00
    - 
      :from: 1984-03-15 16:00:00 -08:00
      :metazone: Europe_Central
  :Africa/Conakry: 
    - 
      :metazone: GMT
  :Africa/Dakar: 
    - 
      :metazone: GMT
  :Africa/Dar_es_Salaam: 
    - 
      :metazone: Africa_Eastern
  :Africa/Djibouti: 
    - 
      :metazone: Africa_Eastern
  :Africa/Douala: 
    - 
      :metazone: Africa_Western
  :Africa/El_Aaiun: 
    - 
      :metazone: Africa_FarWestern
      :to: 1976-04-13 17:00:00 -08:00
    - 
      :from: 1976-04-13 17:00:00 -08:00
      :metazone: Europe_Western
  :Africa/Freetown: 
    - 
      :metazone: GMT
  :Africa/Gaborone: 
    - 
      :metazone: Africa_Central
  :Africa/Harare: 
    - 
      :metazone: Africa_Central
  :Africa/Johannesburg: 
    - 
      :metazone: Africa_Southern
  :Africa/Juba: 
    - 
      :metazone: Africa_Central
      :to: 2000-01-15 02:00:00 -08:00
    - 
      :from: 2000-01-15 02:00:00 -08:00
      :metazone: Africa_Eastern
  :Africa/Kampala: 
    - 
      :metazone: Africa_Eastern
  :Africa/Khartoum: 
    - 
      :metazone: Africa_Central
      :to: 2000-01-15 02:00:00 -08:00
    - 
      :from: 2000-01-15 02:00:00 -08:00
      :metazone: Africa_Eastern
  :Africa/Kigali: 
    - 
      :metazone: Africa_Central
  :Africa/Kinshasa: 
    - 
      :metazone: Africa_Western
  :Africa/Lagos: 
    - 
      :metazone: Africa_Western
  :Africa/Libreville: 
    - 
      :metazone: Africa_Western
  :Africa/Lome: 
    - 
      :metazone: GMT
  :Africa/Luanda: 
    - 
      :metazone: Africa_Western
  :Africa/Lubumbashi: 
    - 
      :metazone: Africa_Central
  :Africa/Lusaka: 
    - 
      :metazone: Africa_Central
  :Africa/Malabo: 
    - 
      :metazone: Africa_Western
  :Africa/Maputo: 
    - 
      :metazone: Africa_Central
  :Africa/Maseru: 
    - 
      :metazone: Africa_Southern
  :Africa/Mbabane: 
    - 
      :metazone: Africa_Southern
  :Africa/Mogadishu: 
    - 
      :metazone: Africa_Eastern
  :Africa/Monrovia: 
    - 
      :metazone: Liberia
      :to: 1972-04-30 17:45:00 -07:00
    - 
      :from: 1972-04-30 17:45:00 -07:00
      :metazone: GMT
  :Africa/Nairobi: 
    - 
      :metazone: Africa_Eastern
  :Africa/Ndjamena: 
    - 
      :metazone: Africa_Western
  :Africa/Niamey: 
    - 
      :metazone: Africa_Western
  :Africa/Nouakchott: 
    - 
      :metazone: GMT
  :Africa/Ouagadougou: 
    - 
      :metazone: GMT
  :Africa/Porto-Novo: 
    - 
      :metazone: Africa_Western
  :Africa/Sao_Tome: 
    - 
      :metazone: GMT
  :Africa/Tripoli: 
    - 
      :metazone: Europe_Eastern
      :to: 1981-12-31 14:00:00 -08:00
    - 
      :from: 1981-12-31 14:00:00 -08:00
      :metazone: Europe_Central
      :to: 1990-05-03 16:00:00 -07:00
    - 
      :from: 1990-05-03 16:00:00 -07:00
      :metazone: Europe_Eastern
      :to: 1996-09-29 15:00:00 -07:00
    - 
      :from: 1996-09-29 15:00:00 -07:00
      :metazone: Europe_Central
      :to: 1997-10-03 15:00:00 -07:00
    - 
      :from: 1997-10-03 15:00:00 -07:00
      :metazone: Europe_Eastern
      :to: 2012-11-09 16:00:00 -08:00
    - 
      :from: 2012-11-09 16:00:00 -08:00
      :metazone: Europe_Central
      :to: 2013-10-24 17:00:00 -07:00
    - 
      :from: 2013-10-24 17:00:00 -07:00
      :metazone: Europe_Eastern
  :Africa/Tunis: 
    - 
      :metazone: Europe_Central
  :Africa/Windhoek: 
    - 
      :metazone: Africa_Southern
      :to: 1990-03-20 14:00:00 -08:00
    - 
      :from: 1990-03-20 14:00:00 -08:00
      :metazone: Africa_Central
      :to: 1994-04-02 14:00:00 -08:00
    - 
      :from: 1994-04-02 14:00:00 -08:00
      :metazone: Africa_Western
  :America/Adak: 
    - 
      :metazone: Bering
      :to: 1983-10-30 04:00:00 -08:00
    - 
      :from: 1983-11-30 02:00:00 -08:00
      :metazone: Hawaii_Aleutian
  :America/Anchorage: 
    - 
      :metazone: Alaska_Hawaii
      :to: 1983-10-30 03:00:00 -08:00
    - 
      :from: 1983-10-30 03:00:00 -08:00
      :metazone: Yukon
      :to: 1983-11-30 01:00:00 -08:00
    - 
      :from: 1983-11-30 01:00:00 -08:00
      :metazone: Alaska
  :America/Anguilla: 
    - 
      :metazone: Atlantic
  :America/Antigua: 
    - 
      :metazone: Atlantic
  :America/Araguaina: 
    - 
      :metazone: Brasilia
  :America/Argentina/La_Rioja: 
    - 
      :metazone: Argentina
      :to: 1991-02-28 18:00:00 -08:00
    - 
      :from: 1991-02-28 18:00:00 -08:00
      :metazone: Argentina_Western
      :to: 1991-05-06 21:00:00 -07:00
    - 
      :from: 1991-05-06 21:00:00 -07:00
      :metazone: Argentina
      :to: 2004-05-31 20:00:00 -07:00
    - 
      :from: 2004-05-31 20:00:00 -07:00
      :metazone: Argentina_Western
      :to: 2004-06-19 21:00:00 -07:00
    - 
      :from: 2004-06-19 21:00:00 -07:00
      :metazone: Argentina
  :America/Argentina/Rio_Gallegos: 
    - 
      :metazone: Argentina
      :to: 2004-05-31 20:00:00 -07:00
    - 
      :from: 2004-05-31 20:00:00 -07:00
      :metazone: Argentina_Western
      :to: 2004-06-19 21:00:00 -07:00
    - 
      :from: 2004-06-19 21:00:00 -07:00
      :metazone: Argentina
  :America/Argentina/Salta: 
    - 
      :metazone: Argentina
      :to: 1991-03-02 18:00:00 -08:00
    - 
      :from: 1991-10-19 21:00:00 -07:00
      :metazone: Argentina
  :America/Argentina/San_Juan: 
    - 
      :metazone: Argentina
      :to: 1991-02-28 18:00:00 -08:00
    - 
      :from: 1991-02-28 18:00:00 -08:00
      :metazone: Argentina_Western
      :to: 1991-05-06 21:00:00 -07:00
    - 
      :from: 1991-05-06 21:00:00 -07:00
      :metazone: Argentina
      :to: 2004-05-30 20:00:00 -07:00
    - 
      :from: 2004-05-30 20:00:00 -07:00
      :metazone: Argentina_Western
      :to: 2004-07-24 21:00:00 -07:00
    - 
      :from: 2004-07-24 21:00:00 -07:00
      :metazone: Argentina
  :America/Argentina/San_Luis: 
    - 
      :metazone: Argentina
      :to: 1990-03-13 18:00:00 -08:00
    - 
      :from: 1990-03-13 18:00:00 -08:00
      :metazone: Argentina_Western
      :to: 1991-05-31 21:00:00 -07:00
    - 
      :from: 1991-05-31 21:00:00 -07:00
      :metazone: Argentina
      :to: 1999-10-02 20:00:00 -07:00
    - 
      :from: 1999-10-02 20:00:00 -07:00
      :metazone: Argentina_Western
      :to: 2000-03-02 19:00:00 -08:00
    - 
      :from: 2000-03-02 19:00:00 -08:00
      :metazone: Argentina
      :to: 2004-05-30 20:00:00 -07:00
    - 
      :from: 2004-05-30 20:00:00 -07:00
      :metazone: Argentina_Western
      :to: 2004-07-24 21:00:00 -07:00
    - 
      :from: 2004-07-24 21:00:00 -07:00
      :metazone: Argentina
      :to: 2008-01-20 18:00:00 -08:00
    - 
      :from: 2008-01-20 18:00:00 -08:00
      :metazone: Argentina_Western
  :America/Argentina/Tucuman: 
    - 
      :metazone: Argentina
      :to: 1991-03-02 18:00:00 -08:00
    - 
      :from: 1991-10-19 21:00:00 -07:00
      :metazone: Argentina
      :to: 2004-05-31 20:00:00 -07:00
    - 
      :from: 2004-05-31 20:00:00 -07:00
      :metazone: Argentina_Western
      :to: 2004-06-12 21:00:00 -07:00
    - 
      :from: 2004-06-12 21:00:00 -07:00
      :metazone: Argentina
  :America/Argentina/Ushuaia: 
    - 
      :metazone: Argentina
      :to: 2004-05-29 20:00:00 -07:00
    - 
      :from: 2004-06-19 21:00:00 -07:00
      :metazone: Argentina
  :America/Aruba: 
    - 
      :metazone: Atlantic
  :America/Asuncion: 
    - 
      :metazone: Paraguay
  :America/Bahia: 
    - 
      :metazone: Brasilia
  :America/Bahia_Banderas: 
    - 
      :metazone: America_Pacific
      :to: 1970-01-01 00:00:00 -08:00
    - 
      :from: 1970-01-01 00:00:00 -08:00
      :metazone: America_Mountain
      :to: 2010-04-04 02:00:00 -07:00
    - 
      :from: 2010-04-04 02:00:00 -07:00
      :metazone: America_Central
  :America/Barbados: 
    - 
      :metazone: Atlantic
  :America/Belem: 
    - 
      :metazone: Brasilia
  :America/Belize: 
    - 
      :metazone: America_Central
  :America/Blanc-Sablon: 
    - 
      :metazone: Atlantic
  :America/Boa_Vista: 
    - 
      :metazone: Amazon
  :America/Bogota: 
    - 
      :metazone: Colombia
  :America/Boise: 
    - 
      :metazone: America_Mountain
  :America/Buenos_Aires: 
    - 
      :metazone: Argentina
  :America/Cambridge_Bay: 
    - 
      :metazone: America_Mountain
      :to: 1999-10-31 01:00:00 -07:00
    - 
      :from: 1999-10-31 01:00:00 -07:00
      :metazone: America_Central
      :to: 2000-10-29 00:00:00 -07:00
    - 
      :from: 2000-10-29 00:00:00 -07:00
      :metazone: America_Eastern
      :to: 2000-11-04 21:00:00 -08:00
    - 
      :from: 2000-11-04 21:00:00 -08:00
      :metazone: America_Central
      :to: 2001-04-01 01:00:00 -08:00
    - 
      :from: 2001-04-01 01:00:00 -08:00
      :metazone: America_Mountain
  :America/Campo_Grande: 
    - 
      :metazone: Amazon
  :America/Cancun: 
    - 
      :metazone: America_Central
      :to: 1981-12-22 22:00:00 -08:00
    - 
      :from: 1981-12-22 22:00:00 -08:00
      :metazone: America_Eastern
      :to: 1998-08-01 23:00:00 -07:00
    - 
      :from: 1998-08-01 23:00:00 -07:00
      :metazone: America_Central
      :to: 2015-02-01 00:00:00 -08:00
    - 
      :from: 2015-02-01 00:00:00 -08:00
      :metazone: America_Eastern
  :America/Caracas: 
    - 
      :metazone: Venezuela
  :America/Catamarca: 
    - 
      :metazone: Argentina
      :to: 1991-03-02 18:00:00 -08:00
    - 
      :from: 1991-10-19 21:00:00 -07:00
      :metazone: Argentina
      :to: 2004-05-31 20:00:00 -07:00
    - 
      :from: 2004-05-31 20:00:00 -07:00
      :metazone: Argentina_Western
      :to: 2004-06-19 21:00:00 -07:00
    - 
      :from: 2004-06-19 21:00:00 -07:00
      :metazone: Argentina
  :America/Cayenne: 
    - 
      :metazone: French_Guiana
  :America/Cayman: 
    - 
      :metazone: America_Eastern
  :America/Chicago: 
    - 
      :metazone: America_Central
  :America/Chihuahua: 
    - 
      :metazone: America_Central
      :to: 1998-04-05 01:00:00 -08:00
    - 
      :from: 1998-04-05 01:00:00 -08:00
      :metazone: Mexico_Pacific
  :America/Coral_Harbour: 
    - 
      :metazone: America_Eastern
  :America/Cordoba: 
    - 
      :metazone: Argentina
      :to: 1991-03-02 18:00:00 -08:00
    - 
      :from: 1991-10-19 21:00:00 -07:00
      :metazone: Argentina
  :America/Costa_Rica: 
    - 
      :metazone: America_Central
  :America/Creston: 
    - 
      :metazone: America_Mountain
  :America/Cuiaba: 
    - 
      :metazone: Amazon
  :America/Curacao: 
    - 
      :metazone: Atlantic
  :America/Danmarkshavn: 
    - 
      :metazone: Greenland_Western
      :to: 1995-12-31 19:00:00 -08:00
    - 
      :from: 1995-12-31 19:00:00 -08:00
      :metazone: GMT
  :America/Dawson: 
    - 
      :metazone: Yukon
      :to: 1973-10-28 01:00:00 -08:00
    - 
      :from: 1973-10-28 01:00:00 -08:00
      :metazone: America_Pacific
  :America/Dawson_Creek: 
    - 
      :metazone: America_Pacific
      :to: 1972-08-30 02:00:00 -07:00
    - 
      :from: 1972-08-30 02:00:00 -07:00
      :metazone: America_Mountain
  :America/Denver: 
    - 
      :metazone: America_Mountain
  :America/Detroit: 
    - 
      :metazone: America_Eastern
  :America/Dominica: 
    - 
      :metazone: Atlantic
  :America/Edmonton: 
    - 
      :metazone: America_Mountain
  :America/Eirunepe: 
    - 
      :metazone: Acre
      :to: 2008-06-23 22:00:00 -07:00
    - 
      :from: 2008-06-23 22:00:00 -07:00
      :metazone: Amazon
      :to: 2013-11-09 20:00:00 -08:00
    - 
      :from: 2013-11-09 20:00:00 -08:00
      :metazone: Acre
  :America/El_Salvador: 
    - 
      :metazone: America_Central
  :America/Fort_Nelson: 
    - 
      :metazone: America_Pacific
      :to: 2015-03-08 03:00:00 -07:00
    - 
      :from: 2015-03-08 03:00:00 -07:00
      :metazone: America_Mountain
  :America/Fortaleza: 
    - 
      :metazone: Brasilia
  :America/Glace_Bay: 
    - 
      :metazone: Atlantic
  :America/Godthab: 
    - 
      :metazone: Greenland_Western
  :America/Goose_Bay: 
    - 
      :metazone: Atlantic
      :to: 1988-04-02 20:01:00 -08:00
    - 
      :from: 1988-04-02 20:01:00 -08:00
      :metazone: Goose_Bay
      :to: 1988-10-29 19:01:00 -07:00
    - 
      :from: 1988-10-29 19:01:00 -07:00
      :metazone: Atlantic
  :America/Grand_Turk: 
    - 
      :metazone: America_Eastern
      :to: 2015-10-31 23:00:00 -07:00
    - 
      :from: 2015-10-31 23:00:00 -07:00
      :metazone: Atlantic
  :America/Grenada: 
    - 
      :metazone: Atlantic
  :America/Guadeloupe: 
    - 
      :metazone: Atlantic
  :America/Guatemala: 
    - 
      :metazone: America_Central
  :America/Guayaquil: 
    - 
      :metazone: Ecuador
  :America/Guyana: 
    - 
      :metazone: Guyana
  :America/Halifax: 
    - 
      :metazone: Atlantic
  :America/Havana: 
    - 
      :metazone: Cuba
  :America/Hermosillo: 
    - 
      :metazone: America_Pacific
      :to: 1970-01-01 00:00:00 -08:00
    - 
      :from: 1970-01-01 00:00:00 -08:00
      :metazone: Mexico_Pacific
  :America/Indiana/Knox: 
    - 
      :metazone: America_Central
      :to: 1991-10-27 00:00:00 -07:00
    - 
      :from: 1991-10-27 00:00:00 -07:00
      :metazone: America_Eastern
      :to: 2006-04-01 23:00:00 -08:00
    - 
      :from: 2006-04-01 23:00:00 -08:00
      :metazone: America_Central
  :America/Indiana/Marengo: 
    - 
      :metazone: America_Eastern
      :to: 1974-01-05 23:00:00 -08:00
    - 
      :from: 1974-01-05 23:00:00 -08:00
      :metazone: America_Central
      :to: 1974-10-27 00:00:00 -07:00
    - 
      :from: 1974-10-27 00:00:00 -07:00
      :metazone: America_Eastern
  :America/Indiana/Petersburg: 
    - 
      :metazone: America_Central
      :to: 1977-10-30 00:00:00 -07:00
    - 
      :from: 1977-10-30 00:00:00 -07:00
      :metazone: America_Eastern
      :to: 2006-04-01 23:00:00 -08:00
    - 
      :from: 2006-04-01 23:00:00 -08:00
      :metazone: America_Central
      :to: 2007-11-04 00:00:00 -07:00
    - 
      :from: 2007-11-04 00:00:00 -07:00
      :metazone: America_Eastern
  :America/Indiana/Tell_City: 
    - 
      :metazone: America_Eastern
      :to: 2006-04-01 23:00:00 -08:00
    - 
      :from: 2006-04-01 23:00:00 -08:00
      :metazone: America_Central
  :America/Indiana/Vevay: 
    - 
      :metazone: America_Eastern
  :America/Indiana/Vincennes: 
    - 
      :metazone: America_Eastern
      :to: 2006-04-01 23:00:00 -08:00
    - 
      :from: 2006-04-01 23:00:00 -08:00
      :metazone: America_Central
      :to: 2007-11-04 00:00:00 -07:00
    - 
      :from: 2007-11-04 00:00:00 -07:00
      :metazone: America_Eastern
  :America/Indiana/Winamac: 
    - 
      :metazone: America_Eastern
      :to: 2006-04-01 23:00:00 -08:00
    - 
      :from: 2006-04-01 23:00:00 -08:00
      :metazone: America_Central
      :to: 2007-03-11 00:00:00 -08:00
    - 
      :from: 2007-03-11 00:00:00 -08:00
      :metazone: America_Eastern
  :America/Indianapolis: 
    - 
      :metazone: America_Eastern
  :America/Inuvik: 
    - 
      :metazone: America_Pacific
      :to: 1979-04-29 03:00:00 -07:00
    - 
      :from: 1979-04-29 03:00:00 -07:00
      :metazone: America_Mountain
  :America/Iqaluit: 
    - 
      :metazone: America_Eastern
      :to: 1999-10-30 23:00:00 -07:00
    - 
      :from: 1999-10-30 23:00:00 -07:00
      :metazone: America_Central
      :to: 2000-10-29 00:00:00 -07:00
    - 
      :from: 2000-10-29 00:00:00 -07:00
      :metazone: America_Eastern
  :America/Jamaica: 
    - 
      :metazone: America_Eastern
  :America/Jujuy: 
    - 
      :metazone: Argentina
      :to: 1990-03-03 18:00:00 -08:00
    - 
      :from: 1991-10-05 21:00:00 -07:00
      :metazone: Argentina
  :America/Juneau: 
    - 
      :metazone: America_Pacific
      :to: 1980-04-27 03:00:00 -07:00
    - 
      :from: 1980-04-27 03:00:00 -07:00
      :metazone: Yukon
      :to: 1980-10-26 02:00:00 -08:00
    - 
      :from: 1980-10-26 02:00:00 -08:00
      :metazone: America_Pacific
      :to: 1983-10-30 01:00:00 -08:00
    - 
      :from: 1983-10-30 01:00:00 -08:00
      :metazone: Yukon
      :to: 1983-11-30 01:00:00 -08:00
    - 
      :from: 1983-11-30 01:00:00 -08:00
      :metazone: Alaska
  :America/Kentucky/Monticello: 
    - 
      :metazone: America_Central
      :to: 2000-10-29 00:00:00 -07:00
    - 
      :from: 2000-10-29 00:00:00 -07:00
      :metazone: America_Eastern
  :America/Kralendijk: 
    - 
      :metazone: Atlantic
  :America/La_Paz: 
    - 
      :metazone: Bolivia
  :America/Lima: 
    - 
      :metazone: Peru
  :America/Los_Angeles: 
    - 
      :metazone: America_Pacific
  :America/Louisville: 
    - 
      :metazone: America_Eastern
      :to: 1974-01-05 23:00:00 -08:00
    - 
      :from: 1974-01-05 23:00:00 -08:00
      :metazone: America_Central
      :to: 1974-10-27 00:00:00 -07:00
    - 
      :from: 1974-10-27 00:00:00 -07:00
      :metazone: America_Eastern
  :America/Lower_Princes: 
    - 
      :metazone: Atlantic
  :America/Maceio: 
    - 
      :metazone: Brasilia
  :America/Managua: 
    - 
      :metazone: America_Central
      :to: 1973-04-30 23:00:00 -07:00
    - 
      :from: 1973-04-30 23:00:00 -07:00
      :metazone: America_Eastern
      :to: 1975-02-15 21:00:00 -08:00
    - 
      :from: 1975-02-15 21:00:00 -08:00
      :metazone: America_Central
      :to: 1992-01-01 02:00:00 -08:00
    - 
      :from: 1992-01-01 02:00:00 -08:00
      :metazone: America_Eastern
      :to: 1992-09-23 22:00:00 -07:00
    - 
      :from: 1992-09-23 22:00:00 -07:00
      :metazone: America_Central
      :to: 1992-12-31 22:00:00 -08:00
    - 
      :from: 1992-12-31 22:00:00 -08:00
      :metazone: America_Eastern
      :to: 1996-12-31 21:00:00 -08:00
    - 
      :from: 1996-12-31 21:00:00 -08:00
      :metazone: America_Central
  :America/Manaus: 
    - 
      :metazone: Amazon
  :America/Marigot: 
    - 
      :metazone: Atlantic
  :America/Martinique: 
    - 
      :metazone: Atlantic
  :America/Matamoros: 
    - 
      :metazone: America_Central
  :America/Mazatlan: 
    - 
      :metazone: America_Pacific
      :to: 1970-01-01 00:00:00 -08:00
    - 
      :from: 1970-01-01 00:00:00 -08:00
      :metazone: Mexico_Pacific
  :America/Mendoza: 
    - 
      :metazone: Argentina
      :to: 1990-03-03 18:00:00 -08:00
    - 
      :from: 1992-10-17 21:00:00 -07:00
      :metazone: Argentina
      :to: 2004-05-22 20:00:00 -07:00
    - 
      :from: 2004-09-25 21:00:00 -07:00
      :metazone: Argentina
  :America/Menominee: 
    - 
      :metazone: America_Eastern
      :to: 1973-04-28 23:00:00 -08:00
    - 
      :from: 1973-04-28 23:00:00 -08:00
      :metazone: America_Central
  :America/Merida: 
    - 
      :metazone: America_Central
      :to: 1981-12-22 22:00:00 -08:00
    - 
      :from: 1981-12-22 22:00:00 -08:00
      :metazone: America_Eastern
      :to: 1982-12-01 21:00:00 -08:00
    - 
      :from: 1982-12-01 21:00:00 -08:00
      :metazone: America_Central
  :America/Metlakatla: 
    - 
      :metazone: America_Pacific
      :to: 2015-11-01 02:00:00 -08:00
    - 
      :from: 2015-11-01 02:00:00 -08:00
      :metazone: Alaska
  :America/Mexico_City: 
    - 
      :metazone: America_Central
  :America/Miquelon: 
    - 
      :metazone: Atlantic
      :to: 1980-04-30 21:00:00 -07:00
    - 
      :from: 1980-04-30 21:00:00 -07:00
      :metazone: Pierre_Miquelon
  :America/Moncton: 
    - 
      :metazone: Atlantic
  :America/Monterrey: 
    - 
      :metazone: America_Central
  :America/Montevideo: 
    - 
      :metazone: Uruguay
  :America/Montserrat: 
    - 
      :metazone: Atlantic
  :America/Nassau: 
    - 
      :metazone: America_Eastern
  :America/New_York: 
    - 
      :metazone: America_Eastern
  :America/Nipigon: 
    - 
      :metazone: America_Eastern
  :America/Nome: 
    - 
      :metazone: Bering
      :to: 1983-10-30 04:00:00 -08:00
    - 
      :from: 1983-10-30 04:00:00 -08:00
      :metazone: Yukon
      :to: 1983-11-30 01:00:00 -08:00
    - 
      :from: 1983-11-30 01:00:00 -08:00
      :metazone: Alaska
  :America/Noronha: 
    - 
      :metazone: Noronha
  :America/North_Dakota/Beulah: 
    - 
      :metazone: America_Mountain
      :to: 2010-11-07 01:00:00 -07:00
    - 
      :from: 2010-11-07 01:00:00 -07:00
      :metazone: America_Central
  :America/North_Dakota/Center: 
    - 
      :metazone: America_Mountain
      :to: 1992-10-25 01:00:00 -07:00
    - 
      :from: 1992-10-25 01:00:00 -07:00
      :metazone: America_Central
  :America/North_Dakota/New_Salem: 
    - 
      :metazone: America_Mountain
      :to: 2003-10-26 01:00:00 -07:00
    - 
      :from: 2003-10-26 01:00:00 -07:00
      :metazone: America_Central
  :America/Ojinaga: 
    - 
      :metazone: America_Central
      :to: 1998-04-05 01:00:00 -08:00
    - 
      :from: 1998-04-05 01:00:00 -08:00
      :metazone: America_Mountain
  :America/Panama: 
    - 
      :metazone: America_Eastern
  :America/Pangnirtung: 
    - 
      :metazone: Atlantic
      :to: 1995-04-01 22:00:00 -08:00
    - 
      :from: 1995-04-01 22:00:00 -08:00
      :metazone: America_Eastern
      :to: 1999-10-30 23:00:00 -07:00
    - 
      :from: 1999-10-30 23:00:00 -07:00
      :metazone: America_Central
      :to: 2000-10-29 00:00:00 -07:00
    - 
      :from: 2000-10-29 00:00:00 -07:00
      :metazone: America_Eastern
  :America/Paramaribo: 
    - 
      :metazone: Dutch_Guiana
      :to: 1975-11-19 19:30:00 -08:00
    - 
      :from: 1975-11-19 19:30:00 -08:00
      :metazone: Suriname
  :America/Phoenix: 
    - 
      :metazone: America_Mountain
  :America/Port-au-Prince: 
    - 
      :metazone: America_Eastern
  :America/Port_of_Spain: 
    - 
      :metazone: Atlantic
  :America/Porto_Velho: 
    - 
      :metazone: Amazon
  :America/Puerto_Rico: 
    - 
      :metazone: Atlantic
  :America/Rainy_River: 
    - 
      :metazone: America_Central
  :America/Rankin_Inlet: 
    - 
      :metazone: America_Central
      :to: 2000-10-29 00:00:00 -07:00
    - 
      :from: 2000-10-29 00:00:00 -07:00
      :metazone: America_Eastern
      :to: 2001-04-01 00:00:00 -08:00
    - 
      :from: 2001-04-01 00:00:00 -08:00
      :metazone: America_Central
  :America/Recife: 
    - 
      :metazone: Brasilia
  :America/Regina: 
    - 
      :metazone: America_Central
  :America/Resolute: 
    - 
      :metazone: America_Central
      :to: 2000-10-29 00:00:00 -07:00
    - 
      :from: 2000-10-29 00:00:00 -07:00
      :metazone: America_Eastern
      :to: 2001-04-01 00:00:00 -08:00
    - 
      :from: 2001-04-01 00:00:00 -08:00
      :metazone: America_Central
      :to: 2006-10-29 00:00:00 -07:00
    - 
      :from: 2006-10-29 00:00:00 -07:00
      :metazone: America_Eastern
      :to: 2007-03-11 00:00:00 -08:00
    - 
      :from: 2007-03-11 00:00:00 -08:00
      :metazone: America_Central
  :America/Rio_Branco: 
    - 
      :metazone: Acre
      :to: 2008-06-23 22:00:00 -07:00
    - 
      :from: 2008-06-23 22:00:00 -07:00
      :metazone: Amazon
      :to: 2013-11-09 20:00:00 -08:00
    - 
      :from: 2013-11-09 20:00:00 -08:00
      :metazone: Acre
  :America/Santa_Isabel: 
    - 
      :metazone: Mexico_Northwest
  :America/Santarem: 
    - 
      :metazone: Amazon
      :to: 2008-06-23 21:00:00 -07:00
    - 
      :from: 2008-06-23 21:00:00 -07:00
      :metazone: Brasilia
  :America/Santiago: 
    - 
      :metazone: Chile
  :America/Santo_Domingo: 
    - 
      :metazone: Dominican
      :to: 1974-10-26 22:00:00 -07:00
    - 
      :from: 1974-10-26 22:00:00 -07:00
      :metazone: Atlantic
      :to: 2000-10-28 23:00:00 -07:00
    - 
      :from: 2000-10-28 23:00:00 -07:00
      :metazone: America_Eastern
      :to: 2000-12-02 22:00:00 -08:00
    - 
      :from: 2000-12-02 22:00:00 -08:00
      :metazone: Atlantic
  :America/Sao_Paulo: 
    - 
      :metazone: Brasilia
  :America/Scoresbysund: 
    - 
      :metazone: Greenland_Central
      :to: 1981-03-28 18:00:00 -08:00
    - 
      :from: 1981-03-28 18:00:00 -08:00
      :metazone: Greenland_Eastern
  :America/Sitka: 
    - 
      :metazone: America_Pacific
      :to: 1983-10-30 01:00:00 -08:00
    - 
      :from: 1983-10-30 01:00:00 -08:00
      :metazone: Yukon
      :to: 1983-11-30 01:00:00 -08:00
    - 
      :from: 1983-11-30 01:00:00 -08:00
      :metazone: Alaska
  :America/St_Barthelemy: 
    - 
      :metazone: Atlantic
  :America/St_Johns: 
    - 
      :metazone: Newfoundland
  :America/St_Kitts: 
    - 
      :metazone: Atlantic
  :America/St_Lucia: 
    - 
      :metazone: Atlantic
  :America/St_Thomas: 
    - 
      :metazone: Atlantic
  :America/St_Vincent: 
    - 
      :metazone: Atlantic
  :America/Swift_Current: 
    - 
      :metazone: America_Mountain
      :to: 1972-04-30 01:00:00 -08:00
    - 
      :from: 1972-04-30 01:00:00 -08:00
      :metazone: America_Central
  :America/Tegucigalpa: 
    - 
      :metazone: America_Central
  :America/Thule: 
    - 
      :metazone: Atlantic
  :America/Thunder_Bay: 
    - 
      :metazone: America_Eastern
  :America/Tijuana: 
    - 
      :metazone: America_Pacific
  :America/Toronto: 
    - 
      :metazone: America_Eastern
  :America/Tortola: 
    - 
      :metazone: Atlantic
  :America/Vancouver: 
    - 
      :metazone: America_Pacific
  :America/Whitehorse: 
    - 
      :metazone: America_Pacific
  :America/Winnipeg: 
    - 
      :metazone: America_Central
  :America/Yakutat: 
    - 
      :metazone: Yukon
      :to: 1983-11-30 01:00:00 -08:00
    - 
      :from: 1983-11-30 01:00:00 -08:00
      :metazone: Alaska
  :America/Yellowknife: 
    - 
      :metazone: America_Mountain
  :Antarctica/Casey: 
    - 
      :metazone: Australia_Western
      :to: 2009-10-17 11:00:00 -07:00
    - 
      :from: 2009-10-17 11:00:00 -07:00
      :metazone: Casey
      :to: 2010-03-04 07:00:00 -08:00
    - 
      :from: 2010-03-04 07:00:00 -08:00
      :metazone: Australia_Western
      :to: 2011-10-27 11:00:00 -07:00
    - 
      :from: 2011-10-27 11:00:00 -07:00
      :metazone: Casey
      :to: 2012-02-21 09:00:00 -08:00
    - 
      :from: 2012-02-21 09:00:00 -08:00
      :metazone: Australia_Western
  :Antarctica/Davis: 
    - 
      :metazone: Davis
  :Antarctica/DumontDUrville: 
    - 
      :metazone: DumontDUrville
  :Antarctica/Macquarie: 
    - 
      :metazone: Australia_Eastern
      :to: 2010-04-03 09:00:00 -07:00
    - 
      :from: 2010-04-03 09:00:00 -07:00
      :metazone: Macquarie
  :Antarctica/Mawson: 
    - 
      :metazone: Mawson
  :Antarctica/McMurdo: 
    - 
      :metazone: New_Zealand
  :Antarctica/Palmer: 
    - 
      :metazone: Argentina
      :to: 1982-04-30 20:00:00 -07:00
    - 
      :from: 1982-04-30 20:00:00 -07:00
      :metazone: Chile
  :Antarctica/Rothera: 
    - 
      :metazone: Rothera
  :Antarctica/Syowa: 
    - 
      :metazone: Syowa
  :Antarctica/Troll: 
    - 
      :metazone: GMT
  :Antarctica/Vostok: 
    - 
      :metazone: Vostok
  :Arctic/Longyearbyen: 
    - 
      :metazone: Europe_Central
  :Asia/Aden: 
    - 
      :metazone: Arabian
  :Asia/Almaty: 
    - 
      :metazone: Almaty
      :to: 2005-03-14 10:00:00 -08:00
    - 
      :from: 2005-03-14 10:00:00 -08:00
      :metazone: Kazakhstan_Eastern
  :Asia/Amman: 
    - 
      :metazone: Europe_Eastern
  :Asia/Anadyr: 
    - 
      :metazone: Anadyr
      :to: 2010-03-27 07:00:00 -07:00
    - 
      :from: 2010-03-27 07:00:00 -07:00
      :metazone: Magadan
  :Asia/Aqtau: 
    - 
      :metazone: Shevchenko
      :to: 1991-12-15 11:00:00 -08:00
    - 
      :from: 1991-12-15 11:00:00 -08:00
      :metazone: Aqtau
      :to: 2005-03-14 12:00:00 -08:00
    - 
      :from: 2005-03-14 12:00:00 -08:00
      :metazone: Kazakhstan_Western
  :Asia/Aqtobe: 
    - 
      :metazone: Aktyubinsk
      :to: 1991-12-15 11:00:00 -08:00
    - 
      :from: 1991-12-15 11:00:00 -08:00
      :metazone: Aqtobe
      :to: 2005-03-14 11:00:00 -08:00
    - 
      :from: 2005-03-14 11:00:00 -08:00
      :metazone: Kazakhstan_Western
  :Asia/Ashgabat: 
    - 
      :metazone: Ashkhabad
      :to: 1991-10-26 13:00:00 -07:00
    - 
      :from: 1991-10-26 13:00:00 -07:00
      :metazone: Turkmenistan
  :Asia/Baghdad: 
    - 
      :metazone: Arabian
  :Asia/Bahrain: 
    - 
      :metazone: Gulf
      :to: 1972-05-31 13:00:00 -07:00
    - 
      :from: 1972-05-31 13:00:00 -07:00
      :metazone: Arabian
  :Asia/Baku: 
    - 
      :metazone: Baku
      :to: 1991-08-29 13:00:00 -07:00
    - 
      :from: 1991-08-29 13:00:00 -07:00
      :metazone: Azerbaijan
  :Asia/Bangkok: 
    - 
      :metazone: Indochina
  :Asia/Beirut: 
    - 
      :metazone: Europe_Eastern
  :Asia/Bishkek: 
    - 
      :metazone: Frunze
      :to: 1991-08-30 13:00:00 -07:00
    - 
      :from: 1991-08-30 13:00:00 -07:00
      :metazone: Kyrgystan
  :Asia/Brunei: 
    - 
      :metazone: Brunei
  :Asia/Calcutta: 
    - 
      :metazone: India
  :Asia/Chita: 
    - 
      :metazone: Yakutsk
      :to: 2014-10-25 09:00:00 -07:00
    - 
      :from: 2014-10-25 09:00:00 -07:00
      :metazone: Irkutsk
      :to: 2016-03-26 11:00:00 -07:00
    - 
      :from: 2016-03-26 11:00:00 -07:00
      :metazone: Yakutsk
  :Asia/Choibalsan: 
    - 
      :metazone: Mongolia
      :to: 1983-03-31 08:00:00 -08:00
    - 
      :from: 1983-03-31 08:00:00 -08:00
      :metazone: Choibalsan
  :Asia/Colombo: 
    - 
      :metazone: India
      :to: 1996-05-24 11:30:00 -07:00
    - 
      :from: 1996-05-24 11:30:00 -07:00
      :metazone: Lanka
      :to: 2006-04-14 11:30:00 -07:00
    - 
      :from: 2006-04-14 11:30:00 -07:00
      :metazone: India
  :Asia/Damascus: 
    - 
      :metazone: Europe_Eastern
  :Asia/Dhaka: 
    - 
      :metazone: Dacca
      :to: 1971-03-25 10:00:00 -08:00
    - 
      :from: 1971-03-25 10:00:00 -08:00
      :metazone: Bangladesh
  :Asia/Dili: 
    - 
      :metazone: East_Timor
      :to: 1976-05-02 08:00:00 -07:00
    - 
      :from: 1976-05-02 08:00:00 -07:00
      :metazone: Indonesia_Central
      :to: 2000-09-16 09:00:00 -07:00
    - 
      :from: 2000-09-16 09:00:00 -07:00
      :metazone: East_Timor
  :Asia/Dubai: 
    - 
      :metazone: Gulf
  :Asia/Dushanbe: 
    - 
      :metazone: Dushanbe
      :to: 1991-09-08 14:00:00 -07:00
    - 
      :from: 1991-09-08 14:00:00 -07:00
      :metazone: Tajikistan
  :Asia/Gaza: 
    - 
      :metazone: Israel
      :to: 1995-12-31 14:00:00 -08:00
    - 
      :from: 1995-12-31 14:00:00 -08:00
      :metazone: Europe_Eastern
  :Asia/Hebron: 
    - 
      :metazone: Israel
      :to: 1995-12-31 14:00:00 -08:00
    - 
      :from: 1995-12-31 14:00:00 -08:00
      :metazone: Europe_Eastern
  :Asia/Hong_Kong: 
    - 
      :metazone: Hong_Kong
  :Asia/Hovd: 
    - 
      :metazone: Hovd
  :Asia/Irkutsk: 
    - 
      :metazone: Irkutsk
  :Asia/Jakarta: 
    - 
      :metazone: Indonesia_Western
  :Asia/Jayapura: 
    - 
      :metazone: Indonesia_Eastern
  :Asia/Jerusalem: 
    - 
      :metazone: Israel
  :Asia/Kabul: 
    - 
      :metazone: Afghanistan
  :Asia/Kamchatka: 
    - 
      :metazone: Kamchatka
  :Asia/Karachi: 
    - 
      :metazone: Karachi
      :to: 1971-03-25 11:00:00 -08:00
    - 
      :from: 1971-03-25 11:00:00 -08:00
      :metazone: Pakistan
  :Asia/Katmandu: 
    - 
      :metazone: Nepal
  :Asia/Khandyga: 
    - 
      :metazone: Yakutsk
      :to: 2003-12-31 07:00:00 -08:00
    - 
      :from: 2003-12-31 07:00:00 -08:00
      :metazone: Vladivostok
      :to: 2011-09-12 06:00:00 -07:00
    - 
      :from: 2011-09-12 06:00:00 -07:00
      :metazone: Yakutsk
  :Asia/Krasnoyarsk: 
    - 
      :metazone: Krasnoyarsk
  :Asia/Kuala_Lumpur: 
    - 
      :metazone: Malaya
      :to: 1981-12-31 08:30:00 -08:00
    - 
      :from: 1981-12-31 08:30:00 -08:00
      :metazone: Malaysia
  :Asia/Kuching: 
    - 
      :metazone: Borneo
      :to: 1981-12-31 08:00:00 -08:00
    - 
      :from: 1981-12-31 08:00:00 -08:00
      :metazone: Malaysia
  :Asia/Kuwait: 
    - 
      :metazone: Arabian
  :Asia/Macau: 
    - 
      :metazone: Macau
      :to: 1999-12-19 08:00:00 -08:00
    - 
      :from: 1999-12-19 08:00:00 -08:00
      :metazone: China
  :Asia/Magadan: 
    - 
      :metazone: Magadan
  :Asia/Makassar: 
    - 
      :metazone: Indonesia_Central
  :Asia/Manila: 
    - 
      :metazone: Philippines
  :Asia/Muscat: 
    - 
      :metazone: Gulf
  :Asia/Nicosia: 
    - 
      :metazone: Europe_Eastern
  :Asia/Novokuznetsk: 
    - 
      :metazone: Krasnoyarsk
      :to: 2010-03-27 12:00:00 -07:00
    - 
      :from: 2010-03-27 12:00:00 -07:00
      :metazone: Novosibirsk
      :to: 2014-10-25 12:00:00 -07:00
    - 
      :from: 2014-10-25 12:00:00 -07:00
      :metazone: Krasnoyarsk
  :Asia/Novosibirsk: 
    - 
      :metazone: Novosibirsk
  :Asia/Omsk: 
    - 
      :metazone: Omsk
  :Asia/Oral: 
    - 
      :metazone: Uralsk
      :to: 1991-12-15 12:00:00 -08:00
    - 
      :from: 1991-12-15 12:00:00 -08:00
      :metazone: Oral
      :to: 2005-03-14 12:00:00 -08:00
    - 
      :from: 2005-03-14 12:00:00 -08:00
      :metazone: Kazakhstan_Western
  :Asia/Phnom_Penh: 
    - 
      :metazone: Indochina
  :Asia/Pontianak: 
    - 
      :metazone: Indonesia_Central
      :to: 1987-12-31 08:00:00 -08:00
    - 
      :from: 1987-12-31 08:00:00 -08:00
      :metazone: Indonesia_Western
  :Asia/Pyongyang: 
    - 
      :metazone: Korea
      :to: 2015-08-14 08:00:00 -07:00
    - 
      :from: 2015-08-14 08:00:00 -07:00
      :metazone: Pyongyang
  :Asia/Qatar: 
    - 
      :metazone: Gulf
      :to: 1972-05-31 13:00:00 -07:00
    - 
      :from: 1972-05-31 13:00:00 -07:00
      :metazone: Arabian
  :Asia/Qyzylorda: 
    - 
      :metazone: Kizilorda
      :to: 1991-12-15 11:00:00 -08:00
    - 
      :from: 1991-12-15 11:00:00 -08:00
      :metazone: Qyzylorda
      :to: 2005-03-14 10:00:00 -08:00
    - 
      :from: 2005-03-14 10:00:00 -08:00
      :metazone: Kazakhstan_Eastern
  :Asia/Rangoon: 
    - 
      :metazone: Myanmar
  :Asia/Riyadh: 
    - 
      :metazone: Arabian
  :Asia/Saigon: 
    - 
      :from: 1975-06-12 09:00:00 -07:00
      :metazone: Indochina
  :Asia/Sakhalin: 
    - 
      :metazone: Sakhalin
  :Asia/Samarkand: 
    - 
      :metazone: Samarkand
      :to: 1981-09-30 11:00:00 -07:00
    - 
      :from: 1981-09-30 11:00:00 -07:00
      :metazone: Tashkent
      :to: 1982-03-31 10:00:00 -08:00
    - 
      :from: 1982-03-31 10:00:00 -08:00
      :metazone: Samarkand
      :to: 1991-08-31 11:00:00 -07:00
    - 
      :from: 1991-08-31 11:00:00 -07:00
      :metazone: Uzbekistan
  :Asia/Seoul: 
    - 
      :metazone: Korea
  :Asia/Shanghai: 
    - 
      :metazone: China
  :Asia/Singapore: 
    - 
      :metazone: Singapore
  :Asia/Srednekolymsk: 
    - 
      :metazone: Magadan
      :to: 2014-10-25 07:00:00 -07:00
  :Asia/Taipei: 
    - 
      :metazone: Taipei
  :Asia/Tashkent: 
    - 
      :metazone: Tashkent
      :to: 1991-08-31 11:00:00 -07:00
    - 
      :from: 1991-08-31 11:00:00 -07:00
      :metazone: Uzbekistan
  :Asia/Tbilisi: 
    - 
      :metazone: Tbilisi
      :to: 1991-04-08 13:00:00 -07:00
    - 
      :from: 1991-04-08 13:00:00 -07:00
      :metazone: Georgia
  :Asia/Tehran: 
    - 
      :metazone: Iran
  :Asia/Thimphu: 
    - 
      :metazone: India
      :to: 1987-09-30 11:30:00 -07:00
    - 
      :from: 1987-09-30 11:30:00 -07:00
      :metazone: Bhutan
  :Asia/Tokyo: 
    - 
      :metazone: Japan
  :Asia/Ulaanbaatar: 
    - 
      :metazone: Mongolia
  :Asia/Urumqi: 
    - 
      :metazone: Urumqi
  :Asia/Ust-Nera: 
    - 
      :metazone: Yakutsk
      :to: 1981-03-31 07:00:00 -08:00
    - 
      :from: 1981-03-31 07:00:00 -08:00
      :metazone: Magadan
      :to: 2011-09-12 05:00:00 -07:00
    - 
      :from: 2011-09-12 05:00:00 -07:00
      :metazone: Vladivostok
  :Asia/Vientiane: 
    - 
      :metazone: Indochina
  :Asia/Vladivostok: 
    - 
      :metazone: Vladivostok
  :Asia/Yakutsk: 
    - 
      :metazone: Yakutsk
  :Asia/Yekaterinburg: 
    - 
      :metazone: Sverdlovsk
      :to: 1992-01-18 14:00:00 -08:00
    - 
      :from: 1992-01-18 14:00:00 -08:00
      :metazone: Yekaterinburg
  :Asia/Yerevan: 
    - 
      :metazone: Yerevan
      :to: 1991-09-22 13:00:00 -07:00
    - 
      :from: 1991-09-22 13:00:00 -07:00
      :metazone: Armenia
  :Atlantic/Azores: 
    - 
      :metazone: Azores
      :to: 1992-09-26 19:00:00 -07:00
    - 
      :from: 1992-09-26 19:00:00 -07:00
      :metazone: Europe_Western
      :to: 1993-03-27 17:00:00 -08:00
    - 
      :from: 1993-03-27 17:00:00 -08:00
      :metazone: Azores
  :Atlantic/Bermuda: 
    - 
      :metazone: Atlantic
  :Atlantic/Canary: 
    - 
      :metazone: Europe_Western
  :Atlantic/Cape_Verde: 
    - 
      :metazone: Cape_Verde
  :Atlantic/Faeroe: 
    - 
      :metazone: Europe_Western
  :Atlantic/Madeira: 
    - 
      :metazone: Europe_Western
  :Atlantic/Reykjavik: 
    - 
      :metazone: GMT
  :Atlantic/South_Georgia: 
    - 
      :metazone: South_Georgia
  :Atlantic/St_Helena: 
    - 
      :metazone: GMT
  :Atlantic/Stanley: 
    - 
      :metazone: Falkland
  :Australia/Adelaide: 
    - 
      :metazone: Australia_Central
  :Australia/Brisbane: 
    - 
      :metazone: Australia_Eastern
  :Australia/Broken_Hill: 
    - 
      :metazone: Australia_Central
  :Australia/Currie: 
    - 
      :metazone: Australia_Eastern
  :Australia/Darwin: 
    - 
      :metazone: Australia_Central
  :Australia/Eucla: 
    - 
      :metazone: Australia_CentralWestern
  :Australia/Hobart: 
    - 
      :metazone: Australia_Eastern
  :Australia/Lindeman: 
    - 
      :metazone: Australia_Eastern
  :Australia/Lord_Howe: 
    - 
      :metazone: Australia_Eastern
      :to: 1981-02-28 06:00:00 -08:00
    - 
      :from: 1981-02-28 06:00:00 -08:00
      :metazone: Lord_Howe
  :Australia/Melbourne: 
    - 
      :metazone: Australia_Eastern
  :Australia/Perth: 
    - 
      :metazone: Australia_Western
  :Australia/Sydney: 
    - 
      :metazone: Australia_Eastern
  :CST6CDT: 
    - 
      :metazone: America_Central
  :EST5EDT: 
    - 
      :metazone: America_Eastern
  :Europe/Amsterdam: 
    - 
      :metazone: Europe_Central
  :Europe/Andorra: 
    - 
      :metazone: Europe_Central
  :Europe/Athens: 
    - 
      :metazone: Europe_Eastern
  :Europe/Belgrade: 
    - 
      :metazone: Europe_Central
  :Europe/Berlin: 
    - 
      :metazone: Europe_Central
  :Europe/Bratislava: 
    - 
      :metazone: Europe_Central
  :Europe/Brussels: 
    - 
      :metazone: Europe_Central
  :Europe/Bucharest: 
    - 
      :metazone: Europe_Eastern
  :Europe/Budapest: 
    - 
      :metazone: Europe_Central
  :Europe/Busingen: 
    - 
      :metazone: Europe_Central
  :Europe/Chisinau: 
    - 
      :metazone: Moscow
      :to: 1990-05-05 14:00:00 -07:00
    - 
      :from: 1990-05-05 14:00:00 -07:00
      :metazone: Europe_Eastern
  :Europe/Copenhagen: 
    - 
      :metazone: Europe_Central
  :Europe/Dublin: 
    - 
      :metazone: Irish
      :to: 1971-10-30 19:00:00 -07:00
    - 
      :from: 1971-10-30 19:00:00 -07:00
      :metazone: GMT
  :Europe/Gibraltar: 
    - 
      :metazone: Europe_Central
  :Europe/Guernsey: 
    - 
      :metazone: British
      :to: 1971-10-30 19:00:00 -07:00
    - 
      :from: 1971-10-30 19:00:00 -07:00
      :metazone: GMT
  :Europe/Helsinki: 
    - 
      :metazone: Europe_Eastern
  :Europe/Isle_of_Man: 
    - 
      :metazone: British
      :to: 1971-10-30 19:00:00 -07:00
    - 
      :from: 1971-10-30 19:00:00 -07:00
      :metazone: GMT
  :Europe/Istanbul: 
    - 
      :metazone: Europe_Eastern
      :to: 1978-10-14 14:00:00 -07:00
    - 
      :from: 1978-10-14 14:00:00 -07:00
      :metazone: Turkey
      :to: 1985-04-19 13:00:00 -08:00
    - 
      :from: 1985-04-19 13:00:00 -08:00
      :metazone: Europe_Eastern
  :Europe/Jersey: 
    - 
      :metazone: British
      :to: 1971-10-30 19:00:00 -07:00
    - 
      :from: 1971-10-30 19:00:00 -07:00
      :metazone: GMT
  :Europe/Kaliningrad: 
    - 
      :metazone: Moscow
      :to: 1991-03-30 15:00:00 -08:00
    - 
      :from: 1991-03-30 15:00:00 -08:00
      :metazone: Europe_Eastern
      :to: 2011-03-26 17:00:00 -07:00
    - 
      :from: 2011-03-26 17:00:00 -07:00
      :metazone: Europe_Further_Eastern
      :to: 2014-10-25 16:00:00 -07:00
    - 
      :from: 2014-10-25 16:00:00 -07:00
      :metazone: Europe_Eastern
  :Europe/Kiev: 
    - 
      :metazone: Moscow
      :to: 1990-06-30 15:00:00 -07:00
    - 
      :from: 1990-06-30 15:00:00 -07:00
      :metazone: Europe_Eastern
  :Europe/Lisbon: 
    - 
      :metazone: Europe_Central
      :to: 1976-09-25 17:00:00 -07:00
    - 
      :from: 1976-09-25 17:00:00 -07:00
      :metazone: Europe_Western
      :to: 1992-09-26 18:00:00 -07:00
    - 
      :from: 1992-09-26 18:00:00 -07:00
      :metazone: Europe_Central
      :to: 1996-03-30 17:00:00 -08:00
    - 
      :from: 1996-03-30 17:00:00 -08:00
      :metazone: Europe_Western
  :Europe/Ljubljana: 
    - 
      :metazone: Europe_Central
  :Europe/London: 
    - 
      :metazone: British
      :to: 1971-10-30 19:00:00 -07:00
    - 
      :from: 1971-10-30 19:00:00 -07:00
      :metazone: GMT
  :Europe/Luxembourg: 
    - 
      :metazone: Europe_Central
  :Europe/Madrid: 
    - 
      :metazone: Europe_Central
  :Europe/Malta: 
    - 
      :metazone: Europe_Central
  :Europe/Mariehamn: 
    - 
      :metazone: Europe_Eastern
  :Europe/Minsk: 
    - 
      :metazone: Moscow
      :to: 1991-03-30 15:00:00 -08:00
    - 
      :from: 1991-03-30 15:00:00 -08:00
      :metazone: Europe_Eastern
      :to: 2011-03-26 17:00:00 -07:00
    - 
      :from: 2011-03-26 17:00:00 -07:00
      :metazone: Europe_Further_Eastern
  :Europe/Monaco: 
    - 
      :metazone: Europe_Central
  :Europe/Moscow: 
    - 
      :metazone: Moscow
      :to: 1991-03-30 15:00:00 -08:00
    - 
      :from: 1991-03-30 15:00:00 -08:00
      :metazone: Europe_Eastern
      :to: 1992-01-18 16:00:00 -08:00
    - 
      :from: 1992-01-18 16:00:00 -08:00
      :metazone: Moscow
  :Europe/Oslo: 
    - 
      :metazone: Europe_Central
  :Europe/Paris: 
    - 
      :metazone: Europe_Central
  :Europe/Podgorica: 
    - 
      :metazone: Europe_Central
  :Europe/Prague: 
    - 
      :metazone: Europe_Central
  :Europe/Riga: 
    - 
      :metazone: Moscow
      :to: 1989-03-25 15:00:00 -08:00
    - 
      :from: 1989-03-25 15:00:00 -08:00
      :metazone: Europe_Eastern
  :Europe/Rome: 
    - 
      :metazone: Europe_Central
  :Europe/Samara: 
    - 
      :metazone: Kuybyshev
      :to: 1989-03-25 14:00:00 -08:00
    - 
      :from: 1989-03-25 14:00:00 -08:00
      :metazone: Moscow
      :to: 1991-03-30 15:00:00 -08:00
    - 
      :from: 1991-03-30 15:00:00 -08:00
      :metazone: Europe_Eastern
      :to: 1991-09-28 17:00:00 -07:00
    - 
      :from: 1991-09-28 17:00:00 -07:00
      :metazone: Kuybyshev
      :to: 1991-10-19 17:00:00 -07:00
    - 
      :from: 1991-10-19 17:00:00 -07:00
      :metazone: Samara
  :Europe/San_Marino: 
    - 
      :metazone: Europe_Central
  :Europe/Sarajevo: 
    - 
      :metazone: Europe_Central
  :Europe/Simferopol: 
    - 
      :metazone: Moscow
      :to: 1990-06-30 16:00:00 -07:00
    - 
      :from: 1990-06-30 16:00:00 -07:00
      :metazone: Europe_Eastern
      :to: 1994-04-30 14:00:00 -07:00
    - 
      :from: 1994-04-30 14:00:00 -07:00
      :metazone: Moscow
      :to: 1997-03-29 17:00:00 -08:00
    - 
      :from: 1997-03-29 17:00:00 -08:00
      :metazone: Europe_Eastern
      :to: 2014-03-29 17:00:00 -07:00
    - 
      :from: 2014-03-29 17:00:00 -07:00
      :metazone: Moscow
  :Europe/Skopje: 
    - 
      :metazone: Europe_Central
  :Europe/Sofia: 
    - 
      :metazone: Europe_Eastern
  :Europe/Stockholm: 
    - 
      :metazone: Europe_Central
  :Europe/Tallinn: 
    - 
      :metazone: Moscow
      :to: 1989-03-25 15:00:00 -08:00
    - 
      :from: 1989-03-25 15:00:00 -08:00
      :metazone: Europe_Eastern
  :Europe/Tirane: 
    - 
      :metazone: Europe_Central
  :Europe/Uzhgorod: 
    - 
      :metazone: Moscow
      :to: 1990-06-30 16:00:00 -07:00
    - 
      :from: 1990-06-30 16:00:00 -07:00
      :metazone: Europe_Central
      :to: 1991-03-30 18:00:00 -08:00
    - 
      :from: 1991-03-30 18:00:00 -08:00
      :metazone: Europe_Eastern
  :Europe/Vaduz: 
    - 
      :metazone: Europe_Central
  :Europe/Vatican: 
    - 
      :metazone: Europe_Central
  :Europe/Vienna: 
    - 
      :metazone: Europe_Central
  :Europe/Vilnius: 
    - 
      :metazone: Moscow
      :to: 1991-03-30 15:00:00 -08:00
    - 
      :from: 1991-03-30 15:00:00 -08:00
      :metazone: Europe_Eastern
      :to: 1998-03-28 17:00:00 -08:00
    - 
      :from: 1998-03-28 17:00:00 -08:00
      :metazone: Europe_Central
      :to: 1999-10-30 18:00:00 -07:00
    - 
      :from: 1999-10-30 18:00:00 -07:00
      :metazone: Europe_Eastern
  :Europe/Volgograd: 
    - 
      :metazone: Volgograd
      :to: 1992-03-28 14:00:00 -08:00
    - 
      :from: 1992-03-28 14:00:00 -08:00
      :metazone: Moscow
  :Europe/Warsaw: 
    - 
      :metazone: Europe_Central
  :Europe/Zagreb: 
    - 
      :metazone: Europe_Central
  :Europe/Zaporozhye: 
    - 
      :metazone: Moscow
      :to: 1991-03-30 15:00:00 -08:00
    - 
      :from: 1991-03-30 15:00:00 -08:00
      :metazone: Europe_Eastern
  :Europe/Zurich: 
    - 
      :metazone: Europe_Central
  :Indian/Antananarivo: 
    - 
      :metazone: Africa_Eastern
  :Indian/Chagos: 
    - 
      :metazone: Indian_Ocean
  :Indian/Christmas: 
    - 
      :metazone: Christmas
  :Indian/Cocos: 
    - 
      :metazone: Cocos
  :Indian/Comoro: 
    - 
      :metazone: Africa_Eastern
  :Indian/Kerguelen: 
    - 
      :metazone: French_Southern
  :Indian/Mahe: 
    - 
      :metazone: Seychelles
  :Indian/Maldives: 
    - 
      :metazone: Maldives
  :Indian/Mauritius: 
    - 
      :metazone: Mauritius
  :Indian/Mayotte: 
    - 
      :metazone: Africa_Eastern
  :Indian/Reunion: 
    - 
      :metazone: Reunion
  :MST7MDT: 
    - 
      :metazone: America_Mountain
  :PST8PDT: 
    - 
      :metazone: America_Pacific
  :Pacific/Apia: 
    - 
      :metazone: Apia
  :Pacific/Auckland: 
    - 
      :metazone: New_Zealand
  :Pacific/Bougainville: 
    - 
      :metazone: Papua_New_Guinea
      :to: 2014-12-27 08:00:00 -08:00
  :Pacific/Chatham: 
    - 
      :metazone: Chatham
  :Pacific/Easter: 
    - 
      :metazone: Easter
  :Pacific/Efate: 
    - 
      :metazone: Vanuatu
  :Pacific/Enderbury: 
    - 
      :metazone: Phoenix_Islands
  :Pacific/Fakaofo: 
    - 
      :metazone: Tokelau
  :Pacific/Fiji: 
    - 
      :metazone: Fiji
  :Pacific/Funafuti: 
    - 
      :metazone: Tuvalu
  :Pacific/Galapagos: 
    - 
      :metazone: Ecuador
      :to: 1985-12-31 21:00:00 -08:00
    - 
      :from: 1985-12-31 21:00:00 -08:00
      :metazone: Galapagos
  :Pacific/Gambier: 
    - 
      :metazone: Gambier
  :Pacific/Guadalcanal: 
    - 
      :metazone: Solomon
  :Pacific/Guam: 
    - 
      :metazone: Guam
      :to: 2000-12-22 06:00:00 -08:00
    - 
      :from: 2000-12-22 06:00:00 -08:00
      :metazone: Chamorro
  :Pacific/Honolulu: 
    - 
      :metazone: Alaska_Hawaii
      :to: 1983-10-30 03:00:00 -08:00
    - 
      :from: 1983-10-30 03:00:00 -08:00
      :metazone: Hawaii_Aleutian
  :Pacific/Johnston: 
    - 
      :metazone: Alaska_Hawaii
      :to: 1983-10-30 03:00:00 -08:00
    - 
      :from: 1983-10-30 03:00:00 -08:00
      :metazone: Hawaii_Aleutian
  :Pacific/Kiritimati: 
    - 
      :metazone: Line_Islands
  :Pacific/Kosrae: 
    - 
      :metazone: Kosrae
  :Pacific/Kwajalein: 
    - 
      :metazone: Kwajalein
      :to: 1993-08-20 05:00:00 -07:00
    - 
      :from: 1993-08-20 05:00:00 -07:00
      :metazone: Marshall_Islands
  :Pacific/Majuro: 
    - 
      :metazone: Marshall_Islands
  :Pacific/Marquesas: 
    - 
      :metazone: Marquesas
  :Pacific/Midway: 
    - 
      :metazone: Bering
      :to: 1983-10-30 04:00:00 -08:00
    - 
      :from: 1983-10-30 04:00:00 -08:00
      :metazone: Samoa
  :Pacific/Nauru: 
    - 
      :metazone: Nauru
  :Pacific/Niue: 
    - 
      :metazone: Niue
  :Pacific/Norfolk: 
    - 
      :metazone: Norfolk
  :Pacific/Noumea: 
    - 
      :metazone: New_Caledonia
  :Pacific/Pago_Pago: 
    - 
      :metazone: Bering
      :to: 1983-10-30 04:00:00 -08:00
    - 
      :from: 1983-10-30 04:00:00 -08:00
      :metazone: Samoa
  :Pacific/Palau: 
    - 
      :metazone: Palau
  :Pacific/Pitcairn: 
    - 
      :metazone: Pitcairn
  :Pacific/Ponape: 
    - 
      :metazone: Ponape
  :Pacific/Port_Moresby: 
    - 
      :metazone: Papua_New_Guinea
  :Pacific/Rarotonga: 
    - 
      :metazone: Cook
  :Pacific/Saipan: 
    - 
      :metazone: North_Mariana
      :to: 2000-12-22 06:00:00 -08:00
    - 
      :from: 2000-12-22 06:00:00 -08:00
      :metazone: Chamorro
  :Pacific/Tahiti: 
    - 
      :metazone: Tahiti
  :Pacific/Tarawa: 
    - 
      :metazone: Gilbert_Islands
  :Pacific/Tongatapu: 
    - 
      :metazone: Tonga
  :Pacific/Truk: 
    - 
      :metazone: Truk
  :Pacific/Wake: 
    - 
      :metazone: Wake
  :Pacific/Wallis: 
    - 
      :metazone: Wallis
