--- 
:is: 
  :formats: 
    :fallback_formats: 
      :generic: "{1} ({0})"
    :gmt_formats: 
      :generic: "GMT{0}"
    :gmt_zero_formats: 
      :generic: GMT
    :hour_formats: 
      :generic: "+HH:mm;-HH:mm"
    :region_formats: 
      :daylight: "{0} (sumartími)"
      :generic: "{0}"
      :standard: "{0} (staðaltími)"
  :metazones: 
    :Afghanistan: 
      :long: 
        :standard: Afganistantími
    :Africa_Central: 
      :long: 
        :standard: Mið-Afríkutími
    :Africa_Eastern: 
      :long: 
        :standard: Austur-Afríkutími
    :Africa_Southern: 
      :long: 
        :standard: Suður-Afríkutími
    :Africa_Western: 
      :long: 
        :daylight: "Sumartími í Vestur-Afríku"
        :generic: Vestur-Afríkutími
        :standard: "Staðaltími í Vestur-Afríku"
    :Alaska: 
      :long: 
        :daylight: "Sumartími í Alaska"
        :generic: "Tími í Alaska"
        :standard: "Staðaltími í Alaska"
    :Amazon: 
      :long: 
        :daylight: "Sumartími á Amasónsvæðinu"
        :generic: Amasóntími
        :standard: "Staðaltími á Amasónsvæðinu"
    :America_Central: 
      :long: 
        :daylight: "Sumartími í miðhluta Bandaríkjanna og Kanada"
        :generic: "Tími í miðhluta Bandaríkjanna og Kanada"
        :standard: "Staðaltími í miðhluta Bandaríkjanna og Kanada"
    :America_Eastern: 
      :long: 
        :daylight: "Sumartími í austurhluta Bandaríkjanna og Kanada"
        :generic: "Tími í austurhluta Bandaríkjanna og Kanada"
        :standard: "Staðaltími í austurhluta Bandaríkjanna og Kanada"
    :America_Mountain: 
      :long: 
        :daylight: "Sumartími í Klettafjöllum"
        :generic: "Tími í Klettafjöllum"
        :standard: "Staðaltími í Klettafjöllum"
    :America_Pacific: 
      :long: 
        :daylight: "Sumartími á Kyrrahafssvæðinu"
        :generic: "Tími á Kyrrahafssvæðinu"
        :standard: "Staðaltími á Kyrrahafssvæðinu"
    :Anadyr: 
      :long: 
        :daylight: "Sumartími í Anadyr"
        :generic: "Tími í Anadyr"
        :standard: "Staðaltími í Anadyr"
    :Apia: 
      :long: 
        :daylight: "Sumartími í Apía"
        :generic: "Tími í Apía"
        :standard: "Staðaltími í Apía"
    :Arabian: 
      :long: 
        :daylight: "Sumartími í Arabíu"
        :generic: Arabíutími
        :standard: "Staðaltími í Arabíu"
    :Argentina: 
      :long: 
        :daylight: "Sumartími í Argentínu"
        :generic: Argentínutími
        :standard: "Staðaltími í Argentínu"
    :Argentina_Western: 
      :long: 
        :daylight: "Sumartími í Vestur-Argentínu"
        :generic: Vestur-Argentínutími
        :standard: "Staðaltími í Vestur-Argentínu"
    :Armenia: 
      :long: 
        :daylight: "Sumartími í Armeníu"
        :generic: Armeníutími
        :standard: "Staðaltími í Armeníu"
    :Atlantic: 
      :long: 
        :daylight: "Sumartími á Atlantshafssvæðinu"
        :generic: "Tími á Atlantshafssvæðinu"
        :standard: "Staðaltími á Atlantshafssvæðinu"
    :Australia_Central: 
      :long: 
        :daylight: "Sumartími í Mið-Ástralíu"
        :generic: "Tími í Mið-Ástralíu"
        :standard: "Staðaltími í Mið-Ástralíu"
    :Australia_CentralWestern: 
      :long: 
        :daylight: "Sumartími í miðvesturhluta Ástralíu"
        :generic: "Tími í miðvesturhluta Ástralíu"
        :standard: "Staðaltími í miðvesturhluta Ástralíu"
    :Australia_Eastern: 
      :long: 
        :daylight: "Sumartími í Austur-Ástralíu"
        :generic: "Tími í Austur-Ástralíu"
        :standard: "Staðaltími í Austur-Ástralíu"
    :Australia_Western: 
      :long: 
        :daylight: "Sumartími í Vestur-Ástralíu"
        :generic: "Tími í Vestur-Ástralíu"
        :standard: "Staðaltími í Vestur-Ástralíu"
    :Azerbaijan: 
      :long: 
        :daylight: "Sumartími í Aserbaídsjan"
        :generic: Aserbaídsjantími
        :standard: "Staðaltími í Aserbaídsjan"
    :Azores: 
      :long: 
        :daylight: "Sumartími á Asóreyjum"
        :generic: Asóreyjatími
        :standard: "Staðaltími á Asóreyjum"
    :Bangladesh: 
      :long: 
        :daylight: "Sumartími í Bangladess"
        :generic: Bangladess-tími
        :standard: "Staðaltími í Bangladess"
    :Bhutan: 
      :long: 
        :standard: Bútantími
    :Bolivia: 
      :long: 
        :standard: Bólivíutími
    :Brasilia: 
      :long: 
        :daylight: "Sumartími í Brasilíu"
        :generic: Brasilíutími
        :standard: "Staðaltími í Brasilíu"
    :Brunei: 
      :long: 
        :standard: Brúneitími
    :Cape_Verde: 
      :long: 
        :daylight: "Sumartími á Grænhöfðaeyjum"
        :generic: Grænhöfðaeyjatími
        :standard: "Staðaltími á Grænhöfðaeyjum"
    :Chamorro: 
      :long: 
        :standard: Chamorro-staðaltími
    :Chatham: 
      :long: 
        :daylight: "Sumartími í Chatham"
        :generic: Chatham-tími
        :standard: "Staðaltími í Chatham"
    :Chile: 
      :long: 
        :daylight: "Sumartími í Síle"
        :generic: Síletími
        :standard: "Staðaltími í Síle"
    :China: 
      :long: 
        :daylight: "Sumartími í Kína"
        :generic: Kínatími
        :standard: "Staðaltími í Kína"
    :Choibalsan: 
      :long: 
        :daylight: "Sumartími í Choibalsan"
        :generic: "Tími í Choibalsan"
        :standard: "Staðaltími í Choibalsan"
    :Christmas: 
      :long: 
        :standard: Jólaeyjartími
    :Cocos: 
      :long: 
        :standard: Kókoseyjatími
    :Colombia: 
      :long: 
        :daylight: "Sumartími í Kólumbíu"
        :generic: Kólumbíutími
        :standard: "Staðaltími í Kólumbíu"
    :Cook: 
      :long: 
        :daylight: "Hálfsumartími á Cooks-eyjum"
        :generic: Cooks-eyjatími
        :standard: "Staðaltími á Cooks-eyjum"
    :Cuba: 
      :long: 
        :daylight: "Sumartími á Kúbu"
        :generic: Kúbutími
        :standard: "Staðaltími á Kúbu"
    :Davis: 
      :long: 
        :standard: Davis-tími
    :DumontDUrville: 
      :long: 
        :standard: "Tími á Dumont-d’Urville"
    :East_Timor: 
      :long: 
        :standard: "Tíminn á Tímor-Leste"
    :Easter: 
      :long: 
        :daylight: "Sumartími á Páskaeyju"
        :generic: Páskaeyjutími
        :standard: "Staðaltími á Páskaeyju"
    :Ecuador: 
      :long: 
        :standard: Ekvadortími
    :Europe_Central: 
      :long: 
        :daylight: "Sumartími í Mið-Evrópu"
        :generic: Mið-Evróputími
        :standard: "Staðaltími í Mið-Evrópu"
    :Europe_Eastern: 
      :long: 
        :daylight: "Sumartími í Austur-Evrópu"
        :generic: Austur-Evróputími
        :standard: "Staðaltími í Austur-Evrópu"
    :Europe_Further_Eastern: 
      :long: 
        :standard: "Staðartími Kalíníngrad"
    :Europe_Western: 
      :long: 
        :daylight: "Sumartími í Vestur-Evrópu"
        :generic: Vestur-Evróputími
        :standard: "Staðaltími í Vestur-Evrópu"
    :Falkland: 
      :long: 
        :daylight: "Sumartími á Falklandseyjum"
        :generic: Falklandseyjatími
        :standard: "Staðaltími á Falklandseyjum"
    :Fiji: 
      :long: 
        :daylight: "Sumartími á Fídjíeyjum"
        :generic: Fídjíeyjatími
        :standard: "Staðaltími á Fídjíeyjum"
    :French_Guiana: 
      :long: 
        :standard: "Tími í Frönsku Gvæjana"
    :French_Southern: 
      :long: 
        :standard: "Tími á frönsku suðurhafssvæðum og Suðurskautslandssvæði"
    :GMT: 
      :long: 
        :standard: Greenwich-staðaltími
    :Galapagos: 
      :long: 
        :standard: Galapagos-tími
    :Gambier: 
      :long: 
        :standard: Gambier-tími
    :Georgia: 
      :long: 
        :daylight: "Sumartími í Georgíu"
        :generic: Georgíutími
        :standard: "Staðaltími í Georgíu"
    :Gilbert_Islands: 
      :long: 
        :standard: "Tími á Gilbert-eyjum"
    :Greenland_Eastern: 
      :long: 
        :daylight: "Sumartími á Austur-Grænlandi"
        :generic: Austur-Grænlandstími
        :standard: "Staðaltími á Austur-Grænlandi"
    :Greenland_Western: 
      :long: 
        :daylight: "Sumartími á Vestur-Grænlandi"
        :generic: Vestur-Grænlandstími
        :standard: "Staðaltími á Vestur-Grænlandi"
    :Gulf: 
      :long: 
        :standard: "Staðaltími við Persaflóa"
    :Guyana: 
      :long: 
        :standard: Gvæjanatími
    :Hawaii_Aleutian: 
      :long: 
        :daylight: "Sumartími á Havaí og Aleúta"
        :generic: "Tími á Havaí og Aleúta"
        :standard: "Staðaltími á Havaí og Aleúta"
    :Hong_Kong: 
      :long: 
        :daylight: "Sumartími í Hong Kong"
        :generic: "Hong Kong-tími"
        :standard: "Staðaltími í Hong Kong"
    :Hovd: 
      :long: 
        :daylight: "Sumartími í Hovd"
        :generic: Hovd-tími
        :standard: "Staðaltími í Hovd"
    :India: 
      :long: 
        :standard: Indlandstími
    :Indian_Ocean: 
      :long: 
        :standard: Indlandshafstími
    :Indochina: 
      :long: 
        :standard: Indókínatími
    :Indonesia_Central: 
      :long: 
        :standard: Mið-Indónesíutími
    :Indonesia_Eastern: 
      :long: 
        :standard: Austur-Indónesíutími
    :Indonesia_Western: 
      :long: 
        :standard: Vestur-Indónesíutími
    :Iran: 
      :long: 
        :daylight: "Sumartími í Íran"
        :generic: Íranstími
        :standard: "Staðaltími í Íran"
    :Irkutsk: 
      :long: 
        :daylight: "Sumartími í Irkutsk"
        :generic: "Tími í Irkutsk"
        :standard: "Staðaltími í Irkutsk"
    :Israel: 
      :long: 
        :daylight: "Sumartími í Ísrael"
        :generic: Ísraelstími
        :standard: "Staðaltími í Ísrael"
    :Japan: 
      :long: 
        :daylight: "Sumartími í Japan"
        :generic: Japanstími
        :standard: "Staðaltími í Japan"
    :Kamchatka: 
      :long: 
        :daylight: "Sumartími í Petropavlovsk-Kamchatski"
        :generic: "Tími í Petropavlovsk-Kamchatski"
        :standard: "Staðaltími í Petropavlovsk-Kamchatski"
    :Kazakhstan_Eastern: 
      :long: 
        :standard: "Tími í Austur-Kasakstan"
    :Kazakhstan_Western: 
      :long: 
        :standard: "Tími í Vestur-Kasakstan"
    :Korea: 
      :long: 
        :daylight: "Sumartími í Kóreu"
        :generic: Kóreutími
        :standard: "Staðaltími í Kóreu"
    :Kosrae: 
      :long: 
        :standard: Kosrae-tími
    :Krasnoyarsk: 
      :long: 
        :daylight: "Sumartími í Krasnoyarsk"
        :generic: "Tími í Krasnoyarsk"
        :standard: "Staðaltími í Krasnoyarsk"
    :Kyrgystan: 
      :long: 
        :standard: Kirgistan-tími
    :Line_Islands: 
      :long: 
        :standard: Línueyja-tími
    :Lord_Howe: 
      :long: 
        :daylight: "Sumartími á Lord Howe-eyju"
        :generic: "Tími á Lord Howe-eyju"
        :standard: "Staðaltími á Lord Howe-eyju"
    :Macquarie: 
      :long: 
        :standard: Macquarie-eyjartími
    :Magadan: 
      :long: 
        :daylight: "Sumartími í Magadan"
        :generic: "Tími í Magadan"
        :standard: "Staðaltími í Magadan"
    :Malaysia: 
      :long: 
        :standard: Malasíutími
    :Maldives: 
      :long: 
        :standard: Maldíveyja-tími
    :Marquesas: 
      :long: 
        :standard: "Tími á Markgreifafrúreyjum"
    :Marshall_Islands: 
      :long: 
        :standard: "Tími á Marshall-eyjum"
    :Mauritius: 
      :long: 
        :daylight: "Sumartími á Máritíus"
        :generic: Máritíustími
        :standard: "Staðaltími á Máritíus"
    :Mawson: 
      :long: 
        :standard: Mawson-tími
    :Mexico_Northwest: 
      :long: 
        :daylight: "Sumartími í Norðvestur-Mexíkó"
        :generic: "Tími í Norðvestur-Mexíkó"
        :standard: "Staðaltími í Norðvestur-Mexíkó"
    :Mexico_Pacific: 
      :long: 
        :daylight: "Sumartími í Mexíkó á Kyrrahafssvæðinu"
        :generic: "Kyrrahafstími í Mexíkó"
        :standard: "Staðaltími í Mexíkó á Kyrrahafssvæðinu"
    :Mongolia: 
      :long: 
        :daylight: "Sumartími í Úlan Bator"
        :generic: "Tími í Úlan Bator"
        :standard: "Staðaltími í Úlan Bator"
    :Moscow: 
      :long: 
        :daylight: "Sumartími í Moskvu"
        :generic: Moskvutími
        :standard: "Staðaltími í Moskvu"
    :Myanmar: 
      :long: 
        :standard: Mjanmar-tími
    :Nauru: 
      :long: 
        :standard: Nárú-tími
    :Nepal: 
      :long: 
        :standard: Nepaltími
    :New_Caledonia: 
      :long: 
        :daylight: "Sumartími í Nýju-Kaledóníu"
        :generic: "Tími í Nýju-Kaledóníu"
        :standard: "Staðaltími í Nýju-Kaledóníu"
    :New_Zealand: 
      :long: 
        :daylight: "Sumartími á Nýja-Sjálandi"
        :generic: "Tími á Nýja-Sjálandi"
        :standard: "Staðaltími á Nýja-Sjálandi"
    :Newfoundland: 
      :long: 
        :daylight: "Sumartími á Nýfundnalandi"
        :generic: "Tími á Nýfundnalandi"
        :standard: "Staðaltími á Nýfundnalandi"
    :Niue: 
      :long: 
        :standard: Niue-tími
    :Norfolk: 
      :long: 
        :daylight: "Sumartími á Norfolk-eyju"
        :generic: "Tími á Norfolk-eyju"
        :standard: "Staðaltími á Norfolk-eyju"
    :Noronha: 
      :long: 
        :daylight: "Sumartími í Fernando de Noronha"
        :generic: "Tími í Fernando de Noronha"
        :standard: "Staðaltími í Fernando de Noronha"
    :Novosibirsk: 
      :long: 
        :daylight: "Sumartími í Novosibirsk"
        :generic: "Tími í Novosibirsk"
        :standard: "Staðaltími í Novosibirsk"
    :Omsk: 
      :long: 
        :daylight: "Sumartími í Omsk"
        :generic: "Tíminn í Omsk"
        :standard: "Staðaltími í Omsk"
    :Pakistan: 
      :long: 
        :daylight: "Sumartími í Pakistan"
        :generic: Pakistantími
        :standard: "Staðaltími í Pakistan"
    :Palau: 
      :long: 
        :standard: Palátími
    :Papua_New_Guinea: 
      :long: 
        :standard: "Tími á Papúa Nýju-Gíneu"
    :Paraguay: 
      :long: 
        :daylight: "Sumartími í Paragvæ"
        :generic: Paragvætími
        :standard: "Staðaltími í Paragvæ"
    :Peru: 
      :long: 
        :daylight: "Sumartími í Perú"
        :generic: Perútími
        :standard: "Staðaltími í Perú"
    :Philippines: 
      :long: 
        :daylight: "Sumartími á Filippseyjum"
        :generic: Filippseyjatími
        :standard: "Staðaltími á Filippseyjum"
    :Phoenix_Islands: 
      :long: 
        :standard: Fönixeyjatími
    :Pierre_Miquelon: 
      :long: 
        :daylight: "Sumartími á Sankti Pierre og Miquelon"
        :generic: "Tími á Sankti Pierre og Miquelon"
        :standard: "Staðaltími á Sankti Pierre og Miquelon"
    :Pitcairn: 
      :long: 
        :standard: Pitcairn-tími
    :Ponape: 
      :long: 
        :standard: Ponape-tími
    :Pyongyang: 
      :long: 
        :standard: "Tími í Pjongjang"
    :Reunion: 
      :long: 
        :standard: Réunion-tími
    :Rothera: 
      :long: 
        :standard: Rothera-tími
    :Sakhalin: 
      :long: 
        :daylight: "Sumartími í Sakhalin"
        :generic: "Tími í Sakhalin"
        :standard: "Staðaltími í Sakhalin"
    :Samara: 
      :long: 
        :daylight: "Sumartími í Samara"
        :generic: "Tími í Samara"
        :standard: "Staðaltími í Samara"
    :Samoa: 
      :long: 
        :daylight: "Sumartími á Samóa"
        :generic: Samóa-tími
        :standard: "Staðaltími á Samóa"
    :Seychelles: 
      :long: 
        :standard: Seychelles-eyjatími
    :Singapore: 
      :long: 
        :standard: Singapúrtími
    :Solomon: 
      :long: 
        :standard: Salómonseyjatími
    :South_Georgia: 
      :long: 
        :standard: Suður-Georgíutími
    :Suriname: 
      :long: 
        :standard: Súrinamtími
    :Syowa: 
      :long: 
        :standard: Syowa-tími
    :Tahiti: 
      :long: 
        :standard: Tahítí-tími
    :Taipei: 
      :long: 
        :daylight: "Sumartími í Taipei"
        :generic: Taipei-tími
        :standard: "Staðaltími í Taipei"
    :Tajikistan: 
      :long: 
        :standard: Tadsjíkistan-tími
    :Tokelau: 
      :long: 
        :standard: Tókelá-tími
    :Tonga: 
      :long: 
        :daylight: "Sumartími á Tonga"
        :generic: Tongatími
        :standard: "Staðaltími á Tonga"
    :Truk: 
      :long: 
        :standard: Chuuk-tími
    :Turkmenistan: 
      :long: 
        :daylight: "Sumartími í Túrkmenistan"
        :generic: Túrkmenistan-tími
        :standard: "Staðaltími í Túrkmenistan"
    :Tuvalu: 
      :long: 
        :standard: Túvalútími
    :Uruguay: 
      :long: 
        :daylight: "Sumartími í Úrúgvæ"
        :generic: Úrúgvætími
        :standard: "Staðaltími í Úrúgvæ"
    :Uzbekistan: 
      :long: 
        :daylight: "Sumartími í Úsbekistan"
        :generic: Úsbekistan-tími
        :standard: "Staðaltími í Úsbekistan"
    :Vanuatu: 
      :long: 
        :daylight: "Sumartími á Vanúatú"
        :generic: Vanúatú-tími
        :standard: "Staðaltími á Vanúatú"
    :Venezuela: 
      :long: 
        :standard: Venesúelatími
    :Vladivostok: 
      :long: 
        :daylight: "Sumartími í Vladivostok"
        :generic: "Tími í Vladivostok"
        :standard: "Staðaltími í Vladivostok"
    :Volgograd: 
      :long: 
        :daylight: "Sumartími í Volgograd"
        :generic: "Tími í Volgograd"
        :standard: "Staðaltími í Volgograd"
    :Vostok: 
      :long: 
        :standard: Vostok-tími
    :Wake: 
      :long: 
        :standard: "Tími á Wake-eyju"
    :Wallis: 
      :long: 
        :standard: "Tími á Wallis- og Fútúnaeyjum"
    :Yakutsk: 
      :long: 
        :daylight: "Sumartími í Yakutsk"
        :generic: "Tíminn í Yakutsk"
        :standard: "Staðaltími í Yakutsk"
    :Yekaterinburg: 
      :long: 
        :daylight: "Sumartími í Yekaterinburg"
        :generic: "Tími í Yekaterinburg"
        :standard: "Staðaltími í Yekaterinborg"
  :timezones: 
    :Africa/Abidjan: 
      :city: Abidjan
    :Africa/Accra: 
      :city: Accra
    :Africa/Addis_Ababa: 
      :city: "Addis Ababa"
    :Africa/Algiers: 
      :city: Algeirsborg
    :Africa/Asmera: 
      :city: Asmara
    :Africa/Bamako: 
      :city: Bamako
    :Africa/Bangui: 
      :city: Bangui
    :Africa/Banjul: 
      :city: Banjul
    :Africa/Bissau: 
      :city: Bissá
    :Africa/Blantyre: 
      :city: Blantyre
    :Africa/Brazzaville: 
      :city: Brazzaville
    :Africa/Bujumbura: 
      :city: Bujumbura
    :Africa/Cairo: 
      :city: Kaíró
    :Africa/Casablanca: 
      :city: Casablanca
    :Africa/Ceuta: 
      :city: Ceuta
    :Africa/Conakry: 
      :city: Conakry
    :Africa/Dakar: 
      :city: Dakar
    :Africa/Dar_es_Salaam: 
      :city: "Dar es Salaam"
    :Africa/Djibouti: 
      :city: Djibútí
    :Africa/Douala: 
      :city: Douala
    :Africa/El_Aaiun: 
      :city: "El Aaiun"
    :Africa/Freetown: 
      :city: Freetown
    :Africa/Gaborone: 
      :city: Gaborone
    :Africa/Harare: 
      :city: Harare
    :Africa/Johannesburg: 
      :city: Jóhannesarborg
    :Africa/Juba: 
      :city: Juba
    :Africa/Kampala: 
      :city: Kampala
    :Africa/Khartoum: 
      :city: Khartoum
    :Africa/Kigali: 
      :city: Kigali
    :Africa/Kinshasa: 
      :city: Kinshasa
    :Africa/Lagos: 
      :city: Lagos
    :Africa/Libreville: 
      :city: Libreville
    :Africa/Lome: 
      :city: Lome
    :Africa/Luanda: 
      :city: Luanda
    :Africa/Lubumbashi: 
      :city: Lubumbashi
    :Africa/Lusaka: 
      :city: Lusaka
    :Africa/Malabo: 
      :city: Malabo
    :Africa/Maputo: 
      :city: Maputo
    :Africa/Maseru: 
      :city: Maseru
    :Africa/Mbabane: 
      :city: Mbabane
    :Africa/Mogadishu: 
      :city: Mogadishu
    :Africa/Monrovia: 
      :city: Monrovia
    :Africa/Nairobi: 
      :city: Nairobi
    :Africa/Ndjamena: 
      :city: Ndjamena
    :Africa/Niamey: 
      :city: Niamey
    :Africa/Nouakchott: 
      :city: Nouakchott
    :Africa/Ouagadougou: 
      :city: Ouagadougou
    :Africa/Porto-Novo: 
      :city: Porto-Novo
    :Africa/Sao_Tome: 
      :city: "Saó Tóme"
    :Africa/Tripoli: 
      :city: Trípólí
    :Africa/Tunis: 
      :city: Túnisborg
    :Africa/Windhoek: 
      :city: Windhoek
    :America/Adak: 
      :city: Adak
    :America/Anchorage: 
      :city: Anchorage
    :America/Anguilla: 
      :city: Angvilla
    :America/Antigua: 
      :city: Antígva
    :America/Araguaina: 
      :city: Araguaina
    :America/Argentina/La_Rioja: 
      :city: "La Rioja"
    :America/Argentina/Rio_Gallegos: 
      :city: "Rio Gallegos"
    :America/Argentina/Salta: 
      :city: Salta
    :America/Argentina/San_Juan: 
      :city: "San Juan"
    :America/Argentina/San_Luis: 
      :city: "San Luis"
    :America/Argentina/Tucuman: 
      :city: Tucuman
    :America/Argentina/Ushuaia: 
      :city: Ushuaia
    :America/Aruba: 
      :city: Arúba
    :America/Asuncion: 
      :city: Asunción
    :America/Bahia: 
      :city: Bahia
    :America/Bahia_Banderas: 
      :city: "Bahia Banderas"
    :America/Barbados: 
      :city: Barbados
    :America/Belem: 
      :city: Belem
    :America/Belize: 
      :city: Belís
    :America/Blanc-Sablon: 
      :city: Blanc-Sablon
    :America/Boa_Vista: 
      :city: "Boa Vista"
    :America/Bogota: 
      :city: Bogota
    :America/Boise: 
      :city: Boise
    :America/Buenos_Aires: 
      :city: "Buenos Aires"
    :America/Cambridge_Bay: 
      :city: "Cambridge Bay"
    :America/Campo_Grande: 
      :city: "Campo Grande"
    :America/Cancun: 
      :city: Kankún
    :America/Caracas: 
      :city: Caracas
    :America/Catamarca: 
      :city: Catamarca
    :America/Cayenne: 
      :city: Cayenne
    :America/Cayman: 
      :city: Cayman-eyjar
    :America/Chicago: 
      :city: Chicago
    :America/Chihuahua: 
      :city: Chihuahua
    :America/Coral_Harbour: 
      :city: Atikokan
    :America/Cordoba: 
      :city: Cordoba
    :America/Costa_Rica: 
      :city: Kostaríka
    :America/Creston: 
      :city: Creston
    :America/Cuiaba: 
      :city: Cuiaba
    :America/Curacao: 
      :city: Curacao
    :America/Danmarkshavn: 
      :city: Danmarkshavn
    :America/Dawson: 
      :city: Dawson
    :America/Dawson_Creek: 
      :city: "Dawson Creek"
    :America/Denver: 
      :city: Denver
    :America/Detroit: 
      :city: Detroit
    :America/Dominica: 
      :city: Dóminíka
    :America/Edmonton: 
      :city: Edmonton
    :America/Eirunepe: 
      :city: Eirunepe
    :America/El_Salvador: 
      :city: "El Salvador"
    :America/Fort_Nelson: 
      :city: "Fort Nelson"
    :America/Fortaleza: 
      :city: Fortaleza
    :America/Glace_Bay: 
      :city: "Glace Bay"
    :America/Godthab: 
      :city: Nuuk
    :America/Goose_Bay: 
      :city: "Goose Bay"
    :America/Grand_Turk: 
      :city: "Grand Turk"
    :America/Grenada: 
      :city: Grenada
    :America/Guadeloupe: 
      :city: Gvadelúp
    :America/Guatemala: 
      :city: Gvatemala
    :America/Guayaquil: 
      :city: Guayaquil
    :America/Guyana: 
      :city: Gvæjana
    :America/Halifax: 
      :city: Halifax
    :America/Havana: 
      :city: Havana
    :America/Hermosillo: 
      :city: Hermosillo
    :America/Indiana/Knox: 
      :city: "Knox, Indiana"
    :America/Indiana/Marengo: 
      :city: "Marengo, Indiana"
    :America/Indiana/Petersburg: 
      :city: "Petersburg, Indiana"
    :America/Indiana/Tell_City: 
      :city: "Tell City, Indiana"
    :America/Indiana/Vevay: 
      :city: "Vevay, Indiana"
    :America/Indiana/Vincennes: 
      :city: "Vincennes, Indiana"
    :America/Indiana/Winamac: 
      :city: "Winamac, Indiana"
    :America/Indianapolis: 
      :city: Indianapolis
    :America/Inuvik: 
      :city: Inuvik
    :America/Iqaluit: 
      :city: Iqaluit
    :America/Jamaica: 
      :city: Jamaíka
    :America/Jujuy: 
      :city: Jujuy
    :America/Juneau: 
      :city: Juneau
    :America/Kentucky/Monticello: 
      :city: "Monticello, Kentucky"
    :America/Kralendijk: 
      :city: Kralendijk
    :America/La_Paz: 
      :city: "La Paz"
    :America/Lima: 
      :city: Lima
    :America/Los_Angeles: 
      :city: "Los Angeles"
    :America/Louisville: 
      :city: Louisville
    :America/Lower_Princes: 
      :city: "Lower Prince’s Quarter"
    :America/Maceio: 
      :city: Maceio
    :America/Managua: 
      :city: Managua
    :America/Manaus: 
      :city: Manaus
    :America/Marigot: 
      :city: Marigot
    :America/Martinique: 
      :city: Martiník
    :America/Matamoros: 
      :city: Matamoros
    :America/Mazatlan: 
      :city: Mazatlan
    :America/Mendoza: 
      :city: Mendoza
    :America/Menominee: 
      :city: Menominee
    :America/Merida: 
      :city: Merida
    :America/Metlakatla: 
      :city: Metlakatla
    :America/Mexico_City: 
      :city: Mexíkóborg
    :America/Miquelon: 
      :city: Miquelon
    :America/Moncton: 
      :city: Moncton
    :America/Monterrey: 
      :city: Monterrey
    :America/Montevideo: 
      :city: Montevideo
    :America/Montserrat: 
      :city: Montserrat
    :America/Nassau: 
      :city: Nassau
    :America/New_York: 
      :city: "New York"
    :America/Nipigon: 
      :city: Nipigon
    :America/Nome: 
      :city: Nome
    :America/Noronha: 
      :city: Noronha
    :America/North_Dakota/Beulah: 
      :city: "Beulah, North Dakota"
    :America/North_Dakota/Center: 
      :city: "Center, North Dakota"
    :America/North_Dakota/New_Salem: 
      :city: "New Salem, North Dakota"
    :America/Ojinaga: 
      :city: Ojinaga
    :America/Panama: 
      :city: Panama
    :America/Pangnirtung: 
      :city: Pangnirtung
    :America/Paramaribo: 
      :city: Paramaribo
    :America/Phoenix: 
      :city: Phoenix
    :America/Port-au-Prince: 
      :city: Port-au-Prince
    :America/Port_of_Spain: 
      :city: "Port of Spain"
    :America/Porto_Velho: 
      :city: "Porto Velho"
    :America/Puerto_Rico: 
      :city: "Púertó Ríkó"
    :America/Punta_Arenas: 
      :city: "Punta Arenas"
    :America/Rainy_River: 
      :city: "Rainy River"
    :America/Rankin_Inlet: 
      :city: "Rankin Inlet"
    :America/Recife: 
      :city: Recife
    :America/Regina: 
      :city: Regina
    :America/Resolute: 
      :city: Resolute
    :America/Rio_Branco: 
      :city: "Rio Branco"
    :America/Santa_Isabel: 
      :city: "Santa Isabel"
    :America/Santarem: 
      :city: Santarem
    :America/Santiago: 
      :city: Santiago
    :America/Santo_Domingo: 
      :city: "Santo Domingo"
    :America/Sao_Paulo: 
      :city: "Sao Paulo"
    :America/Scoresbysund: 
      :city: Ittoqqortoormiit
    :America/Sitka: 
      :city: Sitka
    :America/St_Barthelemy: 
      :city: "Sankti Bartólómeusareyjar"
    :America/St_Johns: 
      :city: "St. John’s"
    :America/St_Kitts: 
      :city: "Sankti Kitts"
    :America/St_Lucia: 
      :city: "Sankti Lúsía"
    :America/St_Thomas: 
      :city: "Sankti Thomas"
    :America/St_Vincent: 
      :city: "Sankti Vinsent"
    :America/Swift_Current: 
      :city: "Swift Current"
    :America/Tegucigalpa: 
      :city: Tegucigalpa
    :America/Thule: 
      :city: Thule
    :America/Thunder_Bay: 
      :city: "Thunder Bay"
    :America/Tijuana: 
      :city: Tijuana
    :America/Toronto: 
      :city: Toronto
    :America/Tortola: 
      :city: Tortóla
    :America/Vancouver: 
      :city: Vancouver
    :America/Whitehorse: 
      :city: Whitehorse
    :America/Winnipeg: 
      :city: Winnipeg
    :America/Yakutat: 
      :city: Yakutat
    :America/Yellowknife: 
      :city: Yellowknife
    :Antarctica/Casey: 
      :city: Casey
    :Antarctica/Davis: 
      :city: Davis
    :Antarctica/DumontDUrville: 
      :city: "Dumont d’Urville"
    :Antarctica/Macquarie: 
      :city: Macquarie
    :Antarctica/Mawson: 
      :city: Mawson
    :Antarctica/McMurdo: 
      :city: McMurdo
    :Antarctica/Palmer: 
      :city: Palmer
    :Antarctica/Rothera: 
      :city: Rothera
    :Antarctica/Syowa: 
      :city: Syowa
    :Antarctica/Troll: 
      :city: Troll
    :Antarctica/Vostok: 
      :city: Vostok
    :Arctic/Longyearbyen: 
      :city: Longyearbyen
    :Asia/Aden: 
      :city: Aden
    :Asia/Almaty: 
      :city: Almaty
    :Asia/Amman: 
      :city: Amman
    :Asia/Anadyr: 
      :city: Anadyr
    :Asia/Aqtau: 
      :city: Aqtau
    :Asia/Aqtobe: 
      :city: Aqtobe
    :Asia/Ashgabat: 
      :city: Ashgabat
    :Asia/Atyrau: 
      :city: Atyrau
    :Asia/Baghdad: 
      :city: Bagdad
    :Asia/Bahrain: 
      :city: Barein
    :Asia/Baku: 
      :city: Bakú
    :Asia/Bangkok: 
      :city: Bangkok
    :Asia/Barnaul: 
      :city: Barnaul
    :Asia/Beirut: 
      :city: Beirút
    :Asia/Bishkek: 
      :city: Bishkek
    :Asia/Brunei: 
      :city: Brúnei
    :Asia/Calcutta: 
      :city: Kalkútta
    :Asia/Chita: 
      :city: Chita
    :Asia/Choibalsan: 
      :city: Choibalsan
    :Asia/Colombo: 
      :city: Kólombó
    :Asia/Damascus: 
      :city: Damaskus
    :Asia/Dhaka: 
      :city: Dakka
    :Asia/Dili: 
      :city: Dili
    :Asia/Dubai: 
      :city: Dubai
    :Asia/Dushanbe: 
      :city: Dushanbe
    :Asia/Famagusta: 
      :city: Famagusta
    :Asia/Gaza: 
      :city: Gaza
    :Asia/Hebron: 
      :city: Hebron
    :Asia/Hong_Kong: 
      :city: "Hong Kong"
    :Asia/Hovd: 
      :city: Hovd
    :Asia/Irkutsk: 
      :city: Irkutsk
    :Asia/Jakarta: 
      :city: Djakarta
    :Asia/Jayapura: 
      :city: Jayapura
    :Asia/Jerusalem: 
      :city: Jerúsalem
    :Asia/Kabul: 
      :city: Kabúl
    :Asia/Kamchatka: 
      :city: Kamtsjatka
    :Asia/Karachi: 
      :city: Karachi
    :Asia/Katmandu: 
      :city: Katmandú
    :Asia/Khandyga: 
      :city: Khandyga
    :Asia/Krasnoyarsk: 
      :city: Krasnoyarsk
    :Asia/Kuala_Lumpur: 
      :city: "Kúala Lúmpúr"
    :Asia/Kuching: 
      :city: Kuching
    :Asia/Kuwait: 
      :city: Kúveit
    :Asia/Macau: 
      :city: Makaó
    :Asia/Magadan: 
      :city: Magadan
    :Asia/Makassar: 
      :city: Makassar
    :Asia/Manila: 
      :city: Manila
    :Asia/Muscat: 
      :city: Muscat
    :Asia/Nicosia: 
      :city: Níkósía
    :Asia/Novokuznetsk: 
      :city: Novokuznetsk
    :Asia/Novosibirsk: 
      :city: Novosibirsk
    :Asia/Omsk: 
      :city: Omsk
    :Asia/Oral: 
      :city: Oral
    :Asia/Phnom_Penh: 
      :city: "Phnom Penh"
    :Asia/Pontianak: 
      :city: Pontianak
    :Asia/Pyongyang: 
      :city: Pjongjang
    :Asia/Qatar: 
      :city: Katar
    :Asia/Qostanay: 
      :city: Kostanay
    :Asia/Qyzylorda: 
      :city: Qyzylorda
    :Asia/Rangoon: 
      :city: Rangún
    :Asia/Riyadh: 
      :city: Ríjad
    :Asia/Saigon: 
      :city: "Ho Chi Minh-borg"
    :Asia/Sakhalin: 
      :city: Sakhalin
    :Asia/Samarkand: 
      :city: Samarkand
    :Asia/Seoul: 
      :city: Seúl
    :Asia/Shanghai: 
      :city: Sjanghæ
    :Asia/Singapore: 
      :city: Singapúr
    :Asia/Srednekolymsk: 
      :city: Srednekolymsk
    :Asia/Taipei: 
      :city: Taipei
    :Asia/Tashkent: 
      :city: Tashkent
    :Asia/Tbilisi: 
      :city: Tbilisi
    :Asia/Tehran: 
      :city: Teheran
    :Asia/Thimphu: 
      :city: Thimphu
    :Asia/Tokyo: 
      :city: Tókýó
    :Asia/Tomsk: 
      :city: Tomsk
    :Asia/Ulaanbaatar: 
      :city: "Úlan Bator"
    :Asia/Urumqi: 
      :city: Urumqi
    :Asia/Ust-Nera: 
      :city: Ust-Nera
    :Asia/Vientiane: 
      :city: Vientiane
    :Asia/Vladivostok: 
      :city: Vladivostok
    :Asia/Yakutsk: 
      :city: Yakutsk
    :Asia/Yekaterinburg: 
      :city: Yekaterinburg
    :Asia/Yerevan: 
      :city: Yerevan
    :Atlantic/Azores: 
      :city: Azoreyjar
    :Atlantic/Bermuda: 
      :city: Bermúda
    :Atlantic/Canary: 
      :city: Kanaríeyjar
    :Atlantic/Cape_Verde: 
      :city: Grænhöfðaeyjar
    :Atlantic/Faeroe: 
      :city: Færeyjar
    :Atlantic/Madeira: 
      :city: Madeira
    :Atlantic/Reykjavik: 
      :city: Reykjavík
    :Atlantic/South_Georgia: 
      :city: Suður-Georgía
    :Atlantic/St_Helena: 
      :city: "Sankti Helena"
    :Atlantic/Stanley: 
      :city: Stanley
    :Australia/Adelaide: 
      :city: Adelaide
    :Australia/Brisbane: 
      :city: Brisbane
    :Australia/Broken_Hill: 
      :city: "Broken Hill"
    :Australia/Currie: 
      :city: Currie
    :Australia/Darwin: 
      :city: Darwin
    :Australia/Eucla: 
      :city: Eucla
    :Australia/Hobart: 
      :city: Hobart
    :Australia/Lindeman: 
      :city: Lindeman
    :Australia/Lord_Howe: 
      :city: "Lord Howe"
    :Australia/Melbourne: 
      :city: Melbourne
    :Australia/Perth: 
      :city: Perth
    :Australia/Sydney: 
      :city: Sydney
    :Etc/UTC: 
      :long: 
        :standard: "Samræmdur alþjóðlegur tími"
      :short: 
        :standard: UTC
    :Etc/Unknown: 
      :city: "Óþekkt borg"
    :Europe/Amsterdam: 
      :city: Amsterdam
    :Europe/Andorra: 
      :city: Andorra
    :Europe/Astrakhan: 
      :city: Astrakhan
    :Europe/Athens: 
      :city: Aþena
    :Europe/Belgrade: 
      :city: Belgrad
    :Europe/Berlin: 
      :city: Berlín
    :Europe/Bratislava: 
      :city: Bratislava
    :Europe/Brussels: 
      :city: Brussel
    :Europe/Bucharest: 
      :city: Búkarest
    :Europe/Budapest: 
      :city: Búdapest
    :Europe/Busingen: 
      :city: Busingen
    :Europe/Chisinau: 
      :city: Chisinau
    :Europe/Copenhagen: 
      :city: Kaupmannahöfn
    :Europe/Dublin: 
      :city: Dublin
      :long: 
        :daylight: "Sumartími á Írlandi"
    :Europe/Gibraltar: 
      :city: Gíbraltar
    :Europe/Guernsey: 
      :city: Guernsey
    :Europe/Helsinki: 
      :city: Helsinki
    :Europe/Isle_of_Man: 
      :city: Mön
    :Europe/Istanbul: 
      :city: Istanbúl
    :Europe/Jersey: 
      :city: Jersey
    :Europe/Kaliningrad: 
      :city: Kaliningrad
    :Europe/Kiev: 
      :city: Kænugarður
    :Europe/Kirov: 
      :city: Kirov
    :Europe/Lisbon: 
      :city: Lissabon
    :Europe/Ljubljana: 
      :city: Ljubljana
    :Europe/London: 
      :city: Lundúnir
      :long: 
        :daylight: "Sumartími í Bretlandi"
    :Europe/Luxembourg: 
      :city: Lúxemborg
    :Europe/Madrid: 
      :city: Madríd
    :Europe/Malta: 
      :city: Malta
    :Europe/Mariehamn: 
      :city: Maríuhöfn
    :Europe/Minsk: 
      :city: Minsk
    :Europe/Monaco: 
      :city: Mónakó
    :Europe/Moscow: 
      :city: Moskva
    :Europe/Oslo: 
      :city: Osló
    :Europe/Paris: 
      :city: París
    :Europe/Podgorica: 
      :city: Podgorica
    :Europe/Prague: 
      :city: Prag
    :Europe/Riga: 
      :city: Riga
    :Europe/Rome: 
      :city: Róm
    :Europe/Samara: 
      :city: Samara
    :Europe/San_Marino: 
      :city: "San Marínó"
    :Europe/Sarajevo: 
      :city: Sarajevó
    :Europe/Saratov: 
      :city: Saratov
    :Europe/Simferopol: 
      :city: Simferopol
    :Europe/Skopje: 
      :city: Skopje
    :Europe/Sofia: 
      :city: Sófía
    :Europe/Stockholm: 
      :city: Stokkhólmur
    :Europe/Tallinn: 
      :city: Tallinn
    :Europe/Tirane: 
      :city: Tírana
    :Europe/Ulyanovsk: 
      :city: Ulyanovsk
    :Europe/Uzhgorod: 
      :city: Uzhgorod
    :Europe/Vaduz: 
      :city: Vaduz
    :Europe/Vatican: 
      :city: Vatíkanið
    :Europe/Vienna: 
      :city: Vín
    :Europe/Vilnius: 
      :city: Vilníus
    :Europe/Volgograd: 
      :city: Volgograd
    :Europe/Warsaw: 
      :city: Varsjá
    :Europe/Zagreb: 
      :city: Zagreb
    :Europe/Zaporozhye: 
      :city: Zaporozhye
    :Europe/Zurich: 
      :city: Zurich
    :Indian/Antananarivo: 
      :city: Antananarivo
    :Indian/Chagos: 
      :city: Chagos
    :Indian/Christmas: 
      :city: Jólaey
    :Indian/Cocos: 
      :city: Kókoseyjar
    :Indian/Comoro: 
      :city: Comoro
    :Indian/Kerguelen: 
      :city: Kerguelen
    :Indian/Mahe: 
      :city: Mahe
    :Indian/Maldives: 
      :city: Maldíveyjar
    :Indian/Mauritius: 
      :city: Máritíus
    :Indian/Mayotte: 
      :city: Mayotte
    :Indian/Reunion: 
      :city: Réunion
    :Pacific/Apia: 
      :city: Apia
    :Pacific/Auckland: 
      :city: Auckland
    :Pacific/Bougainville: 
      :city: Bougainville
    :Pacific/Chatham: 
      :city: Chatham
    :Pacific/Easter: 
      :city: Páskaeyja
    :Pacific/Efate: 
      :city: Efate
    :Pacific/Enderbury: 
      :city: Enderbury
    :Pacific/Fakaofo: 
      :city: Fakaofo
    :Pacific/Fiji: 
      :city: Fidjí
    :Pacific/Funafuti: 
      :city: Funafuti
    :Pacific/Galapagos: 
      :city: Galapagos
    :Pacific/Gambier: 
      :city: Gambier
    :Pacific/Guadalcanal: 
      :city: Guadalcanal
    :Pacific/Guam: 
      :city: Gvam
    :Pacific/Honolulu: 
      :city: Honolulu
    :Pacific/Johnston: 
      :city: Johnston
    :Pacific/Kiritimati: 
      :city: Kiritimati
    :Pacific/Kosrae: 
      :city: Kosrae
    :Pacific/Kwajalein: 
      :city: Kwajalein
    :Pacific/Majuro: 
      :city: Majuro
    :Pacific/Marquesas: 
      :city: Marquesas-eyjar
    :Pacific/Midway: 
      :city: Midway
    :Pacific/Nauru: 
      :city: Nárú
    :Pacific/Niue: 
      :city: Niue
    :Pacific/Norfolk: 
      :city: Norfolk
    :Pacific/Noumea: 
      :city: Noumea
    :Pacific/Pago_Pago: 
      :city: "Pago Pago"
    :Pacific/Palau: 
      :city: Palá
    :Pacific/Pitcairn: 
      :city: Pitcairn
    :Pacific/Ponape: 
      :city: Pohnpei
    :Pacific/Port_Moresby: 
      :city: "Port Moresby"
    :Pacific/Rarotonga: 
      :city: Rarotonga
    :Pacific/Saipan: 
      :city: Saipan
    :Pacific/Tahiti: 
      :city: Tahítí
    :Pacific/Tarawa: 
      :city: Tarawa
    :Pacific/Tongatapu: 
      :city: Tongatapu
    :Pacific/Truk: 
      :city: Chuuk
    :Pacific/Wake: 
      :city: Wake
    :Pacific/Wallis: 
      :city: Wallis
