--- 
:th: 
  :formats: 
    :fallback_formats: 
      :generic: "{1} ({0})"
    :gmt_formats: 
      :generic: "GMT{0}"
    :gmt_zero_formats: 
      :generic: GMT
    :hour_formats: 
      :generic: "+HH:mm;-HH:mm"
    :region_formats: 
      :daylight: "เวลาออมแสง{0}"
      :generic: "เวลา{0}"
      :standard: "เวลามาตรฐาน{0}"
  :metazones: 
    :Acre: 
      :long: 
        :daylight: เวลาฤดูร้อนอาเกร
        :generic: เวลาอาเกร
        :standard: เวลามาตรฐานอาเกร
    :Afghanistan: 
      :long: 
        :standard: เวลาอัฟกานิสถาน
    :Africa_Central: 
      :long: 
        :standard: เวลาแอฟริกากลาง
    :Africa_Eastern: 
      :long: 
        :standard: เวลาแอฟริกาตะวันออก
    :Africa_Southern: 
      :long: 
        :standard: เวลาแอฟริกาใต้
    :Africa_Western: 
      :long: 
        :daylight: เวลาฤดูร้อนแอฟริกาตะวันตก
        :generic: เวลาแอฟริกาตะวันตก
        :standard: เวลามาตรฐานแอฟริกาตะวันตก
    :Alaska: 
      :long: 
        :daylight: เวลาออมแสงของอะแลสกา
        :generic: เวลาอะแลสกา
        :standard: เวลามาตรฐานอะแลสกา
    :Almaty: 
      :long: 
        :daylight: เวลาฤดูร้อนอัลมาตี
        :generic: เวลาอัลมาตี
        :standard: เวลามาตรฐานอัลมาตี
    :Amazon: 
      :long: 
        :daylight: เวลาฤดูร้อนแอมะซอน
        :generic: เวลาแอมะซอน
        :standard: เวลามาตรฐานแอมะซอน
    :America_Central: 
      :long: 
        :daylight: เวลาออมแสงตอนกลางในอเมริกาเหนือ
        :generic: เวลาตอนกลางในอเมริกาเหนือ
        :standard: เวลามาตรฐานตอนกลางในอเมริกาเหนือ
    :America_Eastern: 
      :long: 
        :daylight: เวลาออมแสงทางตะวันออกในอเมริกาเหนือ
        :generic: เวลาทางตะวันออกในอเมริกาเหนือ
        :standard: เวลามาตรฐานทางตะวันออกในอเมริกาเหนือ
    :America_Mountain: 
      :long: 
        :daylight: เวลาออมแสงแถบภูเขาในอเมริกาเหนือ
        :generic: เวลาแถบภูเขาในอเมริกาเหนือ
        :standard: เวลามาตรฐานแถบภูเขาในอเมริกาเหนือ
    :America_Pacific: 
      :long: 
        :daylight: เวลาออมแสงแปซิฟิกในอเมริกาเหนือ
        :generic: เวลาแปซิฟิกในอเมริกาเหนือ
        :standard: เวลามาตรฐานแปซิฟิกในอเมริกาเหนือ
    :Anadyr: 
      :long: 
        :daylight: เวลาฤดูร้อนอะนาดีร์
        :generic: เวลาอะนาดีร์
        :standard: เวลามาตรฐานอะนาดีร์
    :Apia: 
      :long: 
        :daylight: เวลาออมแสงอาปีอา
        :generic: เวลาอาปีอา
        :standard: เวลามาตรฐานอาปีอา
    :Aqtau: 
      :long: 
        :daylight: เวลาฤดูร้อนอัคตาอู
        :generic: เวลาอัคตาอู
        :standard: เวลามาตรฐานอัคตาอู
    :Aqtobe: 
      :long: 
        :daylight: เวลาฤดูร้อนอัคโทเบ
        :generic: เวลาอัคโทเบ
        :standard: เวลามาตรฐานอัคโทเบ
    :Arabian: 
      :long: 
        :daylight: เวลาออมแสงอาหรับ
        :generic: เวลาอาหรับ
        :standard: เวลามาตรฐานอาหรับ
    :Argentina: 
      :long: 
        :daylight: เวลาฤดูร้อนอาร์เจนตินา
        :generic: เวลาอาร์เจนตินา
        :standard: เวลามาตรฐานอาร์เจนตินา
    :Argentina_Western: 
      :long: 
        :daylight: เวลาฤดูร้อนทางตะวันตกของอาร์เจนตินา
        :generic: เวลาตะวันตกของอาร์เจนตินา
        :standard: เวลามาตรฐานทางตะวันตกของอาร์เจนตินา
    :Armenia: 
      :long: 
        :daylight: เวลาฤดูร้อนอาร์เมเนีย
        :generic: เวลาอาร์เมเนีย
        :standard: เวลามาตรฐานอาร์เมเนีย
    :Atlantic: 
      :long: 
        :daylight: เวลาออมแสงของแอตแลนติก
        :generic: เวลาแอตแลนติก
        :standard: เวลามาตรฐานแอตแลนติก
    :Australia_Central: 
      :long: 
        :daylight: เวลาออมแสงทางตอนกลางของออสเตรเลีย
        :generic: เวลาออสเตรเลียกลาง
        :standard: เวลามาตรฐานทางตอนกลางของออสเตรเลีย
    :Australia_CentralWestern: 
      :long: 
        :daylight: เวลาออมแสงทางตะวันตกตอนกลางของออสเตรเลีย
        :generic: เวลาทางตะวันตกตอนกลางของออสเตรเลีย
        :standard: เวลามาตรฐานทางตะวันตกตอนกลางของออสเตรเลีย
    :Australia_Eastern: 
      :long: 
        :daylight: เวลาออมแสงทางตะวันออกของออสเตรเลีย
        :generic: เวลาออสเตรเลียตะวันออก
        :standard: เวลามาตรฐานทางตะวันออกของออสเตรเลีย
    :Australia_Western: 
      :long: 
        :daylight: เวลาออมแสงทางตะวันตกของออสเตรเลีย
        :generic: เวลาออสเตรเลียตะวันตก
        :standard: เวลามาตรฐานทางตะวันตกของออสเตรเลีย
    :Azerbaijan: 
      :long: 
        :daylight: เวลาฤดูร้อนอาเซอร์ไบจาน
        :generic: เวลาอาเซอร์ไบจาน
        :standard: เวลามาตรฐานอาเซอร์ไบจาน
    :Azores: 
      :long: 
        :daylight: เวลาฤดูร้อนอะโซร์ส
        :generic: เวลาอะโซร์ส
        :standard: เวลามาตรฐานอะโซร์ส
    :Bangladesh: 
      :long: 
        :daylight: เวลาฤดูร้อนบังกลาเทศ
        :generic: เวลาบังกลาเทศ
        :standard: เวลามาตรฐานบังกลาเทศ
    :Bhutan: 
      :long: 
        :standard: เวลาภูฏาน
    :Bolivia: 
      :long: 
        :standard: เวลาโบลิเวีย
    :Brasilia: 
      :long: 
        :daylight: เวลาฤดูร้อนบราซิเลีย
        :generic: เวลาบราซิเลีย
        :standard: เวลามาตรฐานบราซิเลีย
    :Brunei: 
      :long: 
        :standard: เวลาบรูไนดารุสซาลาม
    :Cape_Verde: 
      :long: 
        :daylight: เวลาฤดูร้อนเคปเวิร์ด
        :generic: เวลาเคปเวิร์ด
        :standard: เวลามาตรฐานเคปเวิร์ด
    :Casey: 
      :long: 
        :standard: เวลาเคซีย์
    :Chamorro: 
      :long: 
        :standard: เวลาชามอร์โร
    :Chatham: 
      :long: 
        :daylight: เวลาออมแสงแชทัม
        :generic: เวลาแชทัม
        :standard: เวลามาตรฐานแชทัม
    :Chile: 
      :long: 
        :daylight: เวลาฤดูร้อนชิลี
        :generic: เวลาชิลี
        :standard: เวลามาตรฐานชิลี
    :China: 
      :long: 
        :daylight: เวลาออมแสงจีน
        :generic: เวลาจีน
        :standard: เวลามาตรฐานจีน
    :Choibalsan: 
      :long: 
        :daylight: เวลาฤดูร้อนชอยปาลชาน
        :generic: เวลาชอยปาลชาน
        :standard: เวลามาตรฐานชอยปาลชาน
    :Christmas: 
      :long: 
        :standard: เวลาเกาะคริสต์มาส
    :Cocos: 
      :long: 
        :standard: เวลาหมู่เกาะโคโคส
    :Colombia: 
      :long: 
        :daylight: เวลาฤดูร้อนโคลอมเบีย
        :generic: เวลาโคลอมเบีย
        :standard: เวลามาตรฐานโคลอมเบีย
    :Cook: 
      :long: 
        :daylight: เวลาครึ่งฤดูร้อนหมู่เกาะคุก
        :generic: เวลาหมู่เกาะคุก
        :standard: เวลามาตรฐานหมู่เกาะคุก
    :Cuba: 
      :long: 
        :daylight: เวลาออมแสงของคิวบา
        :generic: เวลาคิวบา
        :standard: เวลามาตรฐานคิวบา
    :Davis: 
      :long: 
        :standard: เวลาเดวิส
    :DumontDUrville: 
      :long: 
        :standard: เวลาดูมองต์ดูร์วิลล์
    :East_Timor: 
      :long: 
        :standard: เวลาติมอร์ตะวันออก
    :Easter: 
      :long: 
        :daylight: เวลาฤดูร้อนเกาะอีสเตอร์
        :generic: เวลาเกาะอีสเตอร์
        :standard: เวลามาตรฐานเกาะอีสเตอร์
    :Ecuador: 
      :long: 
        :standard: เวลาเอกวาดอร์
    :Europe_Central: 
      :long: 
        :daylight: เวลาฤดูร้อนยุโรปกลาง
        :generic: เวลายุโรปกลาง
        :standard: เวลามาตรฐานยุโรปกลาง
    :Europe_Eastern: 
      :long: 
        :daylight: เวลาฤดูร้อนยุโรปตะวันออก
        :generic: เวลายุโรปตะวันออก
        :standard: เวลามาตรฐานยุโรปตะวันออก
    :Europe_Further_Eastern: 
      :long: 
        :standard: เวลายุโรปตะวันออกไกล
    :Europe_Western: 
      :long: 
        :daylight: เวลาฤดูร้อนยุโรปตะวันตก
        :generic: เวลายุโรปตะวันตก
        :standard: เวลามาตรฐานยุโรปตะวันตก
    :Falkland: 
      :long: 
        :daylight: เวลาฤดูร้อนหมู่เกาะฟอล์กแลนด์
        :generic: เวลาหมู่เกาะฟอล์กแลนด์
        :standard: เวลามาตรฐานหมู่เกาะฟอล์กแลนด์
    :Fiji: 
      :long: 
        :daylight: เวลาฤดูร้อนฟิจิ
        :generic: เวลาฟิจิ
        :standard: เวลามาตรฐานฟิจิ
    :French_Guiana: 
      :long: 
        :standard: เวลาเฟรนช์เกียนา
    :French_Southern: 
      :long: 
        :standard: เวลาเฟรนช์เซาเทิร์นและแอนตาร์กติก
    :GMT: 
      :long: 
        :standard: เวลามาตรฐานกรีนิช
    :Galapagos: 
      :long: 
        :standard: เวลากาลาปาโกส
    :Gambier: 
      :long: 
        :standard: เวลาแกมเบียร์
    :Georgia: 
      :long: 
        :daylight: เวลาฤดูร้อนจอร์เจีย
        :generic: เวลาจอร์เจีย
        :standard: เวลามาตรฐานจอร์เจีย
    :Gilbert_Islands: 
      :long: 
        :standard: เวลาหมู่เกาะกิลเบิร์ต
    :Greenland_Eastern: 
      :long: 
        :daylight: เวลาฤดูร้อนกรีนแลนด์ตะวันออก
        :generic: เวลากรีนแลนด์ตะวันออก
        :standard: เวลามาตรฐานกรีนแลนด์ตะวันออก
    :Greenland_Western: 
      :long: 
        :daylight: เวลาฤดูร้อนกรีนแลนด์ตะวันตก
        :generic: เวลากรีนแลนด์ตะวันตก
        :standard: เวลามาตรฐานกรีนแลนด์ตะวันตก
    :Guam: 
      :long: 
        :standard: เวลากวม
    :Gulf: 
      :long: 
        :standard: เวลากัลฟ์
    :Guyana: 
      :long: 
        :standard: เวลากายอานา
    :Hawaii_Aleutian: 
      :long: 
        :daylight: เวลาออมแสงฮาวาย-อะลูเชียน
        :generic: เวลาฮาวาย-อะลูเชียน
        :standard: เวลามาตรฐานฮาวาย-อะลูเชียน
    :Hong_Kong: 
      :long: 
        :daylight: เวลาฤดูร้อนฮ่องกง
        :generic: เวลาฮ่องกง
        :standard: เวลามาตรฐานฮ่องกง
    :Hovd: 
      :long: 
        :daylight: เวลาฤดูร้อนฮอฟด์
        :generic: เวลาฮอฟด์
        :standard: เวลามาตรฐานฮอฟด์
    :India: 
      :long: 
        :standard: เวลาอินเดีย
    :Indian_Ocean: 
      :long: 
        :standard: เวลามหาสมุทรอินเดีย
    :Indochina: 
      :long: 
        :standard: เวลาอินโดจีน
    :Indonesia_Central: 
      :long: 
        :standard: เวลาอินโดนีเซียตอนกลาง
    :Indonesia_Eastern: 
      :long: 
        :standard: เวลาอินโดนีเซียฝั่งตะวันออก
    :Indonesia_Western: 
      :long: 
        :standard: เวลาอินโดนีเซียฝั่งตะวันตก
    :Iran: 
      :long: 
        :daylight: เวลาออมแสงอิหร่าน
        :generic: เวลาอิหร่าน
        :standard: เวลามาตรฐานอิหร่าน
    :Irkutsk: 
      :long: 
        :daylight: เวลาฤดูร้อนอีร์คุตสค์
        :generic: เวลาอีร์คุตสค์
        :standard: เวลามาตรฐานอีร์คุตสค์
    :Israel: 
      :long: 
        :daylight: เวลาออมแสงอิสราเอล
        :generic: เวลาอิสราเอล
        :standard: เวลามาตรฐานอิสราเอล
    :Japan: 
      :long: 
        :daylight: เวลาออมแสงญี่ปุ่น
        :generic: เวลาญี่ปุ่น
        :standard: เวลามาตรฐานญี่ปุ่น
    :Kamchatka: 
      :long: 
        :daylight: เวลาฤดูร้อนเปโตรปัฟลอฟสค์-คัมชัตสกี
        :generic: เวลาคัมชัตคา
        :standard: เวลาเปโตรปัฟลอฟสค์-คัมชัตสกี
    :Kazakhstan_Eastern: 
      :long: 
        :standard: เวลาคาซัคสถานตะวันออก
    :Kazakhstan_Western: 
      :long: 
        :standard: เวลาคาซัคสถานตะวันตก
    :Korea: 
      :long: 
        :daylight: เวลาออมแสงเกาหลี
        :generic: เวลาเกาหลี
        :standard: เวลามาตรฐานเกาหลี
    :Kosrae: 
      :long: 
        :standard: เวลาคอสไร
    :Krasnoyarsk: 
      :long: 
        :daylight: เวลาฤดูร้อนครัสโนยาสค์
        :generic: เวลาครัสโนยาสค์
        :standard: เวลามาตรฐานครัสโนยาสค์
    :Kyrgystan: 
      :long: 
        :standard: เวลาคีร์กีซสถาน
    :Lanka: 
      :long: 
        :standard: เวลาลังกา
    :Line_Islands: 
      :long: 
        :standard: เวลาหมู่เกาะไลน์
    :Lord_Howe: 
      :long: 
        :daylight: เวลาออมแสงลอร์ดโฮว์
        :generic: เวลาลอร์ดโฮว์
        :standard: เวลามาตรฐานลอร์ดโฮว์
    :Macau: 
      :long: 
        :daylight: เวลาฤดูร้อนมาเก๊า
        :generic: เวลามาเก๊า
        :standard: เวลามาตรฐานมาเก๊า
    :Macquarie: 
      :long: 
        :standard: เวลาเกาะแมกควอรี
    :Magadan: 
      :long: 
        :daylight: เวลาฤดูร้อนมากาดาน
        :generic: เวลามากาดาน
        :standard: เวลามาตรฐานมากาดาน
    :Malaysia: 
      :long: 
        :standard: เวลามาเลเซีย
    :Maldives: 
      :long: 
        :standard: เวลามัลดีฟส์
    :Marquesas: 
      :long: 
        :standard: เวลามาร์เคซัส
    :Marshall_Islands: 
      :long: 
        :standard: เวลาหมู่เกาะมาร์แชลล์
    :Mauritius: 
      :long: 
        :daylight: เวลาฤดูร้อนของมอริเชียส
        :generic: เวลามอริเชียส
        :standard: เวลามาตรฐานมอริเชียส
    :Mawson: 
      :long: 
        :standard: เวลามอว์สัน
    :Mexico_Northwest: 
      :long: 
        :daylight: เวลาออมแสงเม็กซิโกตะวันตกเฉียงเหนือ
        :generic: เวลาเม็กซิโกตะวันตกเฉียงเหนือ
        :standard: เวลามาตรฐานเม็กซิโกตะวันตกเฉียงเหนือ
    :Mexico_Pacific: 
      :long: 
        :daylight: เวลาออมแสงแปซิฟิกเม็กซิโก
        :generic: เวลาแปซิฟิกเม็กซิโก
        :standard: เวลามาตรฐานแปซิฟิกเม็กซิโก
    :Mongolia: 
      :long: 
        :daylight: เวลาฤดูร้อนอูลานบาตอร์
        :generic: เวลาอูลานบาตอร์
        :standard: เวลามาตรฐานอูลานบาตอร์
    :Moscow: 
      :long: 
        :daylight: เวลาฤดูร้อนมอสโก
        :generic: เวลามอสโก
        :standard: เวลามาตรฐานมอสโก
    :Myanmar: 
      :long: 
        :standard: เวลาพม่า
    :Nauru: 
      :long: 
        :standard: เวลานาอูรู
    :Nepal: 
      :long: 
        :standard: เวลาเนปาล
    :New_Caledonia: 
      :long: 
        :daylight: เวลาฤดูร้อนนิวแคลิโดเนีย
        :generic: เวลานิวแคลิโดเนีย
        :standard: เวลามาตรฐานนิวแคลิโดเนีย
    :New_Zealand: 
      :long: 
        :daylight: เวลาออมแสงนิวซีแลนด์
        :generic: เวลานิวซีแลนด์
        :standard: เวลามาตรฐานนิวซีแลนด์
    :Newfoundland: 
      :long: 
        :daylight: เวลาออมแสงนิวฟันด์แลนด์
        :generic: เวลานิวฟันด์แลนด์
        :standard: เวลามาตรฐานนิวฟันด์แลนด์
    :Niue: 
      :long: 
        :standard: เวลานีอูเอ
    :Norfolk: 
      :long: 
        :daylight: เวลาออมแสงเกาะนอร์ฟอล์ก
        :generic: เวลาเกาะนอร์ฟอล์ก
        :standard: เวลามาตรฐานเกาะนอร์ฟอล์ก
    :Noronha: 
      :long: 
        :daylight: เวลาฤดูร้อนของหมู่เกาะเฟอร์นันโด
        :generic: เวลาหมู่เกาะเฟอร์นันโด
        :standard: เวลามาตรฐานหมู่เกาะเฟอร์นันโด
    :North_Mariana: 
      :long: 
        :standard: เวลาหมู่เกาะมาเรียนาเหนือ
    :Novosibirsk: 
      :long: 
        :daylight: เวลาฤดูร้อนโนโวซีบีสค์
        :generic: เวลาโนโวซีบีสค์
        :standard: เวลามาตรฐานโนโวซีบีสค์
    :Omsk: 
      :long: 
        :daylight: เวลาฤดูร้อนออมสค์
        :generic: เวลาออมสค์
        :standard: เวลามาตรฐานออมสค์
    :Pakistan: 
      :long: 
        :daylight: เวลาฤดูร้อนปากีสถาน
        :generic: เวลาปากีสถาน
        :standard: เวลามาตรฐานปากีสถาน
    :Palau: 
      :long: 
        :standard: เวลาปาเลา
    :Papua_New_Guinea: 
      :long: 
        :standard: เวลาปาปัวนิวกินี
    :Paraguay: 
      :long: 
        :daylight: เวลาฤดูร้อนปารากวัย
        :generic: เวลาปารากวัย
        :standard: เวลามาตรฐานปารากวัย
    :Peru: 
      :long: 
        :daylight: เวลาฤดูร้อนเปรู
        :generic: เวลาเปรู
        :standard: เวลามาตรฐานเปรู
    :Philippines: 
      :long: 
        :daylight: เวลาฤดูร้อนฟิลิปปินส์
        :generic: เวลาฟิลิปปินส์
        :standard: เวลามาตรฐานฟิลิปปินส์
    :Phoenix_Islands: 
      :long: 
        :standard: เวลาหมู่เกาะฟินิกซ์
    :Pierre_Miquelon: 
      :long: 
        :daylight: เวลาออมแสงของแซงปีแยร์และมีเกอลง
        :generic: เวลาแซงปีแยร์และมีเกอลง
        :standard: เวลามาตรฐานแซงปีแยร์และมีเกอลง
    :Pitcairn: 
      :long: 
        :standard: เวลาพิตแคร์น
    :Ponape: 
      :long: 
        :standard: เวลาโปนาเป
    :Pyongyang: 
      :long: 
        :standard: เวลาเปียงยาง
    :Qyzylorda: 
      :long: 
        :daylight: เวลาฤดูร้อนคืยซิลออร์ดา
        :generic: เวลาคืยซิลออร์ดา
        :standard: เวลามาตรฐานคืยซิลออร์ดา
    :Reunion: 
      :long: 
        :standard: เวลาเรอูนียง
    :Rothera: 
      :long: 
        :standard: เวลาโรธีรา
    :Sakhalin: 
      :long: 
        :daylight: เวลาฤดูร้อนซาคาลิน
        :generic: เวลาซาคาลิน
        :standard: เวลามาตรฐานซาคาลิน
    :Samara: 
      :long: 
        :daylight: เวลาฤดูร้อนซามารา
        :generic: เวลาซามารา
        :standard: เวลามาตรฐานซามารา
    :Samoa: 
      :long: 
        :daylight: เวลาฤดูร้อนซามัว
        :generic: เวลาซามัว
        :standard: เวลามาตรฐานซามัว
    :Seychelles: 
      :long: 
        :standard: เวลาเซเชลส์
    :Singapore: 
      :long: 
        :standard: เวลาสิงคโปร์
    :Solomon: 
      :long: 
        :standard: เวลาหมู่เกาะโซโลมอน
    :South_Georgia: 
      :long: 
        :standard: เวลาเซาท์จอร์เจีย
    :Suriname: 
      :long: 
        :standard: เวลาซูรินาเม
    :Syowa: 
      :long: 
        :standard: เวลาไซโยวา
    :Tahiti: 
      :long: 
        :standard: เวลาตาฮีตี
    :Taipei: 
      :long: 
        :daylight: เวลาออมแสงไทเป
        :generic: เวลาไทเป
        :standard: เวลามาตรฐานไทเป
    :Tajikistan: 
      :long: 
        :standard: เวลาทาจิกิสถาน
    :Tokelau: 
      :long: 
        :standard: เวลาโตเกเลา
    :Tonga: 
      :long: 
        :daylight: เวลาฤดูร้อนตองกา
        :generic: เวลาตองกา
        :standard: เวลามาตรฐานตองกา
    :Truk: 
      :long: 
        :standard: เวลาชุก
    :Turkmenistan: 
      :long: 
        :daylight: เวลาฤดูร้อนเติร์กเมนิสถาน
        :generic: เวลาเติร์กเมนิสถาน
        :standard: เวลามาตรฐานเติร์กเมนิสถาน
    :Tuvalu: 
      :long: 
        :standard: เวลาตูวาลู
    :Uruguay: 
      :long: 
        :daylight: เวลาฤดูร้อนอุรุกวัย
        :generic: เวลาอุรุกวัย
        :standard: เวลามาตรฐานอุรุกวัย
    :Uzbekistan: 
      :long: 
        :daylight: เวลาฤดูร้อนอุซเบกิสถาน
        :generic: เวลาอุซเบกิสถาน
        :standard: เวลามาตรฐานอุซเบกิสถาน
    :Vanuatu: 
      :long: 
        :daylight: เวลาฤดูร้อนวานูอาตู
        :generic: เวลาวานูอาตู
        :standard: เวลามาตรฐานวานูอาตู
    :Venezuela: 
      :long: 
        :standard: เวลาเวเนซุเอลา
    :Vladivostok: 
      :long: 
        :daylight: เวลาฤดูร้อนวลาดีวอสตอค
        :generic: เวลาวลาดีวอสตอค
        :standard: เวลามาตรฐานวลาดีวอสตอค
    :Volgograd: 
      :long: 
        :daylight: เวลาฤดูร้อนวอลโกกราด
        :generic: เวลาวอลโกกราด
        :standard: เวลามาตรฐานวอลโกกราด
    :Vostok: 
      :long: 
        :standard: เวลาวอสตอค
    :Wake: 
      :long: 
        :standard: เวลาเกาะเวก
    :Wallis: 
      :long: 
        :standard: เวลาวาลลิสและฟุตูนา
    :Yakutsk: 
      :long: 
        :daylight: เวลาฤดูร้อนยาคุตสค์
        :generic: เวลายาคุตสค์
        :standard: เวลามาตรฐานยาคุตสค์
    :Yekaterinburg: 
      :long: 
        :daylight: เวลาฤดูร้อนเยคาเตรินบูร์ก
        :generic: เวลาเยคาเตรินบูร์ก
        :standard: เวลามาตรฐานเยคาเตรินบูร์ก
  :timezones: 
    :Africa/Abidjan: 
      :city: อาบีจาน
    :Africa/Accra: 
      :city: อักกรา
    :Africa/Addis_Ababa: 
      :city: แอดดิสอาบาบา
    :Africa/Algiers: 
      :city: แอลเจียร์
    :Africa/Asmera: 
      :city: แอสมารา
    :Africa/Bamako: 
      :city: บามาโก
    :Africa/Bangui: 
      :city: บังกี
    :Africa/Banjul: 
      :city: บันจูล
    :Africa/Bissau: 
      :city: บิสเซา
    :Africa/Blantyre: 
      :city: แบลนไทร์
    :Africa/Brazzaville: 
      :city: บราซซาวิล
    :Africa/Bujumbura: 
      :city: บูจุมบูรา
    :Africa/Cairo: 
      :city: ไคโร
    :Africa/Casablanca: 
      :city: คาสซาบลางก้า
    :Africa/Ceuta: 
      :city: เซวตา
    :Africa/Conakry: 
      :city: โกนากรี
    :Africa/Dakar: 
      :city: ดาการ์
    :Africa/Dar_es_Salaam: 
      :city: ดาร์เอสซาลาม
    :Africa/Djibouti: 
      :city: จิบูตี
    :Africa/Douala: 
      :city: ดูอาลา
    :Africa/El_Aaiun: 
      :city: เอลไอย์อุง
    :Africa/Freetown: 
      :city: ฟรีทาวน์
    :Africa/Gaborone: 
      :city: กาโบโรเน
    :Africa/Harare: 
      :city: ฮาราเร
    :Africa/Johannesburg: 
      :city: โจฮันเนสเบอร์ก
    :Africa/Juba: 
      :city: จูบา
    :Africa/Kampala: 
      :city: คัมพาลา
    :Africa/Khartoum: 
      :city: คาร์ทูม
    :Africa/Kigali: 
      :city: คิกาลี
    :Africa/Kinshasa: 
      :city: กินชาซา
    :Africa/Lagos: 
      :city: ลากอส
    :Africa/Libreville: 
      :city: ลีเบรอวิล
    :Africa/Lome: 
      :city: โลเม
    :Africa/Luanda: 
      :city: ลูอันดา
    :Africa/Lubumbashi: 
      :city: ลูบัมบาชิ
    :Africa/Lusaka: 
      :city: ลูซากา
    :Africa/Malabo: 
      :city: มาลาโบ
    :Africa/Maputo: 
      :city: มาปูโต
    :Africa/Maseru: 
      :city: มาเซรู
    :Africa/Mbabane: 
      :city: อัมบาบาเน
    :Africa/Mogadishu: 
      :city: โมกาดิชู
    :Africa/Monrovia: 
      :city: มันโรเวีย
    :Africa/Nairobi: 
      :city: ไนโรเบีย
    :Africa/Ndjamena: 
      :city: เอ็นจาเมนา
    :Africa/Niamey: 
      :city: นีอาเมย์
    :Africa/Nouakchott: 
      :city: นูแอกชอต
    :Africa/Ouagadougou: 
      :city: วากาดูกู
    :Africa/Porto-Novo: 
      :city: ปอร์โต-โนโว
    :Africa/Sao_Tome: 
      :city: เซาตูเม
    :Africa/Tripoli: 
      :city: ตรีโปลี
    :Africa/Tunis: 
      :city: ตูนิส
    :Africa/Windhoek: 
      :city: วินด์ฮุก
    :America/Adak: 
      :city: เอดัก
    :America/Anchorage: 
      :city: แองเคอเรจ
    :America/Anguilla: 
      :city: แองกิลลา
    :America/Antigua: 
      :city: แอนติกา
    :America/Araguaina: 
      :city: อารากัวนา
    :America/Argentina/La_Rioja: 
      :city: ลาริโอจา
    :America/Argentina/Rio_Gallegos: 
      :city: ริโอกาลเลกอส
    :America/Argentina/Salta: 
      :city: ซัลตา
    :America/Argentina/San_Juan: 
      :city: ซานฮวน
    :America/Argentina/San_Luis: 
      :city: ซันลูอิส
    :America/Argentina/Tucuman: 
      :city: ทูคูแมน
    :America/Argentina/Ushuaia: 
      :city: อูชูเอีย
    :America/Aruba: 
      :city: อารูบา
    :America/Asuncion: 
      :city: อะซุนซิออง
    :America/Bahia: 
      :city: บาเยีย
    :America/Bahia_Banderas: 
      :city: บาเอียบันเดรัส
    :America/Barbados: 
      :city: บาร์เบโดส
    :America/Belem: 
      :city: เบเลง
    :America/Belize: 
      :city: เบลีซ
    :America/Blanc-Sablon: 
      :city: บลังค์-ซาบลอน
    :America/Boa_Vista: 
      :city: บัววีชตา
    :America/Bogota: 
      :city: โบโกตา
    :America/Boise: 
      :city: บอยซี
    :America/Buenos_Aires: 
      :city: บัวโนสไอเรส
    :America/Cambridge_Bay: 
      :city: อ่าวแคมบริดจ์
    :America/Campo_Grande: 
      :city: กัมปูกรันดี
    :America/Cancun: 
      :city: แคนคุน
    :America/Caracas: 
      :city: คาราคัส
    :America/Catamarca: 
      :city: กาตามาร์กา
    :America/Cayenne: 
      :city: กาแยน
    :America/Cayman: 
      :city: เคย์แมน
    :America/Chicago: 
      :city: ชิคาโก
    :America/Chihuahua: 
      :city: ชีวาวา
    :America/Coral_Harbour: 
      :city: คอรัลฮาร์เบอร์
    :America/Cordoba: 
      :city: คอร์โดบา
    :America/Costa_Rica: 
      :city: คอสตาริกา
    :America/Creston: 
      :city: เครสตัน
    :America/Cuiaba: 
      :city: กุยาบา
    :America/Curacao: 
      :city: คูราเซา
    :America/Danmarkshavn: 
      :city: ดานมาร์กสฮาวน์
    :America/Dawson: 
      :city: ดอว์สัน
    :America/Dawson_Creek: 
      :city: "ดอว์สัน ครีก"
    :America/Denver: 
      :city: เดนเวอร์
    :America/Detroit: 
      :city: ดีทรอยต์
    :America/Dominica: 
      :city: โดมินิกา
    :America/Edmonton: 
      :city: เอดมันตัน
    :America/Eirunepe: 
      :city: เอรูเนเป
    :America/El_Salvador: 
      :city: เอลซัลวาดอร์
    :America/Fort_Nelson: 
      :city: ฟอร์ตเนลสัน
    :America/Fortaleza: 
      :city: ฟอร์ตาเลซา
    :America/Glace_Bay: 
      :city: เกลซเบย์
    :America/Godthab: 
      :city: กอดแธบ
    :America/Goose_Bay: 
      :city: กูสเบย์
    :America/Grand_Turk: 
      :city: แกรนด์เติร์ก
    :America/Grenada: 
      :city: เกรนาดา
    :America/Guadeloupe: 
      :city: กวาเดอลูป
    :America/Guatemala: 
      :city: กัวเตมาลา
    :America/Guayaquil: 
      :city: กัวยากิล
    :America/Guyana: 
      :city: กายอานา
    :America/Halifax: 
      :city: แฮลิแฟกซ์
    :America/Havana: 
      :city: ฮาวานา
    :America/Hermosillo: 
      :city: เอร์โมซีโย
    :America/Indiana/Knox: 
      :city: "นอกซ์, อินดีแอนา"
    :America/Indiana/Marengo: 
      :city: "มาเรงโก, อินดีแอนา"
    :America/Indiana/Petersburg: 
      :city: "ปีเตอร์สเบิร์ก, อินดีแอนา"
    :America/Indiana/Tell_City: 
      :city: "เทลล์ซิตี, อินดีแอนา"
    :America/Indiana/Vevay: 
      :city: "วีเวย์, อินดีแอนา"
    :America/Indiana/Vincennes: 
      :city: "วินเซนเนส, อินดีแอนา"
    :America/Indiana/Winamac: 
      :city: "วินาแมค, อินดีแอนา"
    :America/Indianapolis: 
      :city: อินเดียแนโพลิส
    :America/Inuvik: 
      :city: อินูวิก
    :America/Iqaluit: 
      :city: อีกวาลิต
    :America/Jamaica: 
      :city: จาเมกา
    :America/Jujuy: 
      :city: จูจิว
    :America/Juneau: 
      :city: จูโน
    :America/Kentucky/Monticello: 
      :city: "มอนติเซลโล, เคนตักกี"
    :America/Kralendijk: 
      :city: คราเลนดิจค์
    :America/La_Paz: 
      :city: ลาปาซ
    :America/Lima: 
      :city: ลิมา
    :America/Los_Angeles: 
      :city: ลอสแองเจลิส
    :America/Louisville: 
      :city: ลูส์วิลล์
    :America/Lower_Princes: 
      :city: "โลเวอร์พรินซ์ ควอเตอร์"
    :America/Maceio: 
      :city: มาเซโอ
    :America/Managua: 
      :city: มานากัว
    :America/Manaus: 
      :city: มาเนาส์
    :America/Marigot: 
      :city: มาริโกต์
    :America/Martinique: 
      :city: มาร์ตินีก
    :America/Matamoros: 
      :city: มาตาโมรอส
    :America/Mazatlan: 
      :city: มาซาทลาน
    :America/Mendoza: 
      :city: เมนดูซา
    :America/Menominee: 
      :city: เมโนมินี
    :America/Merida: 
      :city: เมรีดา
    :America/Metlakatla: 
      :city: เมทลากาตละ
    :America/Mexico_City: 
      :city: เม็กซิโกซิตี
    :America/Miquelon: 
      :city: มีเกอลง
    :America/Moncton: 
      :city: มองตัน
    :America/Monterrey: 
      :city: มอนเตร์เรย์
    :America/Montevideo: 
      :city: มอนเตวิเดโอ
    :America/Montserrat: 
      :city: มอนเซอร์รัต
    :America/Nassau: 
      :city: แนสซอ
    :America/New_York: 
      :city: นิวยอร์ก
    :America/Nipigon: 
      :city: นิปิกอน
    :America/Nome: 
      :city: นอม
    :America/Noronha: 
      :city: โนรอนฮา
    :America/North_Dakota/Beulah: 
      :city: "โบลาห์, นอร์ทดาโคตา"
    :America/North_Dakota/Center: 
      :city: "เซนเตอร์, นอร์ทดาโคตา"
    :America/North_Dakota/New_Salem: 
      :city: "นิวเซเลม, นอร์ทดาโคตา"
    :America/Ojinaga: 
      :city: โอจินากา
    :America/Panama: 
      :city: ปานามา
    :America/Pangnirtung: 
      :city: พางนีทัง
    :America/Paramaribo: 
      :city: ปารามาริโบ
    :America/Phoenix: 
      :city: ฟินิกซ์
    :America/Port-au-Prince: 
      :city: ปอร์โตแปรงซ์
    :America/Port_of_Spain: 
      :city: พอร์ทออฟสเปน
    :America/Porto_Velho: 
      :city: ปอร์ตูเวลโย
    :America/Puerto_Rico: 
      :city: เปอโตริโก
    :America/Punta_Arenas: 
      :city: ปุนตาอาเรนัส
    :America/Rainy_River: 
      :city: เรนนี่ริเวอร์
    :America/Rankin_Inlet: 
      :city: แรงกินอินเล็ต
    :America/Recife: 
      :city: เรซีเฟ
    :America/Regina: 
      :city: ริไจนา
    :America/Resolute: 
      :city: เรโซลูท
    :America/Rio_Branco: 
      :city: รีโอบรังโก
    :America/Santa_Isabel: 
      :city: ซานตาอิซาเบล
    :America/Santarem: 
      :city: ซันตาเรม
    :America/Santiago: 
      :city: ซันติอาโก
    :America/Santo_Domingo: 
      :city: "ซานโต โดมิงโก"
    :America/Sao_Paulo: 
      :city: เซาเปาลู
    :America/Scoresbysund: 
      :city: สกอเรสไบซันด์
    :America/Sitka: 
      :city: ซิตกา
    :America/St_Barthelemy: 
      :city: เซนต์บาร์เธเลมี
    :America/St_Johns: 
      :city: เซนต์จอนส์
    :America/St_Kitts: 
      :city: เซนต์คิตส์
    :America/St_Lucia: 
      :city: เซนต์ลูเซีย
    :America/St_Thomas: 
      :city: เซนต์โธมัส
    :America/St_Vincent: 
      :city: เซนต์วินเซนต์
    :America/Swift_Current: 
      :city: สวิฟต์เคอร์เรนต์
    :America/Tegucigalpa: 
      :city: เตกูซิกัลปา
    :America/Thule: 
      :city: ทูเล
    :America/Thunder_Bay: 
      :city: ทันเดอร์เบย์
    :America/Tijuana: 
      :city: ทิฮัวนา
    :America/Toronto: 
      :city: โทรอนโต
    :America/Tortola: 
      :city: ตอร์โตลา
    :America/Vancouver: 
      :city: แวนคูเวอร์
    :America/Whitehorse: 
      :city: ไวต์ฮอร์ส
    :America/Winnipeg: 
      :city: วินนิเพก
    :America/Yakutat: 
      :city: ยากูทัต
    :America/Yellowknife: 
      :city: เยลโลว์ไนฟ์
    :Antarctica/Casey: 
      :city: เคซีย์
    :Antarctica/Davis: 
      :city: เดวิส
    :Antarctica/DumontDUrville: 
      :city: ดูมองต์ดูร์วิลล์
    :Antarctica/Macquarie: 
      :city: แมคควอรี
    :Antarctica/Mawson: 
      :city: มอว์สัน
    :Antarctica/McMurdo: 
      :city: แมคมัวโด
    :Antarctica/Palmer: 
      :city: พาล์เมอร์
    :Antarctica/Rothera: 
      :city: โรธีรา
    :Antarctica/Syowa: 
      :city: ไซโยวา
    :Antarctica/Troll: 
      :city: โทรล
    :Antarctica/Vostok: 
      :city: วอสตอค
    :Arctic/Longyearbyen: 
      :city: ลองเยียร์เบียน
    :Asia/Aden: 
      :city: เอเดน
    :Asia/Almaty: 
      :city: อัลมาตี
    :Asia/Amman: 
      :city: อัมมาน
    :Asia/Anadyr: 
      :city: อานาดีร์
    :Asia/Aqtau: 
      :city: อัคตาอู
    :Asia/Aqtobe: 
      :city: อัคโทบี
    :Asia/Ashgabat: 
      :city: อาชกาบัต
    :Asia/Atyrau: 
      :city: อทีราว
    :Asia/Baghdad: 
      :city: แบกแดด
    :Asia/Bahrain: 
      :city: บาห์เรน
    :Asia/Baku: 
      :city: บากู
    :Asia/Bangkok: 
      :city: กรุงเทพ
    :Asia/Barnaul: 
      :city: บาร์เนาว์
    :Asia/Beirut: 
      :city: เบรุต
    :Asia/Bishkek: 
      :city: บิชเคก
    :Asia/Brunei: 
      :city: บรูไน
    :Asia/Calcutta: 
      :city: โกลกาตา
    :Asia/Chita: 
      :city: ชิตา
    :Asia/Choibalsan: 
      :city: ชอยบาลซาน
    :Asia/Colombo: 
      :city: โคลัมโบ
    :Asia/Damascus: 
      :city: ดามัสกัส
    :Asia/Dhaka: 
      :city: ดากา
    :Asia/Dili: 
      :city: ดิลี
    :Asia/Dubai: 
      :city: ดูไบ
    :Asia/Dushanbe: 
      :city: ดูชานเบ
    :Asia/Famagusta: 
      :city: แฟมากุสตา
    :Asia/Gaza: 
      :city: กาซา
    :Asia/Hebron: 
      :city: เฮบรอน
    :Asia/Hong_Kong: 
      :city: ฮ่องกง
    :Asia/Hovd: 
      :city: ฮอฟด์
    :Asia/Irkutsk: 
      :city: อีร์คุตสค์
    :Asia/Jakarta: 
      :city: จาการ์ตา
    :Asia/Jayapura: 
      :city: จายาปุระ
    :Asia/Jerusalem: 
      :city: เยรูซาเลม
    :Asia/Kabul: 
      :city: คาบูล
    :Asia/Kamchatka: 
      :city: คามชัตกา
    :Asia/Karachi: 
      :city: การาจี
    :Asia/Katmandu: 
      :city: กาตมันดุ
    :Asia/Khandyga: 
      :city: ฮันดืยกา
    :Asia/Krasnoyarsk: 
      :city: ครัสโนยาร์สก์
    :Asia/Kuala_Lumpur: 
      :city: กัวลาลัมเปอร์
    :Asia/Kuching: 
      :city: กูชิง
    :Asia/Kuwait: 
      :city: คูเวต
    :Asia/Macau: 
      :city: มาเก๊า
    :Asia/Magadan: 
      :city: มากาดาน
    :Asia/Makassar: 
      :city: มากัสซาร์
    :Asia/Manila: 
      :city: มะนิลา
    :Asia/Muscat: 
      :city: มัสกัต
    :Asia/Nicosia: 
      :city: นิโคเซีย
    :Asia/Novokuznetsk: 
      :city: โนโวคุซเนตสค์
    :Asia/Novosibirsk: 
      :city: โนโวซิบิร์สก์
    :Asia/Omsk: 
      :city: โอมสก์
    :Asia/Oral: 
      :city: ออรัล
    :Asia/Phnom_Penh: 
      :city: พนมเปญ
    :Asia/Pontianak: 
      :city: พอนเทียนัก
    :Asia/Pyongyang: 
      :city: เปียงยาง
    :Asia/Qatar: 
      :city: กาตาร์
    :Asia/Qostanay: 
      :city: คอสตาเนย์
    :Asia/Qyzylorda: 
      :city: ไคซีลอร์ดา
    :Asia/Rangoon: 
      :city: ย่างกุ้ง
    :Asia/Riyadh: 
      :city: ริยาร์ด
    :Asia/Saigon: 
      :city: นครโฮจิมินห์
    :Asia/Sakhalin: 
      :city: ซาคาลิน
    :Asia/Samarkand: 
      :city: ซามาร์กานด์
    :Asia/Seoul: 
      :city: โซล
    :Asia/Shanghai: 
      :city: เซี่ยงไฮ้
    :Asia/Singapore: 
      :city: สิงคโปร์
    :Asia/Srednekolymsk: 
      :city: ซเรดเนคโคลิมสก์
    :Asia/Taipei: 
      :city: ไทเป
    :Asia/Tashkent: 
      :city: ทาชเคนต์
    :Asia/Tbilisi: 
      :city: ทบิลิซิ
    :Asia/Tehran: 
      :city: เตหะราน
    :Asia/Thimphu: 
      :city: ทิมพู
    :Asia/Tokyo: 
      :city: โตเกียว
    :Asia/Tomsk: 
      :city: ตอมสค์
    :Asia/Ulaanbaatar: 
      :city: อูลานบาตอร์
    :Asia/Urumqi: 
      :city: อุรุมชี
    :Asia/Ust-Nera: 
      :city: อุสต์เนรา
    :Asia/Vientiane: 
      :city: เวียงจันทน์
    :Asia/Vladivostok: 
      :city: วลาดิโวสต็อก
    :Asia/Yakutsk: 
      :city: ยาคุตสค์
    :Asia/Yekaterinburg: 
      :city: ยีคาเตอรินเบิร์ก
    :Asia/Yerevan: 
      :city: เยเรวาน
    :Atlantic/Azores: 
      :city: อาซอเรส
    :Atlantic/Bermuda: 
      :city: เบอร์มิวดา
    :Atlantic/Canary: 
      :city: คะเนรี
    :Atlantic/Cape_Verde: 
      :city: เคปเวิร์ด
    :Atlantic/Faeroe: 
      :city: แฟโร
    :Atlantic/Madeira: 
      :city: มาเดรา
    :Atlantic/Reykjavik: 
      :city: เรคยาวิก
    :Atlantic/South_Georgia: 
      :city: "เซาท์ จอร์เจีย"
    :Atlantic/St_Helena: 
      :city: เซนต์เฮเลนา
    :Atlantic/Stanley: 
      :city: สแตนลีย์
    :Australia/Adelaide: 
      :city: แอดิเลด
    :Australia/Brisbane: 
      :city: บริสเบน
    :Australia/Broken_Hill: 
      :city: โบรกเคนฮิลล์
    :Australia/Currie: 
      :city: คูร์รี
    :Australia/Darwin: 
      :city: ดาร์วิน
    :Australia/Eucla: 
      :city: ยูคลา
    :Australia/Hobart: 
      :city: โฮบาร์ต
    :Australia/Lindeman: 
      :city: ลินดีแมน
    :Australia/Lord_Howe: 
      :city: ลอร์ดโฮว์
    :Australia/Melbourne: 
      :city: เมลเบิร์น
    :Australia/Perth: 
      :city: เพิร์ท
    :Australia/Sydney: 
      :city: ซิดนีย์
    :Etc/UTC: 
      :long: 
        :standard: เวลาสากลเชิงพิกัด
      :short: 
        :standard: UTC
    :Etc/Unknown: 
      :city: ไม่ทราบชื่อเมือง
    :Europe/Amsterdam: 
      :city: อัมสเตอดัม
    :Europe/Andorra: 
      :city: อันดอร์รา
    :Europe/Astrakhan: 
      :city: แอสตราคาน
    :Europe/Athens: 
      :city: เอเธนส์
    :Europe/Belgrade: 
      :city: เบลเกรด
    :Europe/Berlin: 
      :city: เบอร์ลิน
    :Europe/Bratislava: 
      :city: บราติสลาวา
    :Europe/Brussels: 
      :city: บรัสเซลส์
    :Europe/Bucharest: 
      :city: บูคาเรส
    :Europe/Budapest: 
      :city: บูดาเปส
    :Europe/Busingen: 
      :city: บุสซิงเง็น
    :Europe/Chisinau: 
      :city: คีชีเนา
    :Europe/Copenhagen: 
      :city: โคเปนเฮเกน
    :Europe/Dublin: 
      :city: ดับบลิน
      :long: 
        :daylight: เวลามาตรฐานไอร์แลนด์
    :Europe/Gibraltar: 
      :city: ยิบรอลตาร์
    :Europe/Guernsey: 
      :city: เกิร์นซีย์
    :Europe/Helsinki: 
      :city: เฮลซิงกิ
    :Europe/Isle_of_Man: 
      :city: เกาะแมน
    :Europe/Istanbul: 
      :city: อิสตันบูล
    :Europe/Jersey: 
      :city: เจอร์ซีย์
    :Europe/Kaliningrad: 
      :city: คาลินิงกราด
    :Europe/Kiev: 
      :city: เคียฟ
    :Europe/Kirov: 
      :city: คิรอฟ
    :Europe/Lisbon: 
      :city: ลิสบอน
    :Europe/Ljubljana: 
      :city: ลูบลิยานา
    :Europe/London: 
      :city: ลอนดอน
      :long: 
        :daylight: เวลาฤดูร้อนอังกฤษ
    :Europe/Luxembourg: 
      :city: ลักเซมเบิร์ก
    :Europe/Madrid: 
      :city: มาดริด
    :Europe/Malta: 
      :city: มอลตา
    :Europe/Mariehamn: 
      :city: มารีฮามน์
    :Europe/Minsk: 
      :city: มินสก์
    :Europe/Monaco: 
      :city: โมนาโก
    :Europe/Moscow: 
      :city: มอสโก
    :Europe/Oslo: 
      :city: ออสโล
    :Europe/Paris: 
      :city: ปารีส
    :Europe/Podgorica: 
      :city: พอดกอรีตซา
    :Europe/Prague: 
      :city: ปราก
    :Europe/Riga: 
      :city: ริกา
    :Europe/Rome: 
      :city: โรม
    :Europe/Samara: 
      :city: ซามารา
    :Europe/San_Marino: 
      :city: ซานมารีโน
    :Europe/Sarajevo: 
      :city: ซาราเยโว
    :Europe/Saratov: 
      :city: ซาราทอฟ
    :Europe/Simferopol: 
      :city: ซิมเฟอโรโปล
    :Europe/Skopje: 
      :city: สโกเปีย
    :Europe/Sofia: 
      :city: โซเฟีย
    :Europe/Stockholm: 
      :city: สตอกโฮล์ม
    :Europe/Tallinn: 
      :city: ทาลลินน์
    :Europe/Tirane: 
      :city: ติรานา
    :Europe/Ulyanovsk: 
      :city: อะลิยานอฟ
    :Europe/Uzhgorod: 
      :city: อัซโกร็อด
    :Europe/Vaduz: 
      :city: วาดุซ
    :Europe/Vatican: 
      :city: วาติกัน
    :Europe/Vienna: 
      :city: เวียนนา
    :Europe/Vilnius: 
      :city: วิลนีอุส
    :Europe/Volgograd: 
      :city: วอลโกกราด
    :Europe/Warsaw: 
      :city: วอร์ซอ
    :Europe/Zagreb: 
      :city: ซาเกร็บ
    :Europe/Zaporozhye: 
      :city: ซาโปโรซี
    :Europe/Zurich: 
      :city: ซูริค
    :Indian/Antananarivo: 
      :city: อันตานานาริโว
    :Indian/Chagos: 
      :city: ชากัส
    :Indian/Christmas: 
      :city: คริสต์มาส
    :Indian/Cocos: 
      :city: โคโคส
    :Indian/Comoro: 
      :city: โคโมโร
    :Indian/Kerguelen: 
      :city: แกร์เกอลอง
    :Indian/Mahe: 
      :city: มาเอ
    :Indian/Maldives: 
      :city: มัลดีฟส์
    :Indian/Mauritius: 
      :city: มอริเชียส
    :Indian/Mayotte: 
      :city: มาโยเต
    :Indian/Reunion: 
      :city: เรอูนียง
    :Pacific/Apia: 
      :city: อาปีอา
    :Pacific/Auckland: 
      :city: โอคแลนด์
    :Pacific/Bougainville: 
      :city: บูเกนวิลล์
    :Pacific/Chatham: 
      :city: แชทัม
    :Pacific/Easter: 
      :city: อีสเตอร์
    :Pacific/Efate: 
      :city: เอฟาเต
    :Pacific/Enderbury: 
      :city: เอนเดอร์เบอรี
    :Pacific/Fakaofo: 
      :city: ฟาเคาโฟ
    :Pacific/Fiji: 
      :city: ฟิจิ
    :Pacific/Funafuti: 
      :city: ฟูนะฟูตี
    :Pacific/Galapagos: 
      :city: กาลาปาโกส
    :Pacific/Gambier: 
      :city: แกมเบียร์
    :Pacific/Guadalcanal: 
      :city: กัวดัลคานัล
    :Pacific/Guam: 
      :city: กวม
    :Pacific/Honolulu: 
      :city: โฮโนลูลู
    :Pacific/Johnston: 
      :city: จอห์นสตัน
    :Pacific/Kiritimati: 
      :city: คิริทิมาตี
    :Pacific/Kosrae: 
      :city: คอสไร
    :Pacific/Kwajalein: 
      :city: ควาจาเลน
    :Pacific/Majuro: 
      :city: มาจูโร
    :Pacific/Marquesas: 
      :city: มาร์เคซัส
    :Pacific/Midway: 
      :city: มิดเวย์
    :Pacific/Nauru: 
      :city: นาอูรู
    :Pacific/Niue: 
      :city: นีอูเอ
    :Pacific/Norfolk: 
      :city: นอร์ฟอล์ก
    :Pacific/Noumea: 
      :city: นูเมอา
    :Pacific/Pago_Pago: 
      :city: "ปาโก ปาโก"
    :Pacific/Palau: 
      :city: ปาเลา
    :Pacific/Pitcairn: 
      :city: พิตแคร์น
    :Pacific/Ponape: 
      :city: โปนาเป
    :Pacific/Port_Moresby: 
      :city: พอร์ตมอร์สบี
    :Pacific/Rarotonga: 
      :city: ราโรตองกา
    :Pacific/Saipan: 
      :city: ไซปัน
    :Pacific/Tahiti: 
      :city: ตาฮีตี
    :Pacific/Tarawa: 
      :city: ตาระวา
    :Pacific/Tongatapu: 
      :city: ตองกาตาปู
    :Pacific/Truk: 
      :city: ทรัก
    :Pacific/Wake: 
      :city: เวก
    :Pacific/Wallis: 
      :city: วาลลิส
