--- 
:en-GB: 
  :formats: 
    :fallback_formats: 
      :generic: "{1} ({0})"
    :gmt_formats: 
      :generic: "GMT{0}"
    :gmt_zero_formats: 
      :generic: GMT
    :hour_formats: 
      :generic: "+HH:mm;-HH:mm"
    :region_formats: 
      :daylight: "{0} Daylight Time"
      :generic: "{0} Time"
      :standard: "{0} Standard Time"
  :metazones: 
    :Acre: 
      :long: 
        :daylight: "Acre Summer Time"
        :generic: "Acre Time"
        :standard: "Acre Standard Time"
    :Afghanistan: 
      :long: 
        :standard: "Afghanistan Time"
    :Africa_Central: 
      :long: 
        :standard: "Central Africa Time"
    :Africa_Eastern: 
      :long: 
        :standard: "East Africa Time"
    :Africa_Southern: 
      :long: 
        :standard: "South Africa Standard Time"
    :Africa_Western: 
      :long: 
        :daylight: "West Africa Summer Time"
        :generic: "West Africa Time"
        :standard: "West Africa Standard Time"
    :Alaska: 
      :long: 
        :daylight: "Alaska Daylight Time"
        :generic: "Alaska Time"
        :standard: "Alaska Standard Time"
    :Almaty: 
      :long: 
        :daylight: "Almaty Summer Time"
        :generic: "Almaty Time"
        :standard: "Almaty Standard Time"
    :Amazon: 
      :long: 
        :daylight: "Amazon Summer Time"
        :generic: "Amazon Time"
        :standard: "Amazon Standard Time"
    :America_Central: 
      :long: 
        :daylight: "Central Daylight Time"
        :generic: "Central Time"
        :standard: "Central Standard Time"
    :America_Eastern: 
      :long: 
        :daylight: "Eastern Daylight Time"
        :generic: "Eastern Time"
        :standard: "Eastern Standard Time"
    :America_Mountain: 
      :long: 
        :daylight: "Mountain Daylight Time"
        :generic: "Mountain Time"
        :standard: "Mountain Standard Time"
    :America_Pacific: 
      :long: 
        :daylight: "Pacific Daylight Time"
        :generic: "Pacific Time"
        :standard: "Pacific Standard Time"
    :Anadyr: 
      :long: 
        :daylight: "Anadyr Summer Time"
        :generic: "Anadyr Time"
        :standard: "Anadyr Standard Time"
    :Apia: 
      :long: 
        :daylight: "Apia Daylight Time"
        :generic: "Apia Time"
        :standard: "Apia Standard Time"
    :Aqtau: 
      :long: 
        :daylight: "Aqtau Summer Time"
        :generic: "Aqtau Time"
        :standard: "Aqtau Standard Time"
    :Aqtobe: 
      :long: 
        :daylight: "Aqtobe Summer Time"
        :generic: "Aqtobe Time"
        :standard: "Aqtobe Standard Time"
    :Arabian: 
      :long: 
        :daylight: "Arabian Daylight Time"
        :generic: "Arabian Time"
        :standard: "Arabian Standard Time"
    :Argentina: 
      :long: 
        :daylight: "Argentina Summer Time"
        :generic: "Argentina Time"
        :standard: "Argentina Standard Time"
    :Argentina_Western: 
      :long: 
        :daylight: "Western Argentina Summer Time"
        :generic: "Western Argentina Time"
        :standard: "Western Argentina Standard Time"
    :Armenia: 
      :long: 
        :daylight: "Armenia Summer Time"
        :generic: "Armenia Time"
        :standard: "Armenia Standard Time"
    :Atlantic: 
      :long: 
        :daylight: "Atlantic Daylight Time"
        :generic: "Atlantic Time"
        :standard: "Atlantic Standard Time"
    :Australia_Central: 
      :long: 
        :daylight: "Australian Central Daylight Time"
        :generic: "Central Australia Time"
        :standard: "Australian Central Standard Time"
    :Australia_CentralWestern: 
      :long: 
        :daylight: "Australian Central Western Daylight Time"
        :generic: "Australian Central Western Time"
        :standard: "Australian Central Western Standard Time"
    :Australia_Eastern: 
      :long: 
        :daylight: "Australian Eastern Daylight Time"
        :generic: "Eastern Australia Time"
        :standard: "Australian Eastern Standard Time"
    :Australia_Western: 
      :long: 
        :daylight: "Australian Western Daylight Time"
        :generic: "Western Australia Time"
        :standard: "Australian Western Standard Time"
    :Azerbaijan: 
      :long: 
        :daylight: "Azerbaijan Summer Time"
        :generic: "Azerbaijan Time"
        :standard: "Azerbaijan Standard Time"
    :Azores: 
      :long: 
        :daylight: "Azores Summer Time"
        :generic: "Azores Time"
        :standard: "Azores Standard Time"
    :Bangladesh: 
      :long: 
        :daylight: "Bangladesh Summer Time"
        :generic: "Bangladesh Time"
        :standard: "Bangladesh Standard Time"
    :Bhutan: 
      :long: 
        :standard: "Bhutan Time"
    :Bolivia: 
      :long: 
        :standard: "Bolivia Time"
    :Brasilia: 
      :long: 
        :daylight: "Brasilia Summer Time"
        :generic: "Brasilia Time"
        :standard: "Brasilia Standard Time"
    :Brunei: 
      :long: 
        :standard: "Brunei Darussalam Time"
    :Cape_Verde: 
      :long: 
        :daylight: "Cape Verde Summer Time"
        :generic: "Cape Verde Time"
        :standard: "Cape Verde Standard Time"
    :Casey: 
      :long: 
        :standard: "Casey Time"
    :Chamorro: 
      :long: 
        :standard: "Chamorro Standard Time"
    :Chatham: 
      :long: 
        :daylight: "Chatham Daylight Time"
        :generic: "Chatham Time"
        :standard: "Chatham Standard Time"
    :Chile: 
      :long: 
        :daylight: "Chile Summer Time"
        :generic: "Chile Time"
        :standard: "Chile Standard Time"
    :China: 
      :long: 
        :daylight: "China Daylight Time"
        :generic: "China Time"
        :standard: "China Standard Time"
    :Choibalsan: 
      :long: 
        :daylight: "Choibalsan Summer Time"
        :generic: "Choibalsan Time"
        :standard: "Choibalsan Standard Time"
    :Christmas: 
      :long: 
        :standard: "Christmas Island Time"
    :Cocos: 
      :long: 
        :standard: "Cocos Islands Time"
    :Colombia: 
      :long: 
        :daylight: "Colombia Summer Time"
        :generic: "Colombia Time"
        :standard: "Colombia Standard Time"
    :Cook: 
      :long: 
        :daylight: "Cook Islands Half Summer Time"
        :generic: "Cook Islands Time"
        :standard: "Cook Islands Standard Time"
    :Cuba: 
      :long: 
        :daylight: "Cuba Daylight Time"
        :generic: "Cuba Time"
        :standard: "Cuba Standard Time"
    :Davis: 
      :long: 
        :standard: "Davis Time"
    :DumontDUrville: 
      :long: 
        :standard: "Dumont-d’Urville Time"
    :East_Timor: 
      :long: 
        :standard: "East Timor Time"
    :Easter: 
      :long: 
        :daylight: "Easter Island Summer Time"
        :generic: "Easter Island Time"
        :standard: "Easter Island Standard Time"
    :Ecuador: 
      :long: 
        :standard: "Ecuador Time"
    :Europe_Central: 
      :long: 
        :daylight: "Central European Summer Time"
        :generic: "Central European Time"
        :standard: "Central European Standard Time"
      :short: 
        :daylight: CEST
        :generic: CET
        :standard: CET
    :Europe_Eastern: 
      :long: 
        :daylight: "Eastern European Summer Time"
        :generic: "Eastern European Time"
        :standard: "Eastern European Standard Time"
      :short: 
        :daylight: EEST
        :generic: EET
        :standard: EET
    :Europe_Further_Eastern: 
      :long: 
        :standard: "Further-eastern European Time"
    :Europe_Western: 
      :long: 
        :daylight: "Western European Summer Time"
        :generic: "Western European Time"
        :standard: "Western European Standard Time"
      :short: 
        :daylight: WEST
        :generic: WET
        :standard: WET
    :Falkland: 
      :long: 
        :daylight: "Falkland Islands Summer Time"
        :generic: "Falkland Islands Time"
        :standard: "Falkland Islands Standard Time"
    :Fiji: 
      :long: 
        :daylight: "Fiji Summer Time"
        :generic: "Fiji Time"
        :standard: "Fiji Standard Time"
    :French_Guiana: 
      :long: 
        :standard: "French Guiana Time"
    :French_Southern: 
      :long: 
        :standard: "French Southern & Antarctic Time"
    :GMT: 
      :long: 
        :standard: "Greenwich Mean Time"
      :short: 
        :standard: GMT
    :Galapagos: 
      :long: 
        :standard: "Galapagos Time"
    :Gambier: 
      :long: 
        :standard: "Gambier Time"
    :Georgia: 
      :long: 
        :daylight: "Georgia Summer Time"
        :generic: "Georgia Time"
        :standard: "Georgia Standard Time"
    :Gilbert_Islands: 
      :long: 
        :standard: "Gilbert Islands Time"
    :Greenland_Eastern: 
      :long: 
        :daylight: "East Greenland Summer Time"
        :generic: "East Greenland Time"
        :standard: "East Greenland Standard Time"
    :Greenland_Western: 
      :long: 
        :daylight: "West Greenland Summer Time"
        :generic: "West Greenland Time"
        :standard: "West Greenland Standard Time"
    :Guam: 
      :long: 
        :standard: "Guam Standard Time"
    :Gulf: 
      :long: 
        :standard: "Gulf Standard Time"
    :Guyana: 
      :long: 
        :standard: "Guyana Time"
    :Hawaii_Aleutian: 
      :long: 
        :daylight: "Hawaii-Aleutian Daylight Time"
        :generic: "Hawaii-Aleutian Time"
        :standard: "Hawaii-Aleutian Standard Time"
    :Hong_Kong: 
      :long: 
        :daylight: "Hong Kong Summer Time"
        :generic: "Hong Kong Time"
        :standard: "Hong Kong Standard Time"
    :Hovd: 
      :long: 
        :daylight: "Hovd Summer Time"
        :generic: "Hovd Time"
        :standard: "Hovd Standard Time"
    :India: 
      :long: 
        :standard: "India Standard Time"
    :Indian_Ocean: 
      :long: 
        :standard: "Indian Ocean Time"
    :Indochina: 
      :long: 
        :standard: "Indochina Time"
    :Indonesia_Central: 
      :long: 
        :standard: "Central Indonesia Time"
    :Indonesia_Eastern: 
      :long: 
        :standard: "Eastern Indonesia Time"
    :Indonesia_Western: 
      :long: 
        :standard: "Western Indonesia Time"
    :Iran: 
      :long: 
        :daylight: "Iran Daylight Time"
        :generic: "Iran Time"
        :standard: "Iran Standard Time"
    :Irkutsk: 
      :long: 
        :daylight: "Irkutsk Summer Time"
        :generic: "Irkutsk Time"
        :standard: "Irkutsk Standard Time"
    :Israel: 
      :long: 
        :daylight: "Israel Daylight Time"
        :generic: "Israel Time"
        :standard: "Israel Standard Time"
    :Japan: 
      :long: 
        :daylight: "Japan Daylight Time"
        :generic: "Japan Time"
        :standard: "Japan Standard Time"
    :Kamchatka: 
      :long: 
        :daylight: "Petropavlovsk-Kamchatski Summer Time"
        :generic: "Petropavlovsk-Kamchatski Time"
        :standard: "Petropavlovsk-Kamchatski Standard Time"
    :Kazakhstan_Eastern: 
      :long: 
        :standard: "East Kazakhstan Time"
    :Kazakhstan_Western: 
      :long: 
        :standard: "West Kazakhstan Time"
    :Korea: 
      :long: 
        :daylight: "Korean Daylight Time"
        :generic: "Korean Time"
        :standard: "Korean Standard Time"
    :Kosrae: 
      :long: 
        :standard: "Kosrae Time"
    :Krasnoyarsk: 
      :long: 
        :daylight: "Krasnoyarsk Summer Time"
        :generic: "Krasnoyarsk Time"
        :standard: "Krasnoyarsk Standard Time"
    :Kyrgystan: 
      :long: 
        :standard: "Kyrgyzstan Time"
    :Lanka: 
      :long: 
        :standard: "Lanka Time"
    :Line_Islands: 
      :long: 
        :standard: "Line Islands Time"
    :Lord_Howe: 
      :long: 
        :daylight: "Lord Howe Daylight Time"
        :generic: "Lord Howe Time"
        :standard: "Lord Howe Standard Time"
    :Macau: 
      :long: 
        :daylight: "Macao Summer Time"
        :generic: "Macao Time"
        :standard: "Macao Standard Time"
    :Macquarie: 
      :long: 
        :standard: "Macquarie Island Time"
    :Magadan: 
      :long: 
        :daylight: "Magadan Summer Time"
        :generic: "Magadan Time"
        :standard: "Magadan Standard Time"
    :Malaysia: 
      :long: 
        :standard: "Malaysia Time"
    :Maldives: 
      :long: 
        :standard: "Maldives Time"
    :Marquesas: 
      :long: 
        :standard: "Marquesas Time"
    :Marshall_Islands: 
      :long: 
        :standard: "Marshall Islands Time"
    :Mauritius: 
      :long: 
        :daylight: "Mauritius Summer Time"
        :generic: "Mauritius Time"
        :standard: "Mauritius Standard Time"
    :Mawson: 
      :long: 
        :standard: "Mawson Time"
    :Mexico_Northwest: 
      :long: 
        :daylight: "Northwest Mexico Daylight Time"
        :generic: "Northwest Mexico Time"
        :standard: "Northwest Mexico Standard Time"
    :Mexico_Pacific: 
      :long: 
        :daylight: "Mexican Pacific Daylight Time"
        :generic: "Mexican Pacific Time"
        :standard: "Mexican Pacific Standard Time"
    :Mongolia: 
      :long: 
        :daylight: "Ulaanbaatar Summer Time"
        :generic: "Ulaanbaatar Time"
        :standard: "Ulaanbaatar Standard Time"
    :Moscow: 
      :long: 
        :daylight: "Moscow Summer Time"
        :generic: "Moscow Time"
        :standard: "Moscow Standard Time"
    :Myanmar: 
      :long: 
        :standard: "Myanmar Time"
    :Nauru: 
      :long: 
        :standard: "Nauru Time"
    :Nepal: 
      :long: 
        :standard: "Nepal Time"
    :New_Caledonia: 
      :long: 
        :daylight: "New Caledonia Summer Time"
        :generic: "New Caledonia Time"
        :standard: "New Caledonia Standard Time"
    :New_Zealand: 
      :long: 
        :daylight: "New Zealand Daylight Time"
        :generic: "New Zealand Time"
        :standard: "New Zealand Standard Time"
    :Newfoundland: 
      :long: 
        :daylight: "Newfoundland Daylight Time"
        :generic: "Newfoundland Time"
        :standard: "Newfoundland Standard Time"
    :Niue: 
      :long: 
        :standard: "Niue Time"
    :Norfolk: 
      :long: 
        :daylight: "Norfolk Island Daylight Time"
        :generic: "Norfolk Island Time"
        :standard: "Norfolk Island Standard Time"
    :Noronha: 
      :long: 
        :daylight: "Fernando de Noronha Summer Time"
        :generic: "Fernando de Noronha Time"
        :standard: "Fernando de Noronha Standard Time"
    :North_Mariana: 
      :long: 
        :standard: "North Mariana Islands Time"
    :Novosibirsk: 
      :long: 
        :daylight: "Novosibirsk Summer Time"
        :generic: "Novosibirsk Time"
        :standard: "Novosibirsk Standard Time"
    :Omsk: 
      :long: 
        :daylight: "Omsk Summer Time"
        :generic: "Omsk Time"
        :standard: "Omsk Standard Time"
    :Pakistan: 
      :long: 
        :daylight: "Pakistan Summer Time"
        :generic: "Pakistan Time"
        :standard: "Pakistan Standard Time"
    :Palau: 
      :long: 
        :standard: "Palau Time"
    :Papua_New_Guinea: 
      :long: 
        :standard: "Papua New Guinea Time"
    :Paraguay: 
      :long: 
        :daylight: "Paraguay Summer Time"
        :generic: "Paraguay Time"
        :standard: "Paraguay Standard Time"
    :Peru: 
      :long: 
        :daylight: "Peru Summer Time"
        :generic: "Peru Time"
        :standard: "Peru Standard Time"
    :Philippines: 
      :long: 
        :daylight: "Philippine Summer Time"
        :generic: "Philippine Time"
        :standard: "Philippine Standard Time"
    :Phoenix_Islands: 
      :long: 
        :standard: "Phoenix Islands Time"
    :Pierre_Miquelon: 
      :long: 
        :daylight: "St Pierre & Miquelon Daylight Time"
        :generic: "St Pierre & Miquelon Time"
        :standard: "St Pierre & Miquelon Standard Time"
    :Pitcairn: 
      :long: 
        :standard: "Pitcairn Time"
    :Ponape: 
      :long: 
        :standard: "Ponape Time"
    :Pyongyang: 
      :long: 
        :standard: "Pyongyang Time"
    :Qyzylorda: 
      :long: 
        :daylight: "Qyzylorda Summer Time"
        :generic: "Qyzylorda Time"
        :standard: "Qyzylorda Standard Time"
    :Reunion: 
      :long: 
        :standard: "Réunion Time"
    :Rothera: 
      :long: 
        :standard: "Rothera Time"
    :Sakhalin: 
      :long: 
        :daylight: "Sakhalin Summer Time"
        :generic: "Sakhalin Time"
        :standard: "Sakhalin Standard Time"
    :Samara: 
      :long: 
        :daylight: "Samara Summer Time"
        :generic: "Samara Time"
        :standard: "Samara Standard Time"
    :Samoa: 
      :long: 
        :daylight: "Samoa Daylight Time"
        :generic: "Samoa Time"
        :standard: "Samoa Standard Time"
    :Seychelles: 
      :long: 
        :standard: "Seychelles Time"
    :Singapore: 
      :long: 
        :standard: "Singapore Standard Time"
    :Solomon: 
      :long: 
        :standard: "Solomon Islands Time"
    :South_Georgia: 
      :long: 
        :standard: "South Georgia Time"
    :Suriname: 
      :long: 
        :standard: "Suriname Time"
    :Syowa: 
      :long: 
        :standard: "Syowa Time"
    :Tahiti: 
      :long: 
        :standard: "Tahiti Time"
    :Taipei: 
      :long: 
        :daylight: "Taipei Daylight Time"
        :generic: "Taipei Time"
        :standard: "Taipei Standard Time"
    :Tajikistan: 
      :long: 
        :standard: "Tajikistan Time"
    :Tokelau: 
      :long: 
        :standard: "Tokelau Time"
    :Tonga: 
      :long: 
        :daylight: "Tonga Summer Time"
        :generic: "Tonga Time"
        :standard: "Tonga Standard Time"
    :Truk: 
      :long: 
        :standard: "Chuuk Time"
    :Turkmenistan: 
      :long: 
        :daylight: "Turkmenistan Summer Time"
        :generic: "Turkmenistan Time"
        :standard: "Turkmenistan Standard Time"
    :Tuvalu: 
      :long: 
        :standard: "Tuvalu Time"
    :Uruguay: 
      :long: 
        :daylight: "Uruguay Summer Time"
        :generic: "Uruguay Time"
        :standard: "Uruguay Standard Time"
    :Uzbekistan: 
      :long: 
        :daylight: "Uzbekistan Summer Time"
        :generic: "Uzbekistan Time"
        :standard: "Uzbekistan Standard Time"
    :Vanuatu: 
      :long: 
        :daylight: "Vanuatu Summer Time"
        :generic: "Vanuatu Time"
        :standard: "Vanuatu Standard Time"
    :Venezuela: 
      :long: 
        :standard: "Venezuela Time"
    :Vladivostok: 
      :long: 
        :daylight: "Vladivostok Summer Time"
        :generic: "Vladivostok Time"
        :standard: "Vladivostok Standard Time"
    :Volgograd: 
      :long: 
        :daylight: "Volgograd Summer Time"
        :generic: "Volgograd Time"
        :standard: "Volgograd Standard Time"
    :Vostok: 
      :long: 
        :standard: "Vostok Time"
    :Wake: 
      :long: 
        :standard: "Wake Island Time"
    :Wallis: 
      :long: 
        :standard: "Wallis & Futuna Time"
    :Yakutsk: 
      :long: 
        :daylight: "Yakutsk Summer Time"
        :generic: "Yakutsk Time"
        :standard: "Yakutsk Standard Time"
    :Yekaterinburg: 
      :long: 
        :daylight: "Yekaterinburg Summer Time"
        :generic: "Yekaterinburg Time"
        :standard: "Yekaterinburg Standard Time"
  :timezones: 
    :Africa/Abidjan: 
      :city: Abidjan
    :Africa/Accra: 
      :city: Accra
    :Africa/Addis_Ababa: 
      :city: "Addis Ababa"
    :Africa/Algiers: 
      :city: Algiers
    :Africa/Asmera: 
      :city: Asmara
    :Africa/Bamako: 
      :city: Bamako
    :Africa/Bangui: 
      :city: Bangui
    :Africa/Banjul: 
      :city: Banjul
    :Africa/Bissau: 
      :city: Bissau
    :Africa/Blantyre: 
      :city: Blantyre
    :Africa/Brazzaville: 
      :city: Brazzaville
    :Africa/Bujumbura: 
      :city: Bujumbura
    :Africa/Cairo: 
      :city: Cairo
    :Africa/Casablanca: 
      :city: Casablanca
    :Africa/Ceuta: 
      :city: Ceuta
    :Africa/Conakry: 
      :city: Conakry
    :Africa/Dakar: 
      :city: Dakar
    :Africa/Dar_es_Salaam: 
      :city: "Dar es Salaam"
    :Africa/Djibouti: 
      :city: Djibouti
    :Africa/Douala: 
      :city: Douala
    :Africa/El_Aaiun: 
      :city: "El Aaiun"
    :Africa/Freetown: 
      :city: Freetown
    :Africa/Gaborone: 
      :city: Gaborone
    :Africa/Harare: 
      :city: Harare
    :Africa/Johannesburg: 
      :city: Johannesburg
    :Africa/Juba: 
      :city: Juba
    :Africa/Kampala: 
      :city: Kampala
    :Africa/Khartoum: 
      :city: Khartoum
    :Africa/Kigali: 
      :city: Kigali
    :Africa/Kinshasa: 
      :city: Kinshasa
    :Africa/Lagos: 
      :city: Lagos
    :Africa/Libreville: 
      :city: Libreville
    :Africa/Lome: 
      :city: Lome
    :Africa/Luanda: 
      :city: Luanda
    :Africa/Lubumbashi: 
      :city: Lubumbashi
    :Africa/Lusaka: 
      :city: Lusaka
    :Africa/Malabo: 
      :city: Malabo
    :Africa/Maputo: 
      :city: Maputo
    :Africa/Maseru: 
      :city: Maseru
    :Africa/Mbabane: 
      :city: Mbabane
    :Africa/Mogadishu: 
      :city: Mogadishu
    :Africa/Monrovia: 
      :city: Monrovia
    :Africa/Nairobi: 
      :city: Nairobi
    :Africa/Ndjamena: 
      :city: Ndjamena
    :Africa/Niamey: 
      :city: Niamey
    :Africa/Nouakchott: 
      :city: Nouakchott
    :Africa/Ouagadougou: 
      :city: Ouagadougou
    :Africa/Porto-Novo: 
      :city: Porto-Novo
    :Africa/Sao_Tome: 
      :city: "São Tomé"
    :Africa/Tripoli: 
      :city: Tripoli
    :Africa/Tunis: 
      :city: Tunis
    :Africa/Windhoek: 
      :city: Windhoek
    :America/Adak: 
      :city: Adak
    :America/Anchorage: 
      :city: Anchorage
    :America/Anguilla: 
      :city: Anguilla
    :America/Antigua: 
      :city: Antigua
    :America/Araguaina: 
      :city: Araguaina
    :America/Argentina/La_Rioja: 
      :city: "La Rioja"
    :America/Argentina/Rio_Gallegos: 
      :city: "Rio Gallegos"
    :America/Argentina/Salta: 
      :city: Salta
    :America/Argentina/San_Juan: 
      :city: "San Juan"
    :America/Argentina/San_Luis: 
      :city: "San Luis"
    :America/Argentina/Tucuman: 
      :city: Tucuman
    :America/Argentina/Ushuaia: 
      :city: Ushuaia
    :America/Aruba: 
      :city: Aruba
    :America/Asuncion: 
      :city: Asunción
    :America/Bahia: 
      :city: Bahia
    :America/Bahia_Banderas: 
      :city: "Bahia Banderas"
    :America/Barbados: 
      :city: Barbados
    :America/Belem: 
      :city: Belem
    :America/Belize: 
      :city: Belize
    :America/Blanc-Sablon: 
      :city: Blanc-Sablon
    :America/Boa_Vista: 
      :city: "Boa Vista"
    :America/Bogota: 
      :city: Bogota
    :America/Boise: 
      :city: Boise
    :America/Buenos_Aires: 
      :city: "Buenos Aires"
    :America/Cambridge_Bay: 
      :city: "Cambridge Bay"
    :America/Campo_Grande: 
      :city: "Campo Grande"
    :America/Cancun: 
      :city: Cancun
    :America/Caracas: 
      :city: Caracas
    :America/Catamarca: 
      :city: Catamarca
    :America/Cayenne: 
      :city: Cayenne
    :America/Cayman: 
      :city: Cayman
    :America/Chicago: 
      :city: Chicago
    :America/Chihuahua: 
      :city: Chihuahua
    :America/Coral_Harbour: 
      :city: Atikokan
    :America/Cordoba: 
      :city: Cordoba
    :America/Costa_Rica: 
      :city: "Costa Rica"
    :America/Creston: 
      :city: Creston
    :America/Cuiaba: 
      :city: Cuiaba
    :America/Curacao: 
      :city: Curaçao
    :America/Danmarkshavn: 
      :city: Danmarkshavn
    :America/Dawson: 
      :city: Dawson
    :America/Dawson_Creek: 
      :city: "Dawson Creek"
    :America/Denver: 
      :city: Denver
    :America/Detroit: 
      :city: Detroit
    :America/Dominica: 
      :city: Dominica
    :America/Edmonton: 
      :city: Edmonton
    :America/Eirunepe: 
      :city: Eirunepe
    :America/El_Salvador: 
      :city: "El Salvador"
    :America/Fortaleza: 
      :city: Fortaleza
    :America/Glace_Bay: 
      :city: "Glace Bay"
    :America/Godthab: 
      :city: Nuuk
    :America/Goose_Bay: 
      :city: "Goose Bay"
    :America/Grand_Turk: 
      :city: "Grand Turk"
    :America/Grenada: 
      :city: Grenada
    :America/Guadeloupe: 
      :city: Guadeloupe
    :America/Guatemala: 
      :city: Guatemala
    :America/Guayaquil: 
      :city: Guayaquil
    :America/Guyana: 
      :city: Guyana
    :America/Halifax: 
      :city: Halifax
    :America/Havana: 
      :city: Havana
    :America/Hermosillo: 
      :city: Hermosillo
    :America/Indiana/Knox: 
      :city: "Knox, Indiana"
    :America/Indiana/Marengo: 
      :city: "Marengo, Indiana"
    :America/Indiana/Petersburg: 
      :city: "Petersburg, Indiana"
    :America/Indiana/Tell_City: 
      :city: "Tell City, Indiana"
    :America/Indiana/Vevay: 
      :city: "Vevay, Indiana"
    :America/Indiana/Vincennes: 
      :city: "Vincennes, Indiana"
    :America/Indiana/Winamac: 
      :city: "Winamac, Indiana"
    :America/Indianapolis: 
      :city: Indianapolis
    :America/Inuvik: 
      :city: Inuvik
    :America/Iqaluit: 
      :city: Iqaluit
    :America/Jamaica: 
      :city: Jamaica
    :America/Jujuy: 
      :city: Jujuy
    :America/Juneau: 
      :city: Juneau
    :America/Kentucky/Monticello: 
      :city: "Monticello, Kentucky"
    :America/Kralendijk: 
      :city: Kralendijk
    :America/La_Paz: 
      :city: "La Paz"
    :America/Lima: 
      :city: Lima
    :America/Los_Angeles: 
      :city: "Los Angeles"
    :America/Louisville: 
      :city: Louisville
    :America/Lower_Princes: 
      :city: "Lower Prince’s Quarter"
    :America/Maceio: 
      :city: Maceio
    :America/Managua: 
      :city: Managua
    :America/Manaus: 
      :city: Manaus
    :America/Marigot: 
      :city: Marigot
    :America/Martinique: 
      :city: Martinique
    :America/Matamoros: 
      :city: Matamoros
    :America/Mazatlan: 
      :city: Mazatlan
    :America/Mendoza: 
      :city: Mendoza
    :America/Menominee: 
      :city: Menominee
    :America/Merida: 
      :city: Merida
    :America/Metlakatla: 
      :city: Metlakatla
    :America/Mexico_City: 
      :city: "Mexico City"
    :America/Miquelon: 
      :city: Miquelon
    :America/Moncton: 
      :city: Moncton
    :America/Monterrey: 
      :city: Monterrey
    :America/Montevideo: 
      :city: Montevideo
    :America/Montserrat: 
      :city: Montserrat
    :America/Nassau: 
      :city: Nassau
    :America/New_York: 
      :city: "New York"
    :America/Nipigon: 
      :city: Nipigon
    :America/Nome: 
      :city: Nome
    :America/Noronha: 
      :city: Noronha
    :America/North_Dakota/Beulah: 
      :city: "Beulah, North Dakota"
    :America/North_Dakota/Center: 
      :city: "Center, North Dakota"
    :America/North_Dakota/New_Salem: 
      :city: "New Salem, North Dakota"
    :America/Ojinaga: 
      :city: Ojinaga
    :America/Panama: 
      :city: Panama
    :America/Pangnirtung: 
      :city: Pangnirtung
    :America/Paramaribo: 
      :city: Paramaribo
    :America/Phoenix: 
      :city: Phoenix
    :America/Port-au-Prince: 
      :city: Port-au-Prince
    :America/Port_of_Spain: 
      :city: "Port of Spain"
    :America/Porto_Velho: 
      :city: "Porto Velho"
    :America/Puerto_Rico: 
      :city: "Puerto Rico"
    :America/Rainy_River: 
      :city: "Rainy River"
    :America/Rankin_Inlet: 
      :city: "Rankin Inlet"
    :America/Recife: 
      :city: Recife
    :America/Regina: 
      :city: Regina
    :America/Resolute: 
      :city: Resolute
    :America/Rio_Branco: 
      :city: "Rio Branco"
    :America/Santarem: 
      :city: Santarem
    :America/Santiago: 
      :city: Santiago
    :America/Santo_Domingo: 
      :city: "Santo Domingo"
    :America/Sao_Paulo: 
      :city: "Sao Paulo"
    :America/Scoresbysund: 
      :city: Ittoqqortoormiit
    :America/Sitka: 
      :city: Sitka
    :America/St_Barthelemy: 
      :city: "St Barthélemy"
    :America/St_Johns: 
      :city: "St John’s"
    :America/St_Kitts: 
      :city: "St Kitts"
    :America/St_Lucia: 
      :city: "St Lucia"
    :America/St_Thomas: 
      :city: "St Thomas"
    :America/St_Vincent: 
      :city: "St Vincent"
    :America/Swift_Current: 
      :city: "Swift Current"
    :America/Tegucigalpa: 
      :city: Tegucigalpa
    :America/Thule: 
      :city: Thule
    :America/Thunder_Bay: 
      :city: "Thunder Bay"
    :America/Tijuana: 
      :city: Tijuana
    :America/Toronto: 
      :city: Toronto
    :America/Tortola: 
      :city: Tortola
    :America/Vancouver: 
      :city: Vancouver
    :America/Whitehorse: 
      :city: Whitehorse
    :America/Winnipeg: 
      :city: Winnipeg
    :America/Yakutat: 
      :city: Yakutat
    :America/Yellowknife: 
      :city: Yellowknife
    :Antarctica/Casey: 
      :city: Casey
    :Antarctica/Davis: 
      :city: Davis
    :Antarctica/DumontDUrville: 
      :city: "Dumont d’Urville"
    :Antarctica/Macquarie: 
      :city: Macquarie
    :Antarctica/Mawson: 
      :city: Mawson
    :Antarctica/McMurdo: 
      :city: McMurdo
    :Antarctica/Palmer: 
      :city: Palmer
    :Antarctica/Rothera: 
      :city: Rothera
    :Antarctica/Syowa: 
      :city: Syowa
    :Antarctica/Troll: 
      :city: Troll
    :Antarctica/Vostok: 
      :city: Vostok
    :Arctic/Longyearbyen: 
      :city: Longyearbyen
    :Asia/Aden: 
      :city: Aden
    :Asia/Almaty: 
      :city: Almaty
    :Asia/Amman: 
      :city: Amman
    :Asia/Anadyr: 
      :city: Anadyr
    :Asia/Aqtau: 
      :city: Aktau
    :Asia/Aqtobe: 
      :city: Aqtobe
    :Asia/Ashgabat: 
      :city: Ashgabat
    :Asia/Baghdad: 
      :city: Baghdad
    :Asia/Bahrain: 
      :city: Bahrain
    :Asia/Baku: 
      :city: Baku
    :Asia/Bangkok: 
      :city: Bangkok
    :Asia/Beirut: 
      :city: Beirut
    :Asia/Bishkek: 
      :city: Bishkek
    :Asia/Brunei: 
      :city: Brunei
    :Asia/Calcutta: 
      :city: Kolkata
    :Asia/Choibalsan: 
      :city: Choibalsan
    :Asia/Colombo: 
      :city: Colombo
    :Asia/Damascus: 
      :city: Damascus
    :Asia/Dhaka: 
      :city: Dhaka
    :Asia/Dili: 
      :city: Dili
    :Asia/Dubai: 
      :city: Dubai
    :Asia/Dushanbe: 
      :city: Dushanbe
    :Asia/Gaza: 
      :city: Gaza
    :Asia/Hebron: 
      :city: Hebron
    :Asia/Hong_Kong: 
      :city: "Hong Kong"
    :Asia/Hovd: 
      :city: Hovd
    :Asia/Irkutsk: 
      :city: Irkutsk
    :Asia/Jakarta: 
      :city: Jakarta
    :Asia/Jayapura: 
      :city: Jayapura
    :Asia/Jerusalem: 
      :city: Jerusalem
    :Asia/Kabul: 
      :city: Kabul
    :Asia/Kamchatka: 
      :city: Kamchatka
    :Asia/Karachi: 
      :city: Karachi
    :Asia/Katmandu: 
      :city: Kathmandu
    :Asia/Khandyga: 
      :city: Khandyga
    :Asia/Krasnoyarsk: 
      :city: Krasnoyarsk
    :Asia/Kuala_Lumpur: 
      :city: "Kuala Lumpur"
    :Asia/Kuching: 
      :city: Kuching
    :Asia/Kuwait: 
      :city: Kuwait
    :Asia/Macau: 
      :city: Macao
    :Asia/Magadan: 
      :city: Magadan
    :Asia/Makassar: 
      :city: Makassar
    :Asia/Manila: 
      :city: Manila
    :Asia/Muscat: 
      :city: Muscat
    :Asia/Nicosia: 
      :city: Nicosia
    :Asia/Novokuznetsk: 
      :city: Novokuznetsk
    :Asia/Novosibirsk: 
      :city: Novosibirsk
    :Asia/Omsk: 
      :city: Omsk
    :Asia/Oral: 
      :city: Oral
    :Asia/Phnom_Penh: 
      :city: "Phnom Penh"
    :Asia/Pontianak: 
      :city: Pontianak
    :Asia/Pyongyang: 
      :city: Pyongyang
    :Asia/Qatar: 
      :city: Qatar
    :Asia/Qostanay: 
      :city: Kostanay
    :Asia/Qyzylorda: 
      :city: Qyzylorda
    :Asia/Rangoon: 
      :city: Yangon
    :Asia/Riyadh: 
      :city: Riyadh
    :Asia/Saigon: 
      :city: "Ho Chi Minh City"
    :Asia/Sakhalin: 
      :city: Sakhalin
    :Asia/Samarkand: 
      :city: Samarkand
    :Asia/Seoul: 
      :city: Seoul
    :Asia/Shanghai: 
      :city: Shanghai
    :Asia/Singapore: 
      :city: Singapore
    :Asia/Taipei: 
      :city: Taipei
    :Asia/Tashkent: 
      :city: Tashkent
    :Asia/Tbilisi: 
      :city: Tbilisi
    :Asia/Tehran: 
      :city: Tehran
    :Asia/Thimphu: 
      :city: Thimphu
    :Asia/Tokyo: 
      :city: Tokyo
    :Asia/Ulaanbaatar: 
      :city: Ulaanbaatar
    :Asia/Urumqi: 
      :city: Urumqi
    :Asia/Ust-Nera: 
      :city: Ust-Nera
    :Asia/Vientiane: 
      :city: Vientiane
    :Asia/Vladivostok: 
      :city: Vladivostok
    :Asia/Yakutsk: 
      :city: Yakutsk
    :Asia/Yekaterinburg: 
      :city: Yekaterinburg
    :Asia/Yerevan: 
      :city: Yerevan
    :Atlantic/Azores: 
      :city: Azores
    :Atlantic/Bermuda: 
      :city: Bermuda
    :Atlantic/Canary: 
      :city: Canary
    :Atlantic/Cape_Verde: 
      :city: "Cape Verde"
    :Atlantic/Faeroe: 
      :city: Faroe
    :Atlantic/Madeira: 
      :city: Madeira
    :Atlantic/Reykjavik: 
      :city: Reykjavik
    :Atlantic/South_Georgia: 
      :city: "South Georgia"
    :Atlantic/St_Helena: 
      :city: "St Helena"
    :Atlantic/Stanley: 
      :city: Stanley
    :Australia/Adelaide: 
      :city: Adelaide
    :Australia/Brisbane: 
      :city: Brisbane
    :Australia/Broken_Hill: 
      :city: "Broken Hill"
    :Australia/Currie: 
      :city: Currie
    :Australia/Darwin: 
      :city: Darwin
    :Australia/Eucla: 
      :city: Eucla
    :Australia/Hobart: 
      :city: Hobart
    :Australia/Lindeman: 
      :city: Lindeman
    :Australia/Lord_Howe: 
      :city: "Lord Howe"
    :Australia/Melbourne: 
      :city: Melbourne
    :Australia/Perth: 
      :city: Perth
    :Australia/Sydney: 
      :city: Sydney
    :Etc/UTC: 
      :long: 
        :standard: "Coordinated Universal Time"
      :short: 
        :standard: UTC
    :Etc/Unknown: 
      :city: "Unknown City"
    :Europe/Amsterdam: 
      :city: Amsterdam
    :Europe/Andorra: 
      :city: Andorra
    :Europe/Athens: 
      :city: Athens
    :Europe/Belgrade: 
      :city: Belgrade
    :Europe/Berlin: 
      :city: Berlin
    :Europe/Bratislava: 
      :city: Bratislava
    :Europe/Brussels: 
      :city: Brussels
    :Europe/Bucharest: 
      :city: Bucharest
    :Europe/Budapest: 
      :city: Budapest
    :Europe/Busingen: 
      :city: Busingen
    :Europe/Chisinau: 
      :city: Chisinau
    :Europe/Copenhagen: 
      :city: Copenhagen
    :Europe/Dublin: 
      :city: Dublin
      :long: 
        :daylight: "Irish Standard Time"
    :Europe/Gibraltar: 
      :city: Gibraltar
    :Europe/Guernsey: 
      :city: Guernsey
    :Europe/Helsinki: 
      :city: Helsinki
    :Europe/Isle_of_Man: 
      :city: "Isle of Man"
    :Europe/Istanbul: 
      :city: Istanbul
    :Europe/Jersey: 
      :city: Jersey
    :Europe/Kaliningrad: 
      :city: Kaliningrad
    :Europe/Kiev: 
      :city: Kiev
    :Europe/Lisbon: 
      :city: Lisbon
    :Europe/Ljubljana: 
      :city: Ljubljana
    :Europe/London: 
      :city: London
      :long: 
        :daylight: "British Summer Time"
      :short: 
        :daylight: BST
    :Europe/Luxembourg: 
      :city: Luxembourg
    :Europe/Madrid: 
      :city: Madrid
    :Europe/Malta: 
      :city: Malta
    :Europe/Mariehamn: 
      :city: Mariehamn
    :Europe/Minsk: 
      :city: Minsk
    :Europe/Monaco: 
      :city: Monaco
    :Europe/Moscow: 
      :city: Moscow
    :Europe/Oslo: 
      :city: Oslo
    :Europe/Paris: 
      :city: Paris
    :Europe/Podgorica: 
      :city: Podgorica
    :Europe/Prague: 
      :city: Prague
    :Europe/Riga: 
      :city: Riga
    :Europe/Rome: 
      :city: Rome
    :Europe/Samara: 
      :city: Samara
    :Europe/San_Marino: 
      :city: "San Marino"
    :Europe/Sarajevo: 
      :city: Sarajevo
    :Europe/Simferopol: 
      :city: Simferopol
    :Europe/Skopje: 
      :city: Skopje
    :Europe/Sofia: 
      :city: Sofia
    :Europe/Stockholm: 
      :city: Stockholm
    :Europe/Tallinn: 
      :city: Tallinn
    :Europe/Tirane: 
      :city: Tirane
    :Europe/Uzhgorod: 
      :city: Uzhhorod
    :Europe/Vaduz: 
      :city: Vaduz
    :Europe/Vatican: 
      :city: Vatican
    :Europe/Vienna: 
      :city: Vienna
    :Europe/Vilnius: 
      :city: Vilnius
    :Europe/Volgograd: 
      :city: Volgograd
    :Europe/Warsaw: 
      :city: Warsaw
    :Europe/Zagreb: 
      :city: Zagreb
    :Europe/Zaporozhye: 
      :city: Zaporozhye
    :Europe/Zurich: 
      :city: Zurich
    :Indian/Antananarivo: 
      :city: Antananarivo
    :Indian/Chagos: 
      :city: Chagos
    :Indian/Christmas: 
      :city: Christmas
    :Indian/Cocos: 
      :city: Cocos
    :Indian/Comoro: 
      :city: Comoro
    :Indian/Kerguelen: 
      :city: Kerguelen
    :Indian/Mahe: 
      :city: Mahe
    :Indian/Maldives: 
      :city: Maldives
    :Indian/Mauritius: 
      :city: Mauritius
    :Indian/Reunion: 
      :city: Réunion
    :Pacific/Apia: 
      :city: Apia
    :Pacific/Auckland: 
      :city: Auckland
    :Pacific/Chatham: 
      :city: Chatham
    :Pacific/Easter: 
      :city: Easter
    :Pacific/Efate: 
      :city: Efate
    :Pacific/Enderbury: 
      :city: Enderbury
    :Pacific/Fakaofo: 
      :city: Fakaofo
    :Pacific/Fiji: 
      :city: Fiji
    :Pacific/Funafuti: 
      :city: Funafuti
    :Pacific/Galapagos: 
      :city: Galapagos
    :Pacific/Gambier: 
      :city: Gambier
    :Pacific/Guadalcanal: 
      :city: Guadalcanal
    :Pacific/Guam: 
      :city: Guam
    :Pacific/Kiritimati: 
      :city: Kiritimati
    :Pacific/Kosrae: 
      :city: Kosrae
    :Pacific/Kwajalein: 
      :city: Kwajalein
    :Pacific/Majuro: 
      :city: Majuro
    :Pacific/Marquesas: 
      :city: Marquesas
    :Pacific/Midway: 
      :city: Midway
    :Pacific/Nauru: 
      :city: Nauru
    :Pacific/Niue: 
      :city: Niue
    :Pacific/Norfolk: 
      :city: Norfolk
    :Pacific/Noumea: 
      :city: Noumea
    :Pacific/Pago_Pago: 
      :city: "Pago Pago"
    :Pacific/Palau: 
      :city: Palau
    :Pacific/Pitcairn: 
      :city: Pitcairn
    :Pacific/Ponape: 
      :city: Pohnpei
    :Pacific/Port_Moresby: 
      :city: "Port Moresby"
    :Pacific/Rarotonga: 
      :city: Rarotonga
    :Pacific/Saipan: 
      :city: Saipan
    :Pacific/Tahiti: 
      :city: Tahiti
    :Pacific/Tarawa: 
      :city: Tarawa
    :Pacific/Tongatapu: 
      :city: Tongatapu
    :Pacific/Truk: 
      :city: Chuuk
    :Pacific/Wake: 
      :city: Wake
    :Pacific/Wallis: 
      :city: Wallis
