--- 
:sk: 
  :formats: 
    :fallback_formats: 
      :generic: "{1} ({0})"
    :gmt_formats: 
      :generic: "GMT{0}"
    :gmt_zero_formats: 
      :generic: GMT
    :hour_formats: 
      :generic: "+HH:mm;-HH:mm"
    :region_formats: 
      :daylight: "{0} (+1)"
      :generic: "časové pásmo {0}"
      :standard: "{0} (+0)"
  :metazones: 
    :Acre: 
      :long: 
        :daylight: "acrejský letný čas"
        :generic: "acrejský čas"
        :standard: "acrejský štandardný čas"
    :Afghanistan: 
      :long: 
        :standard: "afganský čas"
    :Africa_Central: 
      :long: 
        :standard: "stredoafrický čas"
    :Africa_Eastern: 
      :long: 
        :standard: "východoafrický čas"
    :Africa_Southern: 
      :long: 
        :standard: "juhoafrický čas"
    :Africa_Western: 
      :long: 
        :daylight: "západoafrický letný čas"
        :generic: "západoafrický čas"
        :standard: "západoafrický štandardný čas"
    :Alaska: 
      :long: 
        :daylight: "aljašský letný čas"
        :generic: "aljašský čas"
        :standard: "aljašský štandardný čas"
    :Almaty: 
      :long: 
        :daylight: "almaatský letný čas"
        :generic: "almaatský čas"
        :standard: "almaatský štandardný čas"
    :Amazon: 
      :long: 
        :daylight: "amazonský letný čas"
        :generic: "amazonský čas"
        :standard: "amazonský štandardný čas"
    :America_Central: 
      :long: 
        :daylight: "severoamerický centrálny letný čas"
        :generic: "severoamerický centrálny čas"
        :standard: "severoamerický centrálny štandardný čas"
    :America_Eastern: 
      :long: 
        :daylight: "severoamerický východný letný čas"
        :generic: "severoamerický východný čas"
        :standard: "severoamerický východný štandardný čas"
    :America_Mountain: 
      :long: 
        :daylight: "severoamerický horský letný čas"
        :generic: "severoamerický horský čas"
        :standard: "severoamerický horský štandardný čas"
    :America_Pacific: 
      :long: 
        :daylight: "severoamerický tichomorský letný čas"
        :generic: "severoamerický tichomorský čas"
        :standard: "severoamerický tichomorský štandardný čas"
    :Anadyr: 
      :long: 
        :daylight: "Anadyrský letný čas"
        :generic: "Anadyrský čas"
        :standard: "Anadyrský štandardný čas"
    :Apia: 
      :long: 
        :daylight: "apijský letný čas"
        :generic: "apijský čas"
        :standard: "apijský štandardný čas"
    :Aqtau: 
      :long: 
        :daylight: "aktauský letný čas"
        :generic: "aktauský čas"
        :standard: "aktauský štandardný čas"
    :Aqtobe: 
      :long: 
        :daylight: "aktobský letný čas"
        :generic: "aktobský čas"
        :standard: "aktobský štandardný čas"
    :Arabian: 
      :long: 
        :daylight: "arabský letný čas"
        :generic: "arabský čas"
        :standard: "arabský štandardný čas"
    :Argentina: 
      :long: 
        :daylight: "argentínsky letný čas"
        :generic: "argentínsky čas"
        :standard: "argentínsky štandardný čas"
    :Argentina_Western: 
      :long: 
        :daylight: "západoargentínsky letný čas"
        :generic: "západoargentínsky čas"
        :standard: "západoargentínsky štandardný čas"
    :Armenia: 
      :long: 
        :daylight: "arménsky letný čas"
        :generic: "arménsky čas"
        :standard: "arménsky štandardný čas"
    :Atlantic: 
      :long: 
        :daylight: "atlantický letný čas"
        :generic: "atlantický čas"
        :standard: "atlantický štandardný čas"
    :Australia_Central: 
      :long: 
        :daylight: "stredoaustrálsky letný čas"
        :generic: "stredoaustrálsky čas"
        :standard: "stredoaustrálsky štandardný čas"
    :Australia_CentralWestern: 
      :long: 
        :daylight: "stredozápadný austrálsky letný čas"
        :generic: "stredozápadný austrálsky čas"
        :standard: "stredozápadný austrálsky štandardný čas"
    :Australia_Eastern: 
      :long: 
        :daylight: "východoaustrálsky letný čas"
        :generic: "východoaustrálsky čas"
        :standard: "východoaustrálsky štandardný čas"
    :Australia_Western: 
      :long: 
        :daylight: "západoaustrálsky letný čas"
        :generic: "západoaustrálsky čas"
        :standard: "západoaustrálsky štandardný čas"
    :Azerbaijan: 
      :long: 
        :daylight: "azerbajdžanský letný čas"
        :generic: "azerbajdžanský čas"
        :standard: "azerbajdžanský štandardný čas"
    :Azores: 
      :long: 
        :daylight: "azorský letný čas"
        :generic: "azorský čas"
        :standard: "azorský štandardný čas"
    :Bangladesh: 
      :long: 
        :daylight: "bangladéšsky letný čas"
        :generic: "bangladéšsky čas"
        :standard: "bangladéšsky štandardný čas"
    :Bhutan: 
      :long: 
        :standard: "bhutánsky čas"
    :Bolivia: 
      :long: 
        :standard: "bolívijský čas"
    :Brasilia: 
      :long: 
        :daylight: "brazílsky letný čas"
        :generic: "brazílsky čas"
        :standard: "brazílsky štandardný čas"
    :Brunei: 
      :long: 
        :standard: "brunejský čas"
    :Cape_Verde: 
      :long: 
        :daylight: "kapverdský letný čas"
        :generic: "kapverdský čas"
        :standard: "kapverdský štandardný čas"
    :Casey: 
      :long: 
        :standard: "čas Caseyho stanice"
    :Chamorro: 
      :long: 
        :standard: "chamorrský čas"
    :Chatham: 
      :long: 
        :daylight: "chathamský letný čas"
        :generic: "chathamský čas"
        :standard: "chathamský štandardný čas"
    :Chile: 
      :long: 
        :daylight: "čilský letný čas"
        :generic: "čilský čas"
        :standard: "čilský štandardný čas"
    :China: 
      :long: 
        :daylight: "čínsky letný čas"
        :generic: "čínsky čas"
        :standard: "čínsky štandardný čas"
    :Choibalsan: 
      :long: 
        :daylight: "čojbalsanský letný čas"
        :generic: "čojbalsanský čas"
        :standard: "čojbalsanský štandardný čas"
    :Christmas: 
      :long: 
        :standard: "čas Vianočného ostrova"
    :Cocos: 
      :long: 
        :standard: "čas Kokosových ostrovov"
    :Colombia: 
      :long: 
        :daylight: "kolumbijský letný čas"
        :generic: "kolumbijský čas"
        :standard: "kolumbijský štandardný čas"
    :Cook: 
      :long: 
        :daylight: "letný čas Cookových ostrovov"
        :generic: "čas Cookových ostrovov"
        :standard: "štandardný čas Cookových ostrovov"
    :Cuba: 
      :long: 
        :daylight: "kubánsky letný čas"
        :generic: "kubánsky čas"
        :standard: "kubánsky štandardný čas"
    :Davis: 
      :long: 
        :standard: "čas Davisovej stanice"
    :DumontDUrville: 
      :long: 
        :standard: "čas stanice Dumonta d’Urvillea"
    :East_Timor: 
      :long: 
        :standard: "východotimorský čas"
    :Easter: 
      :long: 
        :daylight: "letný čas Veľkonočného ostrova"
        :generic: "čas Veľkonočného ostrova"
        :standard: "štandardný čas Veľkonočného ostrova"
    :Ecuador: 
      :long: 
        :standard: "ekvádorský čas"
    :Europe_Central: 
      :long: 
        :daylight: "stredoeurópsky letný čas"
        :generic: "stredoeurópsky čas"
        :standard: "stredoeurópsky štandardný čas"
      :short: 
        :daylight: SELČ
        :generic: SEČ
        :standard: SEČ
    :Europe_Eastern: 
      :long: 
        :daylight: "východoeurópsky letný čas"
        :generic: "východoeurópsky čas"
        :standard: "východoeurópsky štandardný čas"
    :Europe_Further_Eastern: 
      :long: 
        :standard: "minský čas"
    :Europe_Western: 
      :long: 
        :daylight: "západoeurópsky letný čas"
        :generic: "západoeurópsky čas"
        :standard: "západoeurópsky štandardný čas"
    :Falkland: 
      :long: 
        :daylight: "falklandský letný čas"
        :generic: "falklandský čas"
        :standard: "falklandský štandardný čas"
    :Fiji: 
      :long: 
        :daylight: "fidžijský letný čas"
        :generic: "fidžijský čas"
        :standard: "fidžijský štandardný čas"
    :French_Guiana: 
      :long: 
        :standard: "francúzskoguyanský čas"
    :French_Southern: 
      :long: 
        :standard: "čas Francúzskych južných a antarktických území"
    :GMT: 
      :long: 
        :standard: "greenwichský čas"
    :Galapagos: 
      :long: 
        :standard: "galapágsky čas"
    :Gambier: 
      :long: 
        :standard: "gambierský čas"
    :Georgia: 
      :long: 
        :daylight: "gruzínsky letný čas"
        :generic: "gruzínsky čas"
        :standard: "gruzínsky štandardný čas"
    :Gilbert_Islands: 
      :long: 
        :standard: "čas Gilbertových ostrovov"
    :Greenland_Eastern: 
      :long: 
        :daylight: "východogrónsky letný čas"
        :generic: "východogrónsky čas"
        :standard: "východogrónsky štandardný čas"
    :Greenland_Western: 
      :long: 
        :daylight: "západogrónsky letný čas"
        :generic: "západogrónsky čas"
        :standard: "západogrónsky štandardný čas"
    :Guam: 
      :long: 
        :standard: "guamský čas"
    :Gulf: 
      :long: 
        :standard: "štandardný čas Perzského zálivu"
    :Guyana: 
      :long: 
        :standard: "guyanský čas"
    :Hawaii_Aleutian: 
      :long: 
        :daylight: "havajsko-aleutský letný čas"
        :generic: "havajsko-aleutský čas"
        :standard: "havajsko-aleutský štandardný čas"
    :Hong_Kong: 
      :long: 
        :daylight: "hongkonský letný čas"
        :generic: "hongkonský čas"
        :standard: "hongkonský štandardný čas"
    :Hovd: 
      :long: 
        :daylight: "chovdský letný čas"
        :generic: "chovdský čas"
        :standard: "chovdský štandardný čas"
    :India: 
      :long: 
        :standard: "indický čas"
    :Indian_Ocean: 
      :long: 
        :standard: "indickooceánsky čas"
    :Indochina: 
      :long: 
        :standard: "indočínsky čas"
    :Indonesia_Central: 
      :long: 
        :standard: "stredoindonézsky čas"
    :Indonesia_Eastern: 
      :long: 
        :standard: "východoindonézsky čas"
    :Indonesia_Western: 
      :long: 
        :standard: "západoindonézsky čas"
    :Iran: 
      :long: 
        :daylight: "iránsky letný čas"
        :generic: "iránsky čas"
        :standard: "iránsky štandardný čas"
    :Irkutsk: 
      :long: 
        :daylight: "irkutský letný čas"
        :generic: "irkutský čas"
        :standard: "irkutský štandardný čas"
    :Israel: 
      :long: 
        :daylight: "izraelský letný čas"
        :generic: "izraelský čas"
        :standard: "izraelský štandardný čas"
    :Japan: 
      :long: 
        :daylight: "japonský letný čas"
        :generic: "japonský čas"
        :standard: "japonský štandardný čas"
    :Kamchatka: 
      :long: 
        :daylight: "Petropavlovsk-Kamčatskijský letný čas"
        :generic: "Petropavlovsk-Kamčatský čas"
        :standard: "Petropavlovsk-Kamčatský štandardný čas"
    :Kazakhstan_Eastern: 
      :long: 
        :standard: "východokazachstanský čas"
    :Kazakhstan_Western: 
      :long: 
        :standard: "západokazachstanský čas"
    :Korea: 
      :long: 
        :daylight: "kórejský letný čas"
        :generic: "kórejský čas"
        :standard: "kórejský štandardný čas"
    :Kosrae: 
      :long: 
        :standard: "kosrajský čas"
    :Krasnoyarsk: 
      :long: 
        :daylight: "krasnojarský letný čas"
        :generic: "krasnojarský čas"
        :standard: "krasnojarský štandardný čas"
    :Kyrgystan: 
      :long: 
        :standard: "kirgizský čas"
    :Lanka: 
      :long: 
        :standard: "srílanský čas"
    :Line_Islands: 
      :long: 
        :standard: "čas Rovníkových ostrovov"
    :Lord_Howe: 
      :long: 
        :daylight: "letný čas ostrova lorda Howa"
        :generic: "čas ostrova lorda Howa"
        :standard: "štandardný čas ostrova lorda Howa"
    :Macau: 
      :long: 
        :daylight: "macajský letný čas"
        :generic: "macajský čas"
        :standard: "macajský štandardný čas"
    :Macquarie: 
      :long: 
        :standard: "čas ostrova Macquarie"
    :Magadan: 
      :long: 
        :daylight: "magadanský letný čas"
        :generic: "magadanský čas"
        :standard: "magadanský štandardný čas"
    :Malaysia: 
      :long: 
        :standard: "malajzijský čas"
    :Maldives: 
      :long: 
        :standard: "maldivský čas"
    :Marquesas: 
      :long: 
        :standard: "markézsky čas"
    :Marshall_Islands: 
      :long: 
        :standard: "čas Marshallových ostrovov"
    :Mauritius: 
      :long: 
        :daylight: "maurícijský letný čas"
        :generic: "maurícijský čas"
        :standard: "maurícijský štandardný čas"
    :Mawson: 
      :long: 
        :standard: "čas Mawsonovej stanice"
    :Mexico_Northwest: 
      :long: 
        :daylight: "severozápadný mexický letný čas"
        :generic: "severozápadný mexický čas"
        :standard: "severozápadný mexický štandardný čas"
    :Mexico_Pacific: 
      :long: 
        :daylight: "mexický tichomorský letný čas"
        :generic: "mexický tichomorský čas"
        :standard: "mexický tichomorský štandardný čas"
    :Mongolia: 
      :long: 
        :daylight: "ulanbátarský letný čas"
        :generic: "ulanbátarský čas"
        :standard: "ulanbátarský štandardný čas"
    :Moscow: 
      :long: 
        :daylight: "moskovský letný čas"
        :generic: "moskovský čas"
        :standard: "moskovský štandardný čas"
    :Myanmar: 
      :long: 
        :standard: "mjanmarský čas"
    :Nauru: 
      :long: 
        :standard: "nauruský čas"
    :Nepal: 
      :long: 
        :standard: "nepálsky čas"
    :New_Caledonia: 
      :long: 
        :daylight: "novokaledónsky letný čas"
        :generic: "novokaledónsky čas"
        :standard: "novokaledónsky štandardný čas"
    :New_Zealand: 
      :long: 
        :daylight: "novozélandský letný čas"
        :generic: "novozélandský čas"
        :standard: "novozélandský štandardný čas"
    :Newfoundland: 
      :long: 
        :daylight: "newfoundlandský letný čas"
        :generic: "newfoundlandský čas"
        :standard: "newfoundlandský štandardný čas"
    :Niue: 
      :long: 
        :standard: "niuejský čas"
    :Norfolk: 
      :long: 
        :daylight: "norfolský letný čas"
        :generic: "norfolský čas"
        :standard: "norfolský štandardný čas"
    :Noronha: 
      :long: 
        :daylight: "letný čas súostrovia Fernando de Noronha"
        :generic: "čas súostrovia Fernando de Noronha"
        :standard: "štandardný čas súostrovia Fernando de Noronha"
    :North_Mariana: 
      :long: 
        :standard: "severomariánsky čas"
    :Novosibirsk: 
      :long: 
        :daylight: "novosibirský letný čas"
        :generic: "novosibirský čas"
        :standard: "novosibirský štandardný čas"
    :Omsk: 
      :long: 
        :daylight: "omský letný čas"
        :generic: "omský čas"
        :standard: "omský štandardný čas"
    :Pakistan: 
      :long: 
        :daylight: "pakistanský letný čas"
        :generic: "pakistanský čas"
        :standard: "pakistanský štandardný čas"
    :Palau: 
      :long: 
        :standard: "palauský čas"
    :Papua_New_Guinea: 
      :long: 
        :standard: "čas Papuy-Novej Guiney"
    :Paraguay: 
      :long: 
        :daylight: "paraguajský letný čas"
        :generic: "paraguajský čas"
        :standard: "paraguajský štandardný čas"
    :Peru: 
      :long: 
        :daylight: "peruánsky letný čas"
        :generic: "peruánsky čas"
        :standard: "peruánsky štandardný čas"
    :Philippines: 
      :long: 
        :daylight: "filipínsky letný čas"
        :generic: "filipínsky čas"
        :standard: "filipínsky štandardný čas"
    :Phoenix_Islands: 
      :long: 
        :standard: "čas Fénixových ostrovov"
    :Pierre_Miquelon: 
      :long: 
        :daylight: "pierre-miquelonský letný čas"
        :generic: "pierre-miquelonský čas"
        :standard: "pierre-miquelonský štandardný čas"
    :Pitcairn: 
      :long: 
        :standard: "čas Pitcairnových ostrovov"
    :Ponape: 
      :long: 
        :standard: "ponapský čas"
    :Pyongyang: 
      :long: 
        :standard: "pchjongjanský čas"
    :Qyzylorda: 
      :long: 
        :daylight: "kyzylordský letný čas"
        :generic: "kyzylordský čas"
        :standard: "kyzylordský štandardný čas"
    :Reunion: 
      :long: 
        :standard: "réunionský čas"
    :Rothera: 
      :long: 
        :standard: "čas Rotherovej stanice"
    :Sakhalin: 
      :long: 
        :daylight: "sachalinský letný čas"
        :generic: "sachalinský čas"
        :standard: "sachalinský štandardný čas"
    :Samara: 
      :long: 
        :daylight: "Samarský letný čas"
        :generic: "Samarský čas"
        :standard: "Samarský štandardný čas"
    :Samoa: 
      :long: 
        :daylight: "samojský letný čas"
        :generic: "samojský čas"
        :standard: "samojský štandardný čas"
    :Seychelles: 
      :long: 
        :standard: "seychelský čas"
    :Singapore: 
      :long: 
        :standard: "singapurský štandardný čas"
    :Solomon: 
      :long: 
        :standard: "čas Šalamúnových ostrovov"
    :South_Georgia: 
      :long: 
        :standard: "čas Južnej Georgie"
    :Suriname: 
      :long: 
        :standard: "surinamský čas"
    :Syowa: 
      :long: 
        :standard: "čas stanice Šówa"
    :Tahiti: 
      :long: 
        :standard: "tahitský čas"
    :Taipei: 
      :long: 
        :daylight: "tchajpejský letný čas"
        :generic: "tchajpejský čas"
        :standard: "tchajpejský štandardný čas"
    :Tajikistan: 
      :long: 
        :standard: "tadžický čas"
    :Tokelau: 
      :long: 
        :standard: "tokelauský čas"
    :Tonga: 
      :long: 
        :daylight: "tonžský letný čas"
        :generic: "tonžský čas"
        :standard: "tonžský štandardný čas"
    :Truk: 
      :long: 
        :standard: "chuukský čas"
    :Turkmenistan: 
      :long: 
        :daylight: "turkménsky letný čas"
        :generic: "turkménsky čas"
        :standard: "turkménsky štandardný čas"
    :Tuvalu: 
      :long: 
        :standard: "tuvalský čas"
    :Uruguay: 
      :long: 
        :daylight: "uruguajský letný čas"
        :generic: "uruguajský čas"
        :standard: "uruguajský štandardný čas"
    :Uzbekistan: 
      :long: 
        :daylight: "uzbecký letný čas"
        :generic: "uzbecký čas"
        :standard: "uzbecký štandardný čas"
    :Vanuatu: 
      :long: 
        :daylight: "vanuatský letný čas"
        :generic: "vanuatský čas"
        :standard: "vanuatský štandardný čas"
    :Venezuela: 
      :long: 
        :standard: "venezuelský čas"
    :Vladivostok: 
      :long: 
        :daylight: "vladivostocký letný čas"
        :generic: "vladivostocký čas"
        :standard: "vladivostocký štandardný čas"
    :Volgograd: 
      :long: 
        :daylight: "volgogradský letný čas"
        :generic: "volgogradský čas"
        :standard: "volgogradský štandardný čas"
    :Vostok: 
      :long: 
        :standard: "čas stanice Vostok"
    :Wake: 
      :long: 
        :standard: "čas ostrova Wake"
    :Wallis: 
      :long: 
        :standard: "čas ostrovov Wallis a Futuna"
    :Yakutsk: 
      :long: 
        :daylight: "jakutský letný čas"
        :generic: "jakutský čas"
        :standard: "jakutský štandardný čas"
    :Yekaterinburg: 
      :long: 
        :daylight: "jekaterinburský letný čas"
        :generic: "jekaterinburský čas"
        :standard: "jekaterinburský štandardný čas"
  :timezones: 
    :Africa/Abidjan: 
      :city: Abidjan
    :Africa/Accra: 
      :city: Accra
    :Africa/Addis_Ababa: 
      :city: "Addis Abeba"
    :Africa/Algiers: 
      :city: Alžír
    :Africa/Asmera: 
      :city: Asmara
    :Africa/Bamako: 
      :city: Bamako
    :Africa/Bangui: 
      :city: Bangui
    :Africa/Banjul: 
      :city: Banjul
    :Africa/Bissau: 
      :city: Bissau
    :Africa/Blantyre: 
      :city: Blantyre
    :Africa/Brazzaville: 
      :city: Brazzaville
    :Africa/Bujumbura: 
      :city: Bujumbura
    :Africa/Cairo: 
      :city: Káhira
    :Africa/Casablanca: 
      :city: Casablanca
    :Africa/Ceuta: 
      :city: Ceuta
    :Africa/Conakry: 
      :city: Conakry
    :Africa/Dakar: 
      :city: Dakar
    :Africa/Dar_es_Salaam: 
      :city: "Dar es Salaam"
    :Africa/Djibouti: 
      :city: Džibuti
    :Africa/Douala: 
      :city: Douala
    :Africa/El_Aaiun: 
      :city: El-Aaiún
    :Africa/Freetown: 
      :city: Freetown
    :Africa/Gaborone: 
      :city: Gaborone
    :Africa/Harare: 
      :city: Harare
    :Africa/Johannesburg: 
      :city: Johannesburg
    :Africa/Juba: 
      :city: Juba
    :Africa/Kampala: 
      :city: Kampala
    :Africa/Khartoum: 
      :city: Chartúm
    :Africa/Kigali: 
      :city: Kigali
    :Africa/Kinshasa: 
      :city: Kinshasa
    :Africa/Lagos: 
      :city: Lagos
    :Africa/Libreville: 
      :city: Libreville
    :Africa/Lome: 
      :city: Lomé
    :Africa/Luanda: 
      :city: Luanda
    :Africa/Lubumbashi: 
      :city: Lubumbashi
    :Africa/Lusaka: 
      :city: Lusaka
    :Africa/Malabo: 
      :city: Malabo
    :Africa/Maputo: 
      :city: Maputo
    :Africa/Maseru: 
      :city: Maseru
    :Africa/Mbabane: 
      :city: Mbabane
    :Africa/Mogadishu: 
      :city: Mogadišo
    :Africa/Monrovia: 
      :city: Monrovia
    :Africa/Nairobi: 
      :city: Nairobi
    :Africa/Ndjamena: 
      :city: N’Djamena
    :Africa/Niamey: 
      :city: Niamey
    :Africa/Nouakchott: 
      :city: Nouakchott
    :Africa/Ouagadougou: 
      :city: Ouagadougou
    :Africa/Porto-Novo: 
      :city: Porto-Novo
    :Africa/Sao_Tome: 
      :city: "Svätý Tomáš"
    :Africa/Tripoli: 
      :city: Tripolis
    :Africa/Tunis: 
      :city: Tunis
    :Africa/Windhoek: 
      :city: Windhoek
    :America/Adak: 
      :city: Adak
    :America/Anchorage: 
      :city: Anchorage
    :America/Anguilla: 
      :city: Anguilla
    :America/Antigua: 
      :city: Antigua
    :America/Araguaina: 
      :city: Araguaina
    :America/Argentina/La_Rioja: 
      :city: "La Rioja"
    :America/Argentina/Rio_Gallegos: 
      :city: "Rio Gallegos"
    :America/Argentina/Salta: 
      :city: Salta
    :America/Argentina/San_Juan: 
      :city: "San Juan"
    :America/Argentina/San_Luis: 
      :city: "San Luis"
    :America/Argentina/Tucuman: 
      :city: Tucuman
    :America/Argentina/Ushuaia: 
      :city: Ushuaia
    :America/Aruba: 
      :city: Aruba
    :America/Asuncion: 
      :city: Asunción
    :America/Bahia: 
      :city: Bahia
    :America/Bahia_Banderas: 
      :city: "Bahia Banderas"
    :America/Barbados: 
      :city: Barbados
    :America/Belem: 
      :city: Belém
    :America/Belize: 
      :city: Belize
    :America/Blanc-Sablon: 
      :city: Blanc-Sablon
    :America/Boa_Vista: 
      :city: "Boa Vista"
    :America/Bogota: 
      :city: Bogotá
    :America/Boise: 
      :city: Boise
    :America/Buenos_Aires: 
      :city: "Buenos Aires"
    :America/Cambridge_Bay: 
      :city: "Cambridge Bay"
    :America/Campo_Grande: 
      :city: "Campo Grande"
    :America/Cancun: 
      :city: Cancún
    :America/Caracas: 
      :city: Caracas
    :America/Catamarca: 
      :city: Catamarca
    :America/Cayenne: 
      :city: Cayenne
    :America/Cayman: 
      :city: "Kajmanie ostrovy"
    :America/Chicago: 
      :city: Chicago
    :America/Chihuahua: 
      :city: Chihuahua
    :America/Coral_Harbour: 
      :city: Atikokan
    :America/Cordoba: 
      :city: Córdoba
    :America/Costa_Rica: 
      :city: Kostarika
    :America/Creston: 
      :city: Creston
    :America/Cuiaba: 
      :city: Cuiabá
    :America/Curacao: 
      :city: Curaçao
    :America/Danmarkshavn: 
      :city: Danmarkshavn
    :America/Dawson: 
      :city: Dawson
    :America/Dawson_Creek: 
      :city: "Dawson Creek"
    :America/Denver: 
      :city: Denver
    :America/Detroit: 
      :city: Detroit
    :America/Dominica: 
      :city: Dominika
    :America/Edmonton: 
      :city: Edmonton
    :America/Eirunepe: 
      :city: Eirunepé
    :America/El_Salvador: 
      :city: Salvádor
    :America/Fort_Nelson: 
      :city: "Fort Nelson"
    :America/Fortaleza: 
      :city: Fortaleza
    :America/Glace_Bay: 
      :city: "Glace Bay"
    :America/Godthab: 
      :city: Nuuk
    :America/Goose_Bay: 
      :city: "Goose Bay"
    :America/Grand_Turk: 
      :city: "Grand Turk"
    :America/Grenada: 
      :city: Grenada
    :America/Guadeloupe: 
      :city: Guadeloupe
    :America/Guatemala: 
      :city: Guatemala
    :America/Guayaquil: 
      :city: Guayaquil
    :America/Guyana: 
      :city: Guyana
    :America/Halifax: 
      :city: Halifax
    :America/Havana: 
      :city: Havana
    :America/Hermosillo: 
      :city: Hermosillo
    :America/Indiana/Knox: 
      :city: "Knox, Indiana"
    :America/Indiana/Marengo: 
      :city: "Marengo, Indiana"
    :America/Indiana/Petersburg: 
      :city: "Petersburg, Indiana"
    :America/Indiana/Tell_City: 
      :city: "Tell City, Indiana"
    :America/Indiana/Vevay: 
      :city: "Vevay, Indiana"
    :America/Indiana/Vincennes: 
      :city: "Vincennes, Indiana"
    :America/Indiana/Winamac: 
      :city: "Winamac, Indiana"
    :America/Indianapolis: 
      :city: Indianapolis
    :America/Inuvik: 
      :city: Inuvik
    :America/Iqaluit: 
      :city: Iqaluit
    :America/Jamaica: 
      :city: Jamajka
    :America/Jujuy: 
      :city: Jujuy
    :America/Juneau: 
      :city: Juneau
    :America/Kentucky/Monticello: 
      :city: "Monticello, Kentucky"
    :America/Kralendijk: 
      :city: Kralendijk
    :America/La_Paz: 
      :city: "La Paz"
    :America/Lima: 
      :city: Lima
    :America/Los_Angeles: 
      :city: "Los Angeles"
    :America/Louisville: 
      :city: Louisville
    :America/Lower_Princes: 
      :city: "Lower Prince’s Quarter"
    :America/Maceio: 
      :city: Maceió
    :America/Managua: 
      :city: Managua
    :America/Manaus: 
      :city: Manaus
    :America/Marigot: 
      :city: Marigot
    :America/Martinique: 
      :city: Martinik
    :America/Matamoros: 
      :city: Matamoros
    :America/Mazatlan: 
      :city: Mazatlán
    :America/Mendoza: 
      :city: Mendoza
    :America/Menominee: 
      :city: Menominee
    :America/Merida: 
      :city: Mérida
    :America/Metlakatla: 
      :city: Metlakatla
    :America/Mexico_City: 
      :city: México
    :America/Miquelon: 
      :city: Miquelon
    :America/Moncton: 
      :city: Moncton
    :America/Monterrey: 
      :city: Monterrey
    :America/Montevideo: 
      :city: Montevideo
    :America/Montserrat: 
      :city: Montserrat
    :America/Nassau: 
      :city: Nassau
    :America/New_York: 
      :city: "New York"
    :America/Nipigon: 
      :city: Nipigon
    :America/Nome: 
      :city: Nome
    :America/Noronha: 
      :city: Noronha
    :America/North_Dakota/Beulah: 
      :city: "Beulah, Severná Dakota"
    :America/North_Dakota/Center: 
      :city: "Center, Severná Dakota"
    :America/North_Dakota/New_Salem: 
      :city: "New Salem, Severná Dakota"
    :America/Ojinaga: 
      :city: Ojinaga
    :America/Panama: 
      :city: Panama
    :America/Pangnirtung: 
      :city: Pangnirtung
    :America/Paramaribo: 
      :city: Paramaribo
    :America/Phoenix: 
      :city: Phoenix
    :America/Port-au-Prince: 
      :city: Port-au-Prince
    :America/Port_of_Spain: 
      :city: "Port of Spain"
    :America/Porto_Velho: 
      :city: "Porto Velho"
    :America/Puerto_Rico: 
      :city: Portoriko
    :America/Punta_Arenas: 
      :city: "Punta Arenas"
    :America/Rainy_River: 
      :city: "Rainy River"
    :America/Rankin_Inlet: 
      :city: "Rankin Inlet"
    :America/Recife: 
      :city: Recife
    :America/Regina: 
      :city: Regina
    :America/Resolute: 
      :city: Resolute
    :America/Rio_Branco: 
      :city: "Rio Branco"
    :America/Santa_Isabel: 
      :city: "Santa Isabel"
    :America/Santarem: 
      :city: Santarém
    :America/Santiago: 
      :city: Santiago
    :America/Santo_Domingo: 
      :city: "Santo Domingo"
    :America/Sao_Paulo: 
      :city: "São Paulo"
    :America/Scoresbysund: 
      :city: Ittoqqortoormiit
    :America/Sitka: 
      :city: Sitka
    :America/St_Barthelemy: 
      :city: "Svätý Bartolomej"
    :America/St_Johns: 
      :city: "St. John’s"
    :America/St_Kitts: 
      :city: "St. Kitts"
    :America/St_Lucia: 
      :city: "Svätá Lucia"
    :America/St_Thomas: 
      :city: "Sv. Tomáš"
    :America/St_Vincent: 
      :city: "Sv. Vincent"
    :America/Swift_Current: 
      :city: "Swift Current"
    :America/Tegucigalpa: 
      :city: Tegucigalpa
    :America/Thule: 
      :city: Thule
    :America/Thunder_Bay: 
      :city: "Thunder Bay"
    :America/Tijuana: 
      :city: Tijuana
    :America/Toronto: 
      :city: Toronto
    :America/Tortola: 
      :city: Tortola
    :America/Vancouver: 
      :city: Vancouver
    :America/Whitehorse: 
      :city: Whitehorse
    :America/Winnipeg: 
      :city: Winnipeg
    :America/Yakutat: 
      :city: Yakutat
    :America/Yellowknife: 
      :city: Yellowknife
    :Antarctica/Casey: 
      :city: Casey
    :Antarctica/Davis: 
      :city: Davis
    :Antarctica/DumontDUrville: 
      :city: "Dumont d’Urville"
    :Antarctica/Macquarie: 
      :city: Macquarie
    :Antarctica/Mawson: 
      :city: Mawson
    :Antarctica/McMurdo: 
      :city: McMurdo
    :Antarctica/Palmer: 
      :city: Palmer
    :Antarctica/Rothera: 
      :city: Rothera
    :Antarctica/Syowa: 
      :city: Šówa
    :Antarctica/Troll: 
      :city: Troll
    :Antarctica/Vostok: 
      :city: Vostok
    :Arctic/Longyearbyen: 
      :city: Longyearbyen
    :Asia/Aden: 
      :city: Aden
    :Asia/Almaty: 
      :city: Almaty
    :Asia/Amman: 
      :city: Ammán
    :Asia/Anadyr: 
      :city: Anadyr
    :Asia/Aqtau: 
      :city: Aktau
    :Asia/Aqtobe: 
      :city: Aktobe
    :Asia/Ashgabat: 
      :city: Ašchabad
    :Asia/Atyrau: 
      :city: Atyrau
    :Asia/Baghdad: 
      :city: Bagdad
    :Asia/Bahrain: 
      :city: Bahrajn
    :Asia/Baku: 
      :city: Baku
    :Asia/Bangkok: 
      :city: Bangkok
    :Asia/Barnaul: 
      :city: Barnaul
    :Asia/Beirut: 
      :city: Bejrút
    :Asia/Bishkek: 
      :city: Biškek
    :Asia/Brunei: 
      :city: Brunej
    :Asia/Calcutta: 
      :city: Kalkata
    :Asia/Chita: 
      :city: Čita
    :Asia/Choibalsan: 
      :city: Čojbalsan
    :Asia/Colombo: 
      :city: Kolombo
    :Asia/Damascus: 
      :city: Damask
    :Asia/Dhaka: 
      :city: Dháka
    :Asia/Dili: 
      :city: Dili
    :Asia/Dubai: 
      :city: Dubaj
    :Asia/Dushanbe: 
      :city: Dušanbe
    :Asia/Famagusta: 
      :city: Famagusta
    :Asia/Gaza: 
      :city: Gaza
    :Asia/Hebron: 
      :city: Hebron
    :Asia/Hong_Kong: 
      :city: Hongkong
    :Asia/Hovd: 
      :city: Chovd
    :Asia/Irkutsk: 
      :city: Irkutsk
    :Asia/Jakarta: 
      :city: Jakarta
    :Asia/Jayapura: 
      :city: Jayapura
    :Asia/Jerusalem: 
      :city: Jeruzalem
    :Asia/Kabul: 
      :city: Kábul
    :Asia/Kamchatka: 
      :city: Kamčatka
    :Asia/Karachi: 
      :city: Karáči
    :Asia/Katmandu: 
      :city: Káthmandu
    :Asia/Khandyga: 
      :city: Chandyga
    :Asia/Krasnoyarsk: 
      :city: Krasnojarsk
    :Asia/Kuala_Lumpur: 
      :city: "Kuala Lumpur"
    :Asia/Kuching: 
      :city: Kučing
    :Asia/Kuwait: 
      :city: Kuvajt
    :Asia/Macau: 
      :city: Macao
    :Asia/Magadan: 
      :city: Magadan
    :Asia/Makassar: 
      :city: Makassar
    :Asia/Manila: 
      :city: Manila
    :Asia/Muscat: 
      :city: Maskat
    :Asia/Nicosia: 
      :city: Nikózia
    :Asia/Novokuznetsk: 
      :city: Novokuzneck
    :Asia/Novosibirsk: 
      :city: Novosibirsk
    :Asia/Omsk: 
      :city: Omsk
    :Asia/Oral: 
      :city: Uraľsk
    :Asia/Phnom_Penh: 
      :city: "Phnom Pénh"
    :Asia/Pontianak: 
      :city: Pontianak
    :Asia/Pyongyang: 
      :city: Pchjongjang
    :Asia/Qatar: 
      :city: Katar
    :Asia/Qostanay: 
      :city: Kostanaj
    :Asia/Qyzylorda: 
      :city: Kyzylorda
    :Asia/Rangoon: 
      :city: Rangún
    :Asia/Riyadh: 
      :city: Rijád
    :Asia/Saigon: 
      :city: "Hočiminovo Mesto"
    :Asia/Sakhalin: 
      :city: Sachalin
    :Asia/Samarkand: 
      :city: Samarkand
    :Asia/Seoul: 
      :city: Soul
    :Asia/Shanghai: 
      :city: Šanghaj
    :Asia/Singapore: 
      :city: Singapur
    :Asia/Srednekolymsk: 
      :city: Srednekolymsk
    :Asia/Taipei: 
      :city: Tchaj-pej
    :Asia/Tashkent: 
      :city: Taškent
    :Asia/Tbilisi: 
      :city: Tbilisi
    :Asia/Tehran: 
      :city: Teherán
    :Asia/Thimphu: 
      :city: Thimphu
    :Asia/Tokyo: 
      :city: Tokio
    :Asia/Tomsk: 
      :city: Tomsk
    :Asia/Ulaanbaatar: 
      :city: Ulanbátar
    :Asia/Urumqi: 
      :city: Urumči
    :Asia/Ust-Nera: 
      :city: Usť-Nera
    :Asia/Vientiane: 
      :city: Vientian
    :Asia/Vladivostok: 
      :city: Vladivostok
    :Asia/Yakutsk: 
      :city: Jakutsk
    :Asia/Yekaterinburg: 
      :city: Jekaterinburg
    :Asia/Yerevan: 
      :city: Jerevan
    :Atlantic/Azores: 
      :city: Azory
    :Atlantic/Bermuda: 
      :city: Bermudy
    :Atlantic/Canary: 
      :city: "Kanárske ostrovy"
    :Atlantic/Cape_Verde: 
      :city: Kapverdy
    :Atlantic/Faeroe: 
      :city: "Faerské ostrovy"
    :Atlantic/Madeira: 
      :city: Madeira
    :Atlantic/Reykjavik: 
      :city: Reykjavík
    :Atlantic/South_Georgia: 
      :city: "Južná Georgia"
    :Atlantic/St_Helena: 
      :city: "Svätá Helena"
    :Atlantic/Stanley: 
      :city: Stanley
    :Australia/Adelaide: 
      :city: Adelaide
    :Australia/Brisbane: 
      :city: Brisbane
    :Australia/Broken_Hill: 
      :city: "Broken Hill"
    :Australia/Currie: 
      :city: Currie
    :Australia/Darwin: 
      :city: Darwin
    :Australia/Eucla: 
      :city: Eucla
    :Australia/Hobart: 
      :city: Hobart
    :Australia/Lindeman: 
      :city: Lindeman
    :Australia/Lord_Howe: 
      :city: "Lord Howe"
    :Australia/Melbourne: 
      :city: Melbourne
    :Australia/Perth: 
      :city: Perth
    :Australia/Sydney: 
      :city: Sydney
    :Etc/UTC: 
      :long: 
        :standard: "koordinovaný svetový čas"
      :short: 
        :standard: UTC
    :Etc/Unknown: 
      :city: "neznáme mesto"
    :Europe/Amsterdam: 
      :city: Amsterdam
    :Europe/Andorra: 
      :city: Andorra
    :Europe/Astrakhan: 
      :city: Astrachán
    :Europe/Athens: 
      :city: Atény
    :Europe/Belgrade: 
      :city: Belehrad
    :Europe/Berlin: 
      :city: Berlín
    :Europe/Bratislava: 
      :city: Bratislava
    :Europe/Brussels: 
      :city: Brusel
    :Europe/Bucharest: 
      :city: Bukurešť
    :Europe/Budapest: 
      :city: Budapešť
    :Europe/Busingen: 
      :city: Büsingen
    :Europe/Chisinau: 
      :city: Kišiňov
    :Europe/Copenhagen: 
      :city: Kodaň
    :Europe/Dublin: 
      :city: Dublin
      :long: 
        :daylight: "írsky štandardný čas"
    :Europe/Gibraltar: 
      :city: Gibraltár
    :Europe/Guernsey: 
      :city: Guernsey
    :Europe/Helsinki: 
      :city: Helsinki
    :Europe/Isle_of_Man: 
      :city: "Ostrov Man"
    :Europe/Istanbul: 
      :city: Istanbul
    :Europe/Jersey: 
      :city: Jersey
    :Europe/Kaliningrad: 
      :city: Kaliningrad
    :Europe/Kiev: 
      :city: Kyjev
    :Europe/Kirov: 
      :city: Kirov
    :Europe/Lisbon: 
      :city: Lisabon
    :Europe/Ljubljana: 
      :city: Ľubľana
    :Europe/London: 
      :city: Londýn
      :long: 
        :daylight: "britský letný čas"
    :Europe/Luxembourg: 
      :city: Luxembursko
    :Europe/Madrid: 
      :city: Madrid
    :Europe/Malta: 
      :city: Malta
    :Europe/Mariehamn: 
      :city: Mariehamn
    :Europe/Minsk: 
      :city: Minsk
    :Europe/Monaco: 
      :city: Monako
    :Europe/Moscow: 
      :city: Moskva
    :Europe/Oslo: 
      :city: Oslo
    :Europe/Paris: 
      :city: Paríž
    :Europe/Podgorica: 
      :city: Podgorica
    :Europe/Prague: 
      :city: Praha
    :Europe/Riga: 
      :city: Riga
    :Europe/Rome: 
      :city: Rím
    :Europe/Samara: 
      :city: Samara
    :Europe/San_Marino: 
      :city: "San Maríno"
    :Europe/Sarajevo: 
      :city: Sarajevo
    :Europe/Saratov: 
      :city: Saratov
    :Europe/Simferopol: 
      :city: Simferopol
    :Europe/Skopje: 
      :city: Skopje
    :Europe/Sofia: 
      :city: Sofia
    :Europe/Stockholm: 
      :city: Štokholm
    :Europe/Tallinn: 
      :city: Tallinn
    :Europe/Tirane: 
      :city: Tirana
    :Europe/Ulyanovsk: 
      :city: Uľjanovsk
    :Europe/Uzhgorod: 
      :city: Užhorod
    :Europe/Vaduz: 
      :city: Vaduz
    :Europe/Vatican: 
      :city: Vatikán
    :Europe/Vienna: 
      :city: Viedeň
    :Europe/Vilnius: 
      :city: Vilnius
    :Europe/Volgograd: 
      :city: Volgograd
    :Europe/Warsaw: 
      :city: Varšava
    :Europe/Zagreb: 
      :city: Záhreb
    :Europe/Zaporozhye: 
      :city: Záporožie
    :Europe/Zurich: 
      :city: Zürich
    :Indian/Antananarivo: 
      :city: Antananarivo
    :Indian/Chagos: 
      :city: Chagos
    :Indian/Christmas: 
      :city: "Vianočný ostrov"
    :Indian/Cocos: 
      :city: "Kokosové ostrovy"
    :Indian/Comoro: 
      :city: Komory
    :Indian/Kerguelen: 
      :city: Kergueleny
    :Indian/Mahe: 
      :city: Mahé
    :Indian/Maldives: 
      :city: Maldivy
    :Indian/Mauritius: 
      :city: Maurícius
    :Indian/Mayotte: 
      :city: Mayotte
    :Indian/Reunion: 
      :city: Réunion
    :Pacific/Apia: 
      :city: Apia
    :Pacific/Auckland: 
      :city: Auckland
    :Pacific/Bougainville: 
      :city: Bougainville
    :Pacific/Chatham: 
      :city: Chatham
    :Pacific/Easter: 
      :city: "Veľkonočný ostrov"
    :Pacific/Efate: 
      :city: Efate
    :Pacific/Enderbury: 
      :city: Enderbury
    :Pacific/Fakaofo: 
      :city: Fakaofo
    :Pacific/Fiji: 
      :city: Fidži
    :Pacific/Funafuti: 
      :city: Funafuti
    :Pacific/Galapagos: 
      :city: Galapágy
    :Pacific/Gambier: 
      :city: Gambier
    :Pacific/Guadalcanal: 
      :city: Guadalcanal
    :Pacific/Guam: 
      :city: Guam
    :Pacific/Honolulu: 
      :city: Honolulu
      :short: 
        :daylight: HDT
        :generic: HST
        :standard: HST
    :Pacific/Johnston: 
      :city: Johnston
    :Pacific/Kiritimati: 
      :city: Kiritimati
    :Pacific/Kosrae: 
      :city: Kosrae
    :Pacific/Kwajalein: 
      :city: Kwajalein
    :Pacific/Majuro: 
      :city: Majuro
    :Pacific/Marquesas: 
      :city: Markézy
    :Pacific/Midway: 
      :city: Midway
    :Pacific/Nauru: 
      :city: Nauru
    :Pacific/Niue: 
      :city: Niue
    :Pacific/Norfolk: 
      :city: Norfolk
    :Pacific/Noumea: 
      :city: Nouméa
    :Pacific/Pago_Pago: 
      :city: "Pago Pago"
    :Pacific/Palau: 
      :city: Palau
    :Pacific/Pitcairn: 
      :city: Pitcairn
    :Pacific/Ponape: 
      :city: Pohnpei
    :Pacific/Port_Moresby: 
      :city: "Port Moresby"
    :Pacific/Rarotonga: 
      :city: Rarotonga
    :Pacific/Saipan: 
      :city: Saipan
    :Pacific/Tahiti: 
      :city: Tahiti
    :Pacific/Tarawa: 
      :city: Tarawa
    :Pacific/Tongatapu: 
      :city: Tongatapu
    :Pacific/Truk: 
      :city: Chuuk
    :Pacific/Wake: 
      :city: Wake
    :Pacific/Wallis: 
      :city: Wallis
