--- 
:fil: 
  :formats: 
    :fallback_formats: 
      :generic: "{1} ({0})"
    :gmt_formats: 
      :generic: "GMT{0}"
    :gmt_zero_formats: 
      :generic: GMT
    :hour_formats: 
      :generic: "+HH:mm;-HH:mm"
    :region_formats: 
      :daylight: "Daylight Time ng {0}"
      :generic: "Oras sa {0}"
      :standard: "Standard na Oras sa {0}"
  :metazones: 
    :Afghanistan: 
      :long: 
        :standard: "Oras sa Afghanistan"
    :Africa_Central: 
      :long: 
        :standard: "Oras sa Gitnang Africa"
    :Africa_Eastern: 
      :long: 
        :standard: "Oras sa Silangang Africa"
    :Africa_Southern: 
      :long: 
        :standard: "Oras sa Timog Africa"
    :Africa_Western: 
      :long: 
        :daylight: "Oras sa Tag-init ng Kanlurang Africa"
        :generic: "Oras sa Kanlurang Africa"
        :standard: "Standard na Oras sa Kanlurang Africa"
    :Alaska: 
      :long: 
        :daylight: "Daylight Time sa Alaska"
        :generic: "Oras sa Alaska"
        :standard: "Standard na Oras sa Alaska"
    :Amazon: 
      :long: 
        :daylight: "Oras sa Tag-init ng Amazon"
        :generic: "Oras sa Amazon"
        :standard: "Standard na Oras sa Amazon"
    :America_Central: 
      :long: 
        :daylight: "Sentral na Daylight Time"
        :generic: "Sentral na Oras"
        :standard: "Sentral na Standard na Oras"
    :America_Eastern: 
      :long: 
        :daylight: "Eastern Daylight Time"
        :generic: "Eastern Time"
        :standard: "Eastern na Standard na Oras"
    :America_Mountain: 
      :long: 
        :daylight: "Daylight Time sa Bundok"
        :generic: "Oras sa Bundok"
        :standard: "Standard na Oras sa Bundok"
    :America_Pacific: 
      :long: 
        :daylight: "Daylight Time sa Pasipiko"
        :generic: "Oras sa Pasipiko"
        :standard: "Standard na Oras sa Pasipiko"
    :Anadyr: 
      :long: 
        :daylight: "Summer Time sa Anadyr"
        :generic: "Oras sa Anadyr"
        :standard: "Standard Time sa Anadyr"
    :Apia: 
      :long: 
        :daylight: "Daylight Time sa Apia"
        :generic: "Oras sa Apia"
        :standard: "Standard na Oras sa Apia"
    :Arabian: 
      :long: 
        :daylight: "Daylight Time sa Arabia"
        :generic: "Oras sa Arabia"
        :standard: "Standard na Oras sa Arabia"
    :Argentina: 
      :long: 
        :daylight: "Oras sa Tag-init ng Argentina"
        :generic: "Oras sa Argentina"
        :standard: "Standard na Oras sa Argentina"
    :Argentina_Western: 
      :long: 
        :daylight: "Oras sa Tag-init ng Kanlurang Argentina"
        :generic: "Oras sa Kanlurang Argentina"
        :standard: "Standard na Oras sa Kanlurang Argentina"
    :Armenia: 
      :long: 
        :daylight: "Oras sa Tag-init ng Armenia"
        :generic: "Oras sa Armenia"
        :standard: "Standard na Oras sa Armenia"
    :Atlantic: 
      :long: 
        :daylight: "Daylight Time sa Atlantiko"
        :generic: "Oras sa Atlantiko"
        :standard: "Standard na Oras sa Atlantiko"
    :Australia_Central: 
      :long: 
        :daylight: "Daylight Time sa Gitnang Australya"
        :generic: "Oras sa Gitnang Australya"
        :standard: "Standard na Oras sa Gitnang Australya"
    :Australia_CentralWestern: 
      :long: 
        :daylight: "Daylight Time sa Gitnang Kanlurang Australya"
        :generic: "Oras ng Gitnang Kanluran ng Australya"
        :standard: "Standard Time ng Gitnang Kanluran ng Australya"
    :Australia_Eastern: 
      :long: 
        :daylight: "Daylight Time sa Silangang Australya"
        :generic: "Oras sa Silangang Australya"
        :standard: "Standard na Oras sa Silangang Australya"
    :Australia_Western: 
      :long: 
        :daylight: "Daylight Time sa Kanlurang Australya"
        :generic: "Oras sa Kanlurang Australya"
        :standard: "Standard na Oras sa Kanlurang Australya"
    :Azerbaijan: 
      :long: 
        :daylight: "Oras sa Tag-init ng Azerbaijan"
        :generic: "Oras sa Azerbaijan"
        :standard: "Standard na Oras sa Azerbaijan"
    :Azores: 
      :long: 
        :daylight: "Oras sa Tag-init ng Azores"
        :generic: "Oras sa Azores"
        :standard: "Standard na Oras sa Azores"
    :Bangladesh: 
      :long: 
        :daylight: "Oras sa Tag-init ng Bangladesh"
        :generic: "Oras sa Bangladesh"
        :standard: "Standard na Oras sa Bangladesh"
    :Bhutan: 
      :long: 
        :standard: "Oras sa Bhutan"
    :Bolivia: 
      :long: 
        :standard: "Oras sa Bolivia"
    :Brasilia: 
      :long: 
        :daylight: "Oras sa Tag-init ng Brasilia"
        :generic: "Oras sa Brasilia"
        :standard: "Standard na Oras sa Brasilia"
    :Brunei: 
      :long: 
        :standard: "Oras sa Brunei Darussalam"
    :Cape_Verde: 
      :long: 
        :daylight: "Oras sa Tag-init ng Cape Verde"
        :generic: "Oras sa Cape Verde"
        :standard: "Standard na Oras sa Cape Verde"
    :Chamorro: 
      :long: 
        :standard: "Standard na Oras sa Chamorro"
    :Chatham: 
      :long: 
        :daylight: "Daylight Time sa Chatham"
        :generic: "Oras sa Chatham"
        :standard: "Standard na Oras sa Chatham"
    :Chile: 
      :long: 
        :daylight: "Oras sa Tag-init ng Chile"
        :generic: "Oras sa Chile"
        :standard: "Standard na Oras sa Chile"
    :China: 
      :long: 
        :daylight: "Daylight Time sa China"
        :generic: "Oras sa China"
        :standard: "Standard na Oras sa China"
    :Choibalsan: 
      :long: 
        :daylight: "Oras sa Tag-init ng Choibalsan"
        :generic: "Oras sa Choibalsan"
        :standard: "Standard na Oras sa Choibalsan"
    :Christmas: 
      :long: 
        :standard: "Oras sa Christmas Island"
    :Cocos: 
      :long: 
        :standard: "Oras sa Cocos Islands"
    :Colombia: 
      :long: 
        :daylight: "Oras sa Tag-init ng Colombia"
        :generic: "Oras sa Colombia"
        :standard: "Standard na Oras sa Colombia"
    :Cook: 
      :long: 
        :daylight: "Oras sa Kalahati ng Tag-init ng Cook Islands"
        :generic: "Oras sa Cook Islands"
        :standard: "Standard na Oras sa Cook Islands"
    :Cuba: 
      :long: 
        :daylight: "Daylight Time sa Cuba"
        :generic: "Oras sa Cuba"
        :standard: "Standard na Oras sa Cuba"
    :Davis: 
      :long: 
        :standard: "Oras sa Davis"
    :DumontDUrville: 
      :long: 
        :standard: "Oras sa Dumont-d’Urville"
    :East_Timor: 
      :long: 
        :standard: "Oras sa East Timor"
    :Easter: 
      :long: 
        :daylight: "Oras sa Tag-init ng Easter Island"
        :generic: "Oras sa Easter Island"
        :standard: "Standard na Oras sa Easter Island"
    :Ecuador: 
      :long: 
        :standard: "Oras sa Ecuador"
    :Europe_Central: 
      :long: 
        :daylight: "Oras sa Tag-init ng Gitnang Europe"
        :generic: "Oras sa Gitnang Europe"
        :standard: "Standard na Oras sa Gitnang Europe"
    :Europe_Eastern: 
      :long: 
        :daylight: "Oras sa Tag-init ng Silangang Europe"
        :generic: "Oras sa Silangang Europe"
        :standard: "Standard na Oras sa Silangang Europe"
    :Europe_Further_Eastern: 
      :long: 
        :standard: "Oras sa Pinaka-silangang Europe"
    :Europe_Western: 
      :long: 
        :daylight: "Oras sa Tag-init ng Kanlurang Europe"
        :generic: "Oras sa Kanlurang Europe"
        :standard: "Standard na Oras sa Kanlurang Europe"
    :Falkland: 
      :long: 
        :daylight: "Oras sa Tag-init ng Falkland Islands"
        :generic: "Oras sa Falkland Islands"
        :standard: "Standard na Oras sa Falkland Islands"
    :Fiji: 
      :long: 
        :daylight: "Oras sa Tag-init ng Fiji"
        :generic: "Oras sa Fiji"
        :standard: "Standard na Oras sa Fiji"
    :French_Guiana: 
      :long: 
        :standard: "Oras sa French Guiana"
    :French_Southern: 
      :long: 
        :standard: "Oras sa Katimugang France at Antartiko"
    :GMT: 
      :long: 
        :standard: "Greenwich Mean Time"
    :Galapagos: 
      :long: 
        :standard: "Oras sa Galapagos"
    :Gambier: 
      :long: 
        :standard: "Oras sa Gambier"
    :Georgia: 
      :long: 
        :daylight: "Oras sa Tag-init ng Georgia"
        :generic: "Oras sa Georgia"
        :standard: "Standard na Oras sa Georgia"
    :Gilbert_Islands: 
      :long: 
        :standard: "Oras sa Gilbert Islands"
    :Greenland_Eastern: 
      :long: 
        :daylight: "Oras sa Tag-init ng Silangang Greenland"
        :generic: "Oras sa Silangang Greenland"
        :standard: "Standard na Oras sa Silangang Greenland"
    :Greenland_Western: 
      :long: 
        :daylight: "Oras sa Tag-init ng Kanlurang Greenland"
        :generic: "Oras sa Kanlurang Greenland"
        :standard: "Standard na Oras sa Kanlurang Greenland"
    :Gulf: 
      :long: 
        :standard: "Oras sa Gulf"
    :Guyana: 
      :long: 
        :standard: "Oras sa Guyana"
    :Hawaii_Aleutian: 
      :long: 
        :daylight: "Oras sa Tag-init ng Hawaii-Aleutian"
        :generic: "Oras sa Hawaii-Aleutian"
        :standard: "Standard na Oras sa Hawaii-Aleutian"
    :Hong_Kong: 
      :long: 
        :daylight: "Oras sa Tag-init ng Hong Kong"
        :generic: "Oras sa Hong Kong"
        :standard: "Standard na Oras sa Hong Kong"
    :Hovd: 
      :long: 
        :daylight: "Oras sa Tag-init ng Hovd"
        :generic: "Oras sa Hovd"
        :standard: "Standard na Oras sa Hovd"
    :India: 
      :long: 
        :standard: "Standard na Oras sa Bhutan"
    :Indian_Ocean: 
      :long: 
        :standard: "Oras sa Indian Ocean"
    :Indochina: 
      :long: 
        :standard: "Oras sa Indochina"
    :Indonesia_Central: 
      :long: 
        :standard: "Oras sa Gitnang Indonesia"
    :Indonesia_Eastern: 
      :long: 
        :standard: "Oras sa Silangang Indonesia"
    :Indonesia_Western: 
      :long: 
        :standard: "Oras sa Kanlurang Indonesia"
    :Iran: 
      :long: 
        :daylight: "Daylight Time sa Iran"
        :generic: "Oras sa Iran"
        :standard: "Standard na Oras sa Iran"
    :Irkutsk: 
      :long: 
        :daylight: "Oras sa Tag-init ng Irkutsk"
        :generic: "Oras sa Irkutsk"
        :standard: "Standard na Oras sa Irkutsk"
    :Israel: 
      :long: 
        :daylight: "Daylight Time sa Israel"
        :generic: "Oras sa Israel"
        :standard: "Standard na Oras sa Israel"
    :Japan: 
      :long: 
        :daylight: "Daylight Time sa Japan"
        :generic: "Oras sa Japan"
        :standard: "Standard na Oras sa Japan"
    :Kamchatka: 
      :long: 
        :daylight: "Summer Time sa Petropavlovsk-Kamchatski"
        :generic: "Oras sa Petropavlovsk-Kamchatski"
        :standard: "Standard Time sa Petropavlovsk-Kamchatski"
    :Kazakhstan_Eastern: 
      :long: 
        :standard: "Oras sa Silangang Kazakhstan"
    :Kazakhstan_Western: 
      :long: 
        :standard: "Oras sa Kanlurang Kazakhstan"
    :Korea: 
      :long: 
        :daylight: "Daylight Time sa Korea"
        :generic: "Oras sa Korea"
        :standard: "Standard na Oras sa Korea"
    :Kosrae: 
      :long: 
        :standard: "Oras sa Kosrae"
    :Krasnoyarsk: 
      :long: 
        :daylight: "Oras sa Tag-init ng Krasnoyarsk"
        :generic: "Oras sa Krasnoyarsk"
        :standard: "Standard na Oras sa Krasnoyarsk"
    :Kyrgystan: 
      :long: 
        :standard: "Oras sa Kyrgystan"
    :Line_Islands: 
      :long: 
        :standard: "Oras sa Line Islands"
    :Lord_Howe: 
      :long: 
        :daylight: "Daylight Time sa Lorde Howe"
        :generic: "Oras sa Lord Howe"
        :standard: "Standard na Oras sa Lord Howe"
    :Macquarie: 
      :long: 
        :standard: "Oras sa Macquarie Island"
    :Magadan: 
      :long: 
        :daylight: "Oras sa Tag-init ng Magadan"
        :generic: "Oras sa Magadan"
        :standard: "Standard na Oras sa Magadan"
    :Malaysia: 
      :long: 
        :standard: "Oras sa Malaysia"
    :Maldives: 
      :long: 
        :standard: "Oras sa Maldives"
    :Marquesas: 
      :long: 
        :standard: "Oras sa Marquesas"
    :Marshall_Islands: 
      :long: 
        :standard: "Oras sa Marshall Islands"
    :Mauritius: 
      :long: 
        :daylight: "Oras sa Tag-init ng Mauritius"
        :generic: "Oras sa Mauritius"
        :standard: "Standard na Oras sa Mauritius"
    :Mawson: 
      :long: 
        :standard: "Oras sa Mawson"
    :Mexico_Northwest: 
      :long: 
        :daylight: "Daylight Time sa Hilagang-kanlurang Mexico"
        :generic: "Oras sa Hilagang-kanlurang Mexico"
        :standard: "Standard na Oras sa Hilagang-kanlurang Mexico"
    :Mexico_Pacific: 
      :long: 
        :daylight: "Daylight Time sa Pasipiko ng Mexico"
        :generic: "Oras sa Pasipiko ng Mexico"
        :standard: "Standard na Oras sa Pasipiko ng Mexico"
    :Mongolia: 
      :long: 
        :daylight: "Oras sa Tag-init ng Ulan Bator"
        :generic: "Oras sa Ulan Bator"
        :standard: "Standard na Oras sa Ulan Bator"
    :Moscow: 
      :long: 
        :daylight: "Oras sa Tag-init ng Moscow"
        :generic: "Oras sa Moscow"
        :standard: "Standard na Oras sa Moscow"
    :Myanmar: 
      :long: 
        :standard: "Oras sa Myanmar"
    :Nauru: 
      :long: 
        :standard: "Oras sa Nauru"
    :Nepal: 
      :long: 
        :standard: "Oras sa Nepal"
    :New_Caledonia: 
      :long: 
        :daylight: "Oras sa Tag-init ng New Caledonia"
        :generic: "Oras sa New Caledonia"
        :standard: "Standard na Oras sa New Caledonia"
    :New_Zealand: 
      :long: 
        :daylight: "Daylight Time sa New Zealand"
        :generic: "Oras sa New Zealand"
        :standard: "Standard na Oras sa New Zealand"
    :Newfoundland: 
      :long: 
        :daylight: "Daylight Time sa Newfoundland"
        :generic: "Oras sa Newfoundland"
        :standard: "Standard na Oras sa Newfoundland"
    :Niue: 
      :long: 
        :standard: "Oras sa Niue"
    :Norfolk: 
      :long: 
        :daylight: "Daylight Time sa Norfolk Island"
        :generic: "Oras sa Norfolk Island"
        :standard: "Standard na Oras sa Norfolk Island"
    :Noronha: 
      :long: 
        :daylight: "Oras sa Tag-init ng Fernando de Noronha"
        :generic: "Oras sa Fernando de Noronha"
        :standard: "Standard na Oras sa Fernando de Noronha"
    :Novosibirsk: 
      :long: 
        :daylight: "Oras sa Tag-init ng Novosibirsk"
        :generic: "Oras sa Novosibirsk"
        :standard: "Standard na Oras sa Novosibirsk"
    :Omsk: 
      :long: 
        :daylight: "Oras sa Tag-init ng Omsk"
        :generic: "Oras sa Omsk"
        :standard: "Standard na Oras sa Omsk"
    :Pakistan: 
      :long: 
        :daylight: "Oras sa Tag-init ng Pakistan"
        :generic: "Oras sa Pakistan"
        :standard: "Standard na Oras sa Pakistan"
    :Palau: 
      :long: 
        :standard: "Oras sa Palau"
    :Papua_New_Guinea: 
      :long: 
        :standard: "Oras sa Papua New Guinea"
    :Paraguay: 
      :long: 
        :daylight: "Oras sa Tag-init ng Paraguay"
        :generic: "Oras sa Paraguay"
        :standard: "Standard na Oras sa Paraguay"
    :Peru: 
      :long: 
        :daylight: "Oras sa Tag-init ng Peru"
        :generic: "Oras sa Peru"
        :standard: "Standard na Oras sa Peru"
    :Philippines: 
      :long: 
        :daylight: "Oras sa Tag-init ng Pilipinas"
        :generic: "Oras sa Pilipinas"
        :standard: "Standard na Oras sa Pilipinas"
    :Phoenix_Islands: 
      :long: 
        :standard: "Oras sa Phoenix Islands"
    :Pierre_Miquelon: 
      :long: 
        :daylight: "Daylight Time sa Saint Pierre & Miquelon"
        :generic: "Oras sa Saint Pierre & Miquelon"
        :standard: "Standard na Oras sa Saint Pierre & Miquelon"
    :Pitcairn: 
      :long: 
        :standard: "Oras sa Pitcairn"
    :Ponape: 
      :long: 
        :standard: "Oras sa Ponape"
    :Pyongyang: 
      :long: 
        :standard: "Oras sa Pyongyang"
    :Reunion: 
      :long: 
        :standard: "Oras sa Reunion"
    :Rothera: 
      :long: 
        :standard: "Oras sa Rothera"
    :Sakhalin: 
      :long: 
        :daylight: "Oras sa Tag-init ng Sakhalin"
        :generic: "Oras sa Sakhalin"
        :standard: "Standard na Oras sa Sakhalin"
    :Samara: 
      :long: 
        :daylight: "Samara Daylight"
        :generic: "Oras sa Samara"
        :standard: "Standard Time sa Samara"
    :Samoa: 
      :long: 
        :daylight: "Daylight Time sa Samoa"
        :generic: "Oras sa Samoa"
        :standard: "Standard na Oras sa Samoa"
    :Seychelles: 
      :long: 
        :standard: "Oras sa Seychelles"
    :Singapore: 
      :long: 
        :standard: "Standard na Oras sa Singapore"
    :Solomon: 
      :long: 
        :standard: "Oras sa Solomon Islands"
    :South_Georgia: 
      :long: 
        :standard: "Oras sa Timog Georgia"
    :Suriname: 
      :long: 
        :standard: "Oras sa Suriname"
    :Syowa: 
      :long: 
        :standard: "Oras sa Syowa"
    :Tahiti: 
      :long: 
        :standard: "Oras sa Tahiti"
    :Taipei: 
      :long: 
        :daylight: "Daylight Time sa Taipei"
        :generic: "Oras sa Taipei"
        :standard: "Standard na Oras sa Taipei"
    :Tajikistan: 
      :long: 
        :standard: "Oras sa Tajikistan"
    :Tokelau: 
      :long: 
        :standard: "Oras sa Tokelau"
    :Tonga: 
      :long: 
        :daylight: "Oras sa Tag-init ng Tonga"
        :generic: "Oras sa Tonga"
        :standard: "Standard na Oras sa Tonga"
    :Truk: 
      :long: 
        :standard: "Oras sa Chuuk"
    :Turkmenistan: 
      :long: 
        :daylight: "Oras sa Tag-init ng Turkmenistan"
        :generic: "Oras sa Turkmenistan"
        :standard: "Standard na Oras sa Turkmenistan"
    :Tuvalu: 
      :long: 
        :standard: "Oras sa Tuvalu"
    :Uruguay: 
      :long: 
        :daylight: "Oras sa Tag-init ng Uruguay"
        :generic: "Oras sa Uruguay"
        :standard: "Standard na Oras sa Uruguay"
    :Uzbekistan: 
      :long: 
        :daylight: "Oras sa Tag-init ng Uzbekistan"
        :generic: "Oras sa Uzbekistan"
        :standard: "Standard na Oras sa Uzbekistan"
    :Vanuatu: 
      :long: 
        :daylight: "Oras sa Tag-init ng Vanuatu"
        :generic: "Oras sa Vanuatu"
        :standard: "Standard na Oras sa Vanuatu"
    :Venezuela: 
      :long: 
        :standard: "Oras sa Venezuela"
    :Vladivostok: 
      :long: 
        :daylight: "Oras sa Tag-init ng Vladivostok"
        :generic: "Oras sa Vladivostok"
        :standard: "Standard na Oras sa Vladivostok"
    :Volgograd: 
      :long: 
        :daylight: "Oras sa Tag-init ng Volgograd"
        :generic: "Oras sa Volgograd"
        :standard: "Standard na Oras sa Volgograd"
    :Vostok: 
      :long: 
        :standard: "Oras sa Vostok"
    :Wake: 
      :long: 
        :standard: "Oras sa Wake Island"
    :Wallis: 
      :long: 
        :standard: "Oras sa Wallis & Futuna"
    :Yakutsk: 
      :long: 
        :daylight: "Oras sa Tag-init ng Yakutsk"
        :generic: "Oras sa Yakutsk"
        :standard: "Standard na Oras sa Yakutsk"
    :Yekaterinburg: 
      :long: 
        :daylight: "Oras sa Tag-init ng Yekaterinburg"
        :generic: "Oras sa Yekaterinburg"
        :standard: "Standard na Oras sa Yekaterinburg"
  :timezones: 
    :Africa/Abidjan: 
      :city: Abidjan
    :Africa/Accra: 
      :city: Accra
    :Africa/Addis_Ababa: 
      :city: "Addis Ababa"
    :Africa/Algiers: 
      :city: Algiers
    :Africa/Asmera: 
      :city: Asmara
    :Africa/Bamako: 
      :city: Bamako
    :Africa/Bangui: 
      :city: Bangui
    :Africa/Banjul: 
      :city: Banjul
    :Africa/Bissau: 
      :city: Bissau
    :Africa/Blantyre: 
      :city: Blantyre
    :Africa/Brazzaville: 
      :city: Brazzaville
    :Africa/Bujumbura: 
      :city: Bujumbura
    :Africa/Cairo: 
      :city: Cairo
    :Africa/Casablanca: 
      :city: Casablanca
    :Africa/Ceuta: 
      :city: Ceuta
    :Africa/Conakry: 
      :city: Conakry
    :Africa/Dakar: 
      :city: Dakar
    :Africa/Dar_es_Salaam: 
      :city: "Dar es Salaam"
    :Africa/Djibouti: 
      :city: Djibouti
    :Africa/Douala: 
      :city: Douala
    :Africa/El_Aaiun: 
      :city: "El Aaiun"
    :Africa/Freetown: 
      :city: Freetown
    :Africa/Gaborone: 
      :city: Gaborone
    :Africa/Harare: 
      :city: Harare
    :Africa/Johannesburg: 
      :city: Johannesburg
    :Africa/Juba: 
      :city: Juba
    :Africa/Kampala: 
      :city: Kampala
    :Africa/Khartoum: 
      :city: Khartoum
    :Africa/Kigali: 
      :city: Kigali
    :Africa/Kinshasa: 
      :city: Kinshasa
    :Africa/Lagos: 
      :city: Lagos
    :Africa/Libreville: 
      :city: Libreville
    :Africa/Lome: 
      :city: Lome
    :Africa/Luanda: 
      :city: Luanda
    :Africa/Lubumbashi: 
      :city: Lubumbashi
    :Africa/Lusaka: 
      :city: Lusaka
    :Africa/Malabo: 
      :city: Malabo
    :Africa/Maputo: 
      :city: Maputo
    :Africa/Maseru: 
      :city: Maseru
    :Africa/Mbabane: 
      :city: Mbabane
    :Africa/Mogadishu: 
      :city: Mogadishu
    :Africa/Monrovia: 
      :city: Monrovia
    :Africa/Nairobi: 
      :city: Nairobi
    :Africa/Ndjamena: 
      :city: Ndjamena
    :Africa/Niamey: 
      :city: Niamey
    :Africa/Nouakchott: 
      :city: Nouakchott
    :Africa/Ouagadougou: 
      :city: Ouagadougou
    :Africa/Porto-Novo: 
      :city: Porto-Novo
    :Africa/Sao_Tome: 
      :city: "Sao Tome"
    :Africa/Tripoli: 
      :city: Tripoli
    :Africa/Tunis: 
      :city: Tunis
    :Africa/Windhoek: 
      :city: Windhoek
    :America/Adak: 
      :city: Adak
    :America/Anchorage: 
      :city: Anchorage
    :America/Anguilla: 
      :city: Anguilla
    :America/Antigua: 
      :city: Antigua
    :America/Araguaina: 
      :city: Araguaina
    :America/Argentina/La_Rioja: 
      :city: "La Rioja"
    :America/Argentina/Rio_Gallegos: 
      :city: "Rio Gallegos"
    :America/Argentina/Salta: 
      :city: Salta
    :America/Argentina/San_Juan: 
      :city: "San Juan"
    :America/Argentina/San_Luis: 
      :city: "San Luis"
    :America/Argentina/Tucuman: 
      :city: Tucuman
    :America/Argentina/Ushuaia: 
      :city: Ushuaia
    :America/Aruba: 
      :city: Aruba
    :America/Asuncion: 
      :city: Asunción
    :America/Bahia: 
      :city: Bahia
    :America/Bahia_Banderas: 
      :city: "Bahia Banderas"
    :America/Barbados: 
      :city: Barbados
    :America/Belem: 
      :city: Belem
    :America/Belize: 
      :city: Belize
    :America/Blanc-Sablon: 
      :city: Blanc-Sablon
    :America/Boa_Vista: 
      :city: "Boa Vista"
    :America/Bogota: 
      :city: Bogota
    :America/Boise: 
      :city: Boise
    :America/Buenos_Aires: 
      :city: "Buenos Aires"
    :America/Cambridge_Bay: 
      :city: "Cambridge Bay"
    :America/Campo_Grande: 
      :city: "Campo Grande"
    :America/Cancun: 
      :city: Cancun
    :America/Caracas: 
      :city: Caracas
    :America/Catamarca: 
      :city: Catamarca
    :America/Cayenne: 
      :city: Cayenne
    :America/Cayman: 
      :city: Cayman
    :America/Chicago: 
      :city: Chicago
    :America/Chihuahua: 
      :city: Chihuahua
    :America/Coral_Harbour: 
      :city: Atikokan
    :America/Cordoba: 
      :city: Cordoba
    :America/Costa_Rica: 
      :city: "Costa Rica"
    :America/Creston: 
      :city: Creston
    :America/Cuiaba: 
      :city: Cuiaba
    :America/Curacao: 
      :city: Curacao
    :America/Danmarkshavn: 
      :city: Danmarkshavn
    :America/Dawson: 
      :city: Dawson
    :America/Dawson_Creek: 
      :city: "Dawson Creek"
    :America/Denver: 
      :city: Denver
    :America/Detroit: 
      :city: Detroit
    :America/Dominica: 
      :city: Dominica
    :America/Edmonton: 
      :city: Edmonton
    :America/Eirunepe: 
      :city: Eirunepe
    :America/El_Salvador: 
      :city: "El Salvador"
    :America/Fort_Nelson: 
      :city: "Fort Nelson"
    :America/Fortaleza: 
      :city: Fortaleza
    :America/Glace_Bay: 
      :city: "Glace Bay"
    :America/Godthab: 
      :city: Nuuk
    :America/Goose_Bay: 
      :city: "Goose Bay"
    :America/Grand_Turk: 
      :city: "Grand Turk"
    :America/Grenada: 
      :city: Grenada
    :America/Guadeloupe: 
      :city: Guadeloupe
    :America/Guatemala: 
      :city: Guatemala
    :America/Guayaquil: 
      :city: Guayaquil
    :America/Guyana: 
      :city: Guyana
    :America/Halifax: 
      :city: Halifax
    :America/Havana: 
      :city: Havana
    :America/Hermosillo: 
      :city: Hermosillo
    :America/Indiana/Knox: 
      :city: "Knox, Indiana"
    :America/Indiana/Marengo: 
      :city: "Marengo, Indiana"
    :America/Indiana/Petersburg: 
      :city: "Petersburg, Indiana"
    :America/Indiana/Tell_City: 
      :city: "Tell City, Indiana"
    :America/Indiana/Vevay: 
      :city: "Vevay, Indiana"
    :America/Indiana/Vincennes: 
      :city: "Vincennes, Indiana"
    :America/Indiana/Winamac: 
      :city: "Winamac, Indiana"
    :America/Indianapolis: 
      :city: Indianapolis
    :America/Inuvik: 
      :city: Inuvik
    :America/Iqaluit: 
      :city: Iqaluit
    :America/Jamaica: 
      :city: Jamaica
    :America/Jujuy: 
      :city: Jujuy
    :America/Juneau: 
      :city: Juneau
    :America/Kentucky/Monticello: 
      :city: "Monticello, Kentucky"
    :America/Kralendijk: 
      :city: Kralendijk
    :America/La_Paz: 
      :city: "La Paz"
    :America/Lima: 
      :city: Lima
    :America/Los_Angeles: 
      :city: "Los Angeles"
    :America/Louisville: 
      :city: Louisville
    :America/Lower_Princes: 
      :city: "Lower Prince’s Quarter"
    :America/Maceio: 
      :city: Maceio
    :America/Managua: 
      :city: Managua
    :America/Manaus: 
      :city: Manaus
    :America/Marigot: 
      :city: Marigot
    :America/Martinique: 
      :city: Martinique
    :America/Matamoros: 
      :city: Matamoros
    :America/Mazatlan: 
      :city: Mazatlan
    :America/Mendoza: 
      :city: Mendoza
    :America/Menominee: 
      :city: Menominee
    :America/Merida: 
      :city: Merida
    :America/Metlakatla: 
      :city: Metlakatla
    :America/Mexico_City: 
      :city: "Lungsod ng Mexico"
    :America/Miquelon: 
      :city: Miquelon
    :America/Moncton: 
      :city: Moncton
    :America/Monterrey: 
      :city: Monterrey
    :America/Montevideo: 
      :city: Montevideo
    :America/Montserrat: 
      :city: Montserrat
    :America/Nassau: 
      :city: Nassau
    :America/New_York: 
      :city: "New York"
    :America/Nipigon: 
      :city: Nipigon
    :America/Nome: 
      :city: Nome
    :America/Noronha: 
      :city: Noronha
    :America/North_Dakota/Beulah: 
      :city: "Beulah, North Dakota"
    :America/North_Dakota/Center: 
      :city: "Center, North Dakota"
    :America/North_Dakota/New_Salem: 
      :city: "New Salem, North Dakota"
    :America/Ojinaga: 
      :city: Ojinaga
    :America/Panama: 
      :city: Panama
    :America/Pangnirtung: 
      :city: Pangnirtung
    :America/Paramaribo: 
      :city: Paramaribo
    :America/Phoenix: 
      :city: Phoenix
    :America/Port-au-Prince: 
      :city: Port-au-Prince
    :America/Port_of_Spain: 
      :city: "Puwerto ng Espanya"
    :America/Porto_Velho: 
      :city: "Porto Velho"
    :America/Puerto_Rico: 
      :city: "Puerto Rico"
    :America/Punta_Arenas: 
      :city: "Punta Arenas"
    :America/Rainy_River: 
      :city: "Rainy River"
    :America/Rankin_Inlet: 
      :city: "Makipot na Look ng Rankin"
    :America/Recife: 
      :city: Recife
    :America/Regina: 
      :city: Regina
    :America/Resolute: 
      :city: Resolute
    :America/Rio_Branco: 
      :city: "Rio Branco"
    :America/Santa_Isabel: 
      :city: "Santa Isabel"
    :America/Santarem: 
      :city: Santarem
    :America/Santiago: 
      :city: Santiago
    :America/Santo_Domingo: 
      :city: "Santo Domingo"
    :America/Sao_Paulo: 
      :city: "Sao Paulo"
    :America/Scoresbysund: 
      :city: Ittoqqortoormiit
    :America/Sitka: 
      :city: Sitka
    :America/St_Barthelemy: 
      :city: "St. Barthélemy"
    :America/St_Johns: 
      :city: "St. John’s"
    :America/St_Kitts: 
      :city: "St. Kitts"
    :America/St_Lucia: 
      :city: "St. Lucia"
    :America/St_Thomas: 
      :city: "St. Thomas"
    :America/St_Vincent: 
      :city: "St. Vincent"
    :America/Swift_Current: 
      :city: "Swift Current"
    :America/Tegucigalpa: 
      :city: Tegucigalpa
    :America/Thule: 
      :city: Thule
    :America/Thunder_Bay: 
      :city: "Thunder Bay"
    :America/Tijuana: 
      :city: Tijuana
    :America/Toronto: 
      :city: Toronto
    :America/Tortola: 
      :city: Tortola
    :America/Vancouver: 
      :city: Vancouver
    :America/Whitehorse: 
      :city: Whitehorse
    :America/Winnipeg: 
      :city: Winnipeg
    :America/Yakutat: 
      :city: Yakutat
    :America/Yellowknife: 
      :city: Yellowknife
    :Antarctica/Casey: 
      :city: Casey
    :Antarctica/Davis: 
      :city: Davis
    :Antarctica/DumontDUrville: 
      :city: "Dumont d’Urville"
    :Antarctica/Macquarie: 
      :city: Macquarie
    :Antarctica/Mawson: 
      :city: Mawson
    :Antarctica/McMurdo: 
      :city: McMurdo
    :Antarctica/Palmer: 
      :city: Palmer
    :Antarctica/Rothera: 
      :city: Rothera
    :Antarctica/Syowa: 
      :city: Syowa
    :Antarctica/Troll: 
      :city: Troll
    :Antarctica/Vostok: 
      :city: Vostok
    :Arctic/Longyearbyen: 
      :city: Longyearbyen
    :Asia/Aden: 
      :city: Aden
    :Asia/Almaty: 
      :city: Almaty
    :Asia/Amman: 
      :city: Amman
    :Asia/Anadyr: 
      :city: Anadyr
    :Asia/Aqtau: 
      :city: Aqtau
    :Asia/Aqtobe: 
      :city: Aqtobe
    :Asia/Ashgabat: 
      :city: Ashgabat
    :Asia/Atyrau: 
      :city: Atyrau
    :Asia/Baghdad: 
      :city: Baghdad
    :Asia/Bahrain: 
      :city: Bahrain
    :Asia/Baku: 
      :city: Baku
    :Asia/Bangkok: 
      :city: Bangkok
    :Asia/Barnaul: 
      :city: Barnaul
    :Asia/Beirut: 
      :city: Beirut
    :Asia/Bishkek: 
      :city: Bishkek
    :Asia/Brunei: 
      :city: Brunei
    :Asia/Calcutta: 
      :city: Kolkata
    :Asia/Chita: 
      :city: Chita
    :Asia/Choibalsan: 
      :city: Choibalsan
    :Asia/Colombo: 
      :city: Colombo
    :Asia/Damascus: 
      :city: Damascus
    :Asia/Dhaka: 
      :city: Dhaka
    :Asia/Dili: 
      :city: Dili
    :Asia/Dubai: 
      :city: Dubai
    :Asia/Dushanbe: 
      :city: Dushanbe
    :Asia/Famagusta: 
      :city: Famagusta
    :Asia/Gaza: 
      :city: Gaza
    :Asia/Hebron: 
      :city: Hebron
    :Asia/Hong_Kong: 
      :city: "Hong Kong"
    :Asia/Hovd: 
      :city: Hovd
    :Asia/Irkutsk: 
      :city: Irkutsk
    :Asia/Jakarta: 
      :city: Jakarta
    :Asia/Jayapura: 
      :city: Jayapura
    :Asia/Jerusalem: 
      :city: Jerusalem
    :Asia/Kabul: 
      :city: Kabul
    :Asia/Kamchatka: 
      :city: Kamchatka
    :Asia/Karachi: 
      :city: Karachi
    :Asia/Katmandu: 
      :city: Kathmandu
    :Asia/Khandyga: 
      :city: Khandyga
    :Asia/Krasnoyarsk: 
      :city: Krasnoyarsk
    :Asia/Kuala_Lumpur: 
      :city: "Kuala Lumpur"
    :Asia/Kuching: 
      :city: Kuching
    :Asia/Kuwait: 
      :city: Kuwait
    :Asia/Macau: 
      :city: Macau
    :Asia/Magadan: 
      :city: Magadan
    :Asia/Makassar: 
      :city: Makassar
    :Asia/Manila: 
      :city: Manila
    :Asia/Muscat: 
      :city: Muscat
    :Asia/Nicosia: 
      :city: Nicosia
    :Asia/Novokuznetsk: 
      :city: Novokuznetsk
    :Asia/Novosibirsk: 
      :city: Novosibirsk
    :Asia/Omsk: 
      :city: Omsk
    :Asia/Oral: 
      :city: Oral
    :Asia/Phnom_Penh: 
      :city: "Phnom Penh"
    :Asia/Pontianak: 
      :city: Pontianak
    :Asia/Pyongyang: 
      :city: Pyongyang
    :Asia/Qatar: 
      :city: Qatar
    :Asia/Qostanay: 
      :city: Kostanay
    :Asia/Qyzylorda: 
      :city: Qyzylorda
    :Asia/Rangoon: 
      :city: Rangoon
    :Asia/Riyadh: 
      :city: Riyadh
    :Asia/Saigon: 
      :city: "Lungsod ng Ho Chi Minh"
    :Asia/Sakhalin: 
      :city: Sakhalin
    :Asia/Samarkand: 
      :city: Samarkand
    :Asia/Seoul: 
      :city: Seoul
    :Asia/Shanghai: 
      :city: Shanghai
    :Asia/Singapore: 
      :city: Singapore
    :Asia/Srednekolymsk: 
      :city: Srednekolymsk
    :Asia/Taipei: 
      :city: Taipei
    :Asia/Tashkent: 
      :city: Tashkent
    :Asia/Tbilisi: 
      :city: Tbilisi
    :Asia/Tehran: 
      :city: Tehran
    :Asia/Thimphu: 
      :city: Thimphu
    :Asia/Tokyo: 
      :city: Tokyo
    :Asia/Tomsk: 
      :city: Tomsk
    :Asia/Ulaanbaatar: 
      :city: Ulaanbaatar
    :Asia/Urumqi: 
      :city: Urumqi
    :Asia/Ust-Nera: 
      :city: Ust-Nera
    :Asia/Vientiane: 
      :city: Vientiane
    :Asia/Vladivostok: 
      :city: Vladivostok
    :Asia/Yakutsk: 
      :city: Yakutsk
    :Asia/Yekaterinburg: 
      :city: Yekaterinburg
    :Asia/Yerevan: 
      :city: Yerevan
    :Atlantic/Azores: 
      :city: Azores
    :Atlantic/Bermuda: 
      :city: Bermuda
    :Atlantic/Canary: 
      :city: Canary
    :Atlantic/Cape_Verde: 
      :city: "Cape Verde"
    :Atlantic/Faeroe: 
      :city: Faroe
    :Atlantic/Madeira: 
      :city: Madeira
    :Atlantic/Reykjavik: 
      :city: Reykjavik
    :Atlantic/South_Georgia: 
      :city: "South Georgia"
    :Atlantic/St_Helena: 
      :city: "St. Helena"
    :Atlantic/Stanley: 
      :city: Stanley
    :Australia/Adelaide: 
      :city: Adelaide
    :Australia/Brisbane: 
      :city: Brisbane
    :Australia/Broken_Hill: 
      :city: "Broken Hill"
    :Australia/Currie: 
      :city: Currie
    :Australia/Darwin: 
      :city: Darwin
    :Australia/Eucla: 
      :city: Eucla
    :Australia/Hobart: 
      :city: Hobart
    :Australia/Lindeman: 
      :city: Lindeman
    :Australia/Lord_Howe: 
      :city: "Lord Howe"
    :Australia/Melbourne: 
      :city: Melbourne
    :Australia/Perth: 
      :city: Perth
    :Australia/Sydney: 
      :city: Sydney
    :Etc/UTC: 
      :long: 
        :standard: "Coordinated Universal Time"
      :short: 
        :standard: UTC
    :Etc/Unknown: 
      :city: "Di-kilalang Lungsod"
    :Europe/Amsterdam: 
      :city: Amsterdam
    :Europe/Andorra: 
      :city: Andorra
    :Europe/Astrakhan: 
      :city: Astrakhan
    :Europe/Athens: 
      :city: Athens
    :Europe/Belgrade: 
      :city: Belgrade
    :Europe/Berlin: 
      :city: Berlin
    :Europe/Bratislava: 
      :city: Bratislava
    :Europe/Brussels: 
      :city: Brussels
    :Europe/Bucharest: 
      :city: Bucharest
    :Europe/Budapest: 
      :city: Budapest
    :Europe/Busingen: 
      :city: Busingen
    :Europe/Chisinau: 
      :city: Chisinau
    :Europe/Copenhagen: 
      :city: Copenhagen
    :Europe/Dublin: 
      :city: Dublin
      :long: 
        :daylight: "Standard na Oras sa Ireland"
    :Europe/Gibraltar: 
      :city: Gibraltar
    :Europe/Guernsey: 
      :city: Guernsey
    :Europe/Helsinki: 
      :city: Helsinki
    :Europe/Isle_of_Man: 
      :city: "Isle of Man"
    :Europe/Istanbul: 
      :city: Istanbul
    :Europe/Jersey: 
      :city: Jersey
    :Europe/Kaliningrad: 
      :city: Kaliningrad
    :Europe/Kiev: 
      :city: Kiev
    :Europe/Kirov: 
      :city: Kirov
    :Europe/Lisbon: 
      :city: Lisbon
    :Europe/Ljubljana: 
      :city: Ljubljana
    :Europe/London: 
      :city: London
      :long: 
        :daylight: "Oras sa Tag-init ng Britain"
    :Europe/Luxembourg: 
      :city: Luxembourg
    :Europe/Madrid: 
      :city: Madrid
    :Europe/Malta: 
      :city: Malta
    :Europe/Mariehamn: 
      :city: Mariehamn
    :Europe/Minsk: 
      :city: Minsk
    :Europe/Monaco: 
      :city: Monaco
    :Europe/Moscow: 
      :city: Moscow
    :Europe/Oslo: 
      :city: Oslo
    :Europe/Paris: 
      :city: Paris
    :Europe/Podgorica: 
      :city: Podgorica
    :Europe/Prague: 
      :city: Prague
    :Europe/Riga: 
      :city: Riga
    :Europe/Rome: 
      :city: Rome
    :Europe/Samara: 
      :city: Samara
    :Europe/San_Marino: 
      :city: "San Marino"
    :Europe/Sarajevo: 
      :city: Sarajevo
    :Europe/Saratov: 
      :city: Saratov
    :Europe/Simferopol: 
      :city: Simferopol
    :Europe/Skopje: 
      :city: Skopje
    :Europe/Sofia: 
      :city: Sofia
    :Europe/Stockholm: 
      :city: Stockholm
    :Europe/Tallinn: 
      :city: Tallinn
    :Europe/Tirane: 
      :city: Tirane
    :Europe/Ulyanovsk: 
      :city: Ulyanovsk
    :Europe/Uzhgorod: 
      :city: Uzhgorod
    :Europe/Vaduz: 
      :city: Vaduz
    :Europe/Vatican: 
      :city: Vatican
    :Europe/Vienna: 
      :city: Vienna
    :Europe/Vilnius: 
      :city: Vilnius
    :Europe/Volgograd: 
      :city: Volgograd
    :Europe/Warsaw: 
      :city: Warsaw
    :Europe/Zagreb: 
      :city: Zagreb
    :Europe/Zaporozhye: 
      :city: Zaporozhye
    :Europe/Zurich: 
      :city: Zurich
    :Indian/Antananarivo: 
      :city: Antananarivo
    :Indian/Chagos: 
      :city: Chagos
    :Indian/Christmas: 
      :city: Christmas
    :Indian/Cocos: 
      :city: Cocos
    :Indian/Comoro: 
      :city: Comoro
    :Indian/Kerguelen: 
      :city: Kerguelen
    :Indian/Mahe: 
      :city: Mahe
    :Indian/Maldives: 
      :city: Maldives
    :Indian/Mauritius: 
      :city: Mauritius
    :Indian/Mayotte: 
      :city: Mayotte
    :Indian/Reunion: 
      :city: Réunion
    :Pacific/Apia: 
      :city: Apia
    :Pacific/Auckland: 
      :city: Auckland
    :Pacific/Bougainville: 
      :city: Bougainville
    :Pacific/Chatham: 
      :city: Chatham
    :Pacific/Easter: 
      :city: Easter
    :Pacific/Efate: 
      :city: Efate
    :Pacific/Enderbury: 
      :city: Enderbury
    :Pacific/Fakaofo: 
      :city: Fakaofo
    :Pacific/Fiji: 
      :city: Fiji
    :Pacific/Funafuti: 
      :city: Funafuti
    :Pacific/Galapagos: 
      :city: Galapagos
    :Pacific/Gambier: 
      :city: Gambier
    :Pacific/Guadalcanal: 
      :city: Guadalcanal
    :Pacific/Guam: 
      :city: Guam
    :Pacific/Honolulu: 
      :city: Honolulu
    :Pacific/Johnston: 
      :city: Johnston
    :Pacific/Kiritimati: 
      :city: Kiritimati
    :Pacific/Kosrae: 
      :city: Kosrae
    :Pacific/Kwajalein: 
      :city: Kwajalein
    :Pacific/Majuro: 
      :city: Majuro
    :Pacific/Marquesas: 
      :city: Marquesas
    :Pacific/Midway: 
      :city: Midway
    :Pacific/Nauru: 
      :city: Nauru
    :Pacific/Niue: 
      :city: Niue
    :Pacific/Norfolk: 
      :city: Norfolk
    :Pacific/Noumea: 
      :city: Noumea
    :Pacific/Pago_Pago: 
      :city: "Pago Pago"
    :Pacific/Palau: 
      :city: Palau
    :Pacific/Pitcairn: 
      :city: Pitcairn
    :Pacific/Ponape: 
      :city: Pohnpei
    :Pacific/Port_Moresby: 
      :city: "Port Moresby"
    :Pacific/Rarotonga: 
      :city: Rarotonga
    :Pacific/Saipan: 
      :city: Saipan
    :Pacific/Tahiti: 
      :city: Tahiti
    :Pacific/Tarawa: 
      :city: Tarawa
    :Pacific/Tongatapu: 
      :city: Tongatapu
    :Pacific/Truk: 
      :city: Chuuk
    :Pacific/Wake: 
      :city: Wake
    :Pacific/Wallis: 
      :city: Wallis
