--- 
:sl: 
  :formats: 
    :fallback_formats: 
      :generic: "{1} ({0})"
    :gmt_formats: 
      :generic: "GMT{0}"
    :gmt_zero_formats: 
      :generic: GMT
    :hour_formats: 
      :generic: +HH.mm;-HH.mm
    :region_formats: 
      :daylight: "{0} poletni čas"
      :generic: "{0} čas"
      :standard: "{0} standardni čas"
  :metazones: 
    :Afghanistan: 
      :long: 
        :standard: "Afganistanski čas"
    :Africa_Central: 
      :long: 
        :standard: "Centralnoafriški čas"
    :Africa_Eastern: 
      :long: 
        :standard: "Vzhodnoafriški čas"
    :Africa_Southern: 
      :long: 
        :standard: "Južnoafriški čas"
    :Africa_Western: 
      :long: 
        :daylight: "Zahodnoafriški poletni čas"
        :generic: "Zahodnoafriški čas"
        :standard: "Zahodnoafriški standardni čas"
    :Alaska: 
      :long: 
        :daylight: "Aljaški poletni čas"
        :generic: "Aljaški čas"
        :standard: "Aljaški standardni čas"
    :Amazon: 
      :long: 
        :daylight: "Amazonski poletni čas"
        :generic: "Amazonski čas"
        :standard: "Amazonski standardni čas"
    :America_Central: 
      :long: 
        :daylight: "Centralni poletni čas"
        :generic: "Centralni čas"
        :standard: "Centralni standardni čas"
    :America_Eastern: 
      :long: 
        :daylight: "Vzhodni poletni čas"
        :generic: "Vzhodni čas"
        :standard: "Vzhodni standardni čas"
    :America_Mountain: 
      :long: 
        :daylight: "Gorski poletni čas"
        :generic: "Gorski čas"
        :standard: "Gorski standardni čas"
    :America_Pacific: 
      :long: 
        :daylight: "Pacifiški poletni čas"
        :generic: "Pacifiški čas"
        :standard: "Pacifiški standardni čas"
    :Anadyr: 
      :long: 
        :daylight: "Anadirski poletni čas"
        :generic: "Anadirski čas"
        :standard: "Anadirski standardni čas"
    :Apia: 
      :long: 
        :daylight: "Poletni čas: Apia"
        :generic: "Čas: Apia"
        :standard: "Standardni čas: Apia"
    :Arabian: 
      :long: 
        :daylight: "Arabski poletni čas"
        :generic: "Arabski čas"
        :standard: "Arabski standardni čas"
    :Argentina: 
      :long: 
        :daylight: "Argentinski poletni čas"
        :generic: "Argentinski čas"
        :standard: "Argentinski standardni čas"
    :Argentina_Western: 
      :long: 
        :daylight: "Argentinski zahodni poletni čas"
        :generic: "Argentinski zahodni čas"
        :standard: "Argentinski zahodni standardni čas"
    :Armenia: 
      :long: 
        :daylight: "Armenski poletni čas"
        :generic: "Armenski čas"
        :standard: "Armenski standardni čas"
    :Atlantic: 
      :long: 
        :daylight: "Atlantski poletni čas"
        :generic: "Atlantski čas"
        :standard: "Atlantski standardni čas"
    :Australia_Central: 
      :long: 
        :daylight: "Avstralski centralni poletni čas"
        :generic: "Avstralski centralni čas"
        :standard: "Avstralski centralni standardni čas"
    :Australia_CentralWestern: 
      :long: 
        :daylight: "Avstralski centralni zahodni poletni čas"
        :generic: "Avstralski centralni zahodni čas"
        :standard: "Avstralski centralni zahodni standardni čas"
    :Australia_Eastern: 
      :long: 
        :daylight: "Avstralski vzhodni poletni čas"
        :generic: "Avstralski vzhodni čas"
        :standard: "Avstralski vzhodni standardni čas"
    :Australia_Western: 
      :long: 
        :daylight: "Avstralski zahodni poletni čas"
        :generic: "Avstralski zahodni čas"
        :standard: "Avstralski zahodni standardni čas"
    :Azerbaijan: 
      :long: 
        :daylight: "Azerbajdžanski poletni čas"
        :generic: "Azerbajdžanski čas"
        :standard: "Azerbajdžanski standardni čas"
    :Azores: 
      :long: 
        :daylight: "Azorski poletni čas"
        :generic: "Azorski čas"
        :standard: "Azorski standardni čas"
    :Bangladesh: 
      :long: 
        :daylight: "Bangladeški poletni čas"
        :generic: "Bangladeški čas"
        :standard: "Bangladeški standardni čas"
    :Bhutan: 
      :long: 
        :standard: "Butanski čas"
    :Bolivia: 
      :long: 
        :standard: "Bolivijski čas"
    :Brasilia: 
      :long: 
        :daylight: "Brasilski poletni čas"
        :generic: "Brasilski čas"
        :standard: "Brasilski standardni čas"
    :Brunei: 
      :long: 
        :standard: "Brunejski čas"
    :Cape_Verde: 
      :long: 
        :daylight: "Kapverdski poletni čas"
        :generic: "Kapverdski čas"
        :standard: "Kapverdski standardni čas"
    :Chamorro: 
      :long: 
        :standard: "Čamorski standardni čas"
    :Chatham: 
      :long: 
        :daylight: "Čatamski poletni čas"
        :generic: "Čatamski čas"
        :standard: "Čatamski standardni čas"
    :Chile: 
      :long: 
        :daylight: "Čilski poletni čas"
        :generic: "Čilski čas"
        :standard: "Čilski standardni čas"
    :China: 
      :long: 
        :daylight: "Kitajski poletni čas"
        :generic: "Kitajski čas"
        :standard: "Kitajski standardni čas"
    :Choibalsan: 
      :long: 
        :daylight: "Čojbalsanski poletni čas"
        :generic: "Čojbalsanski čas"
        :standard: "Čojbalsanski standardni čas"
    :Christmas: 
      :long: 
        :standard: "Božičnootoški čas"
    :Cocos: 
      :long: 
        :standard: "Čas: Kokosovi otoki"
    :Colombia: 
      :long: 
        :daylight: "Kolumbijski poletni čas"
        :generic: "Kolumbijski čas"
        :standard: "Kolumbijski standardni čas"
    :Cook: 
      :long: 
        :daylight: "Cookovootoški srednjepoletni čas"
        :generic: "Cookovootoški čas"
        :standard: "Cookovootoški standardni čas"
    :Cuba: 
      :long: 
        :daylight: "Kubanski poletni čas"
        :generic: "Kubanski čas"
        :standard: "Kubanski standardni čas"
    :Davis: 
      :long: 
        :standard: "Čas: Davis"
    :DumontDUrville: 
      :long: 
        :standard: "Čas: Dumont-d’Urville"
    :East_Timor: 
      :long: 
        :standard: "Vzhodnotimorski čas"
    :Easter: 
      :long: 
        :daylight: "Poletni čas: Velikonočni otok"
        :generic: "Čas: Velikonočni otok"
        :standard: "Standardni čas: Velikonočni otok"
    :Ecuador: 
      :long: 
        :standard: "Ekvadorski čas"
    :Europe_Central: 
      :long: 
        :daylight: "Srednjeevropski poletni čas"
        :generic: "Srednjeevropski čas"
        :standard: "Srednjeevropski standardni čas"
    :Europe_Eastern: 
      :long: 
        :daylight: "Vzhodnoevropski poletni čas"
        :generic: "Vzhodnoevropski čas"
        :standard: "Vzhodnoevropski standardni čas"
    :Europe_Further_Eastern: 
      :long: 
        :standard: "Dodatni vzhodnoevropski čas"
    :Europe_Western: 
      :long: 
        :daylight: "Zahodnoevropski poletni čas"
        :generic: "Zahodnoevropski čas"
        :standard: "Zahodnoevropski standardni čas"
    :Falkland: 
      :long: 
        :daylight: "Poletni čas: Falklandsko otočje"
        :generic: "Čas: Falklandsko otočje"
        :standard: "Standardni čas: Falklandsko otočje"
    :Fiji: 
      :long: 
        :daylight: "Fidžijski poletni čas"
        :generic: "Fidžijski čas"
        :standard: "Fidžijski standardni čas"
    :French_Guiana: 
      :long: 
        :standard: "Čas: Francoska Gvajana"
    :French_Southern: 
      :long: 
        :standard: "Francoski južni in antarktični čas"
    :GMT: 
      :long: 
        :standard: "Greenwiški srednji čas"
    :Galapagos: 
      :long: 
        :standard: "Galapaški čas"
    :Gambier: 
      :long: 
        :standard: "Gambierski čas"
    :Georgia: 
      :long: 
        :daylight: "Gruzijski poletni čas"
        :generic: "Gruzijski čas"
        :standard: "Gruzijski standardni čas"
    :Gilbert_Islands: 
      :long: 
        :standard: "Čas: Gilbertovi otoki"
    :Greenland_Eastern: 
      :long: 
        :daylight: "Vzhodnogrenlandski poletni čas"
        :generic: "Vzhodnogrenlandski čas"
        :standard: "Vzhodnogrenlandski standardni čas"
    :Greenland_Western: 
      :long: 
        :daylight: "Zahodnogrenlandski poletni čas"
        :generic: "Zahodnogrenlandski čas"
        :standard: "Zahodnogrenlandski standardni čas"
    :Gulf: 
      :long: 
        :standard: "Zalivski standardni čas"
    :Guyana: 
      :long: 
        :standard: "Gvajanski čas"
    :Hawaii_Aleutian: 
      :long: 
        :daylight: "Havajski aleutski poletni čas"
        :generic: "Havajski aleutski čas"
        :standard: "Havajski aleutski standardni čas"
    :Hong_Kong: 
      :long: 
        :daylight: "Hongkonški poletni čas"
        :generic: "Hongkonški čas"
        :standard: "Hongkonški standardni čas"
    :Hovd: 
      :long: 
        :daylight: "Hovdski poletni čas"
        :generic: "Hovdski čas"
        :standard: "Hovdski standardni čas"
    :India: 
      :long: 
        :standard: "Indijski standardni čas"
    :Indian_Ocean: 
      :long: 
        :standard: "Indijskooceanski čas"
    :Indochina: 
      :long: 
        :standard: "Indokitajski čas"
    :Indonesia_Central: 
      :long: 
        :standard: "Indonezijski osrednji čas"
    :Indonesia_Eastern: 
      :long: 
        :standard: "Indonezijski vzhodni čas"
    :Indonesia_Western: 
      :long: 
        :standard: "Indonezijski zahodni čas"
    :Iran: 
      :long: 
        :daylight: "Iranski poletni čas"
        :generic: "Iranski čas"
        :standard: "Iranski standardni čas"
    :Irkutsk: 
      :long: 
        :daylight: "Irkutski poletni čas"
        :generic: "Irkutski čas"
        :standard: "Irkutski standardni čas"
    :Israel: 
      :long: 
        :daylight: "Izraelski poletni čas"
        :generic: "Izraelski čas"
        :standard: "Izraelski standardni čas"
    :Japan: 
      :long: 
        :daylight: "Japonski poletni čas"
        :generic: "Japonski čas"
        :standard: "Japonski standardni čas"
    :Kamchatka: 
      :long: 
        :daylight: "Petropavlovsk-Kamčatski poletni čas"
        :generic: "Petropavlovsk-Kamčatski čas"
        :standard: "Petropavlovsk-Kamčatski standardni čas"
    :Kazakhstan_Eastern: 
      :long: 
        :standard: "Vzhodni kazahstanski čas"
    :Kazakhstan_Western: 
      :long: 
        :standard: "Zahodni kazahstanski čas"
    :Korea: 
      :long: 
        :daylight: "Korejski poletni čas"
        :generic: "Korejski čas"
        :standard: "Korejski standardni čas"
    :Kosrae: 
      :long: 
        :standard: "Kosrajški čas"
    :Krasnoyarsk: 
      :long: 
        :daylight: "Krasnojarski poletni čas"
        :generic: "Krasnojarski čas"
        :standard: "Krasnojarski standardni čas"
    :Kyrgystan: 
      :long: 
        :standard: "Kirgizistanski čas"
    :Line_Islands: 
      :long: 
        :standard: "Ekvatorski otoki: Čas"
    :Lord_Howe: 
      :long: 
        :daylight: "Poletni čas otoka Lord Howe"
        :generic: "Čas otoka Lord Howe"
        :standard: "Standardni čas otoka Lord Howe"
    :Macquarie: 
      :long: 
        :standard: "Macquarieski čas"
    :Magadan: 
      :long: 
        :daylight: "Magadanski poletni čas"
        :generic: "Magadanski čas"
        :standard: "Magadanski standardni čas"
    :Malaysia: 
      :long: 
        :standard: "Malezijski čas"
    :Maldives: 
      :long: 
        :standard: "Maldivski čas"
    :Marquesas: 
      :long: 
        :standard: "Čas: Markizni otoki"
    :Marshall_Islands: 
      :long: 
        :standard: "Čas: Marshallovi otoki"
    :Mauritius: 
      :long: 
        :daylight: "Mauricijski poletni čas"
        :generic: "Mauricijski čas"
        :standard: "Mauricijski standardni čas"
    :Mawson: 
      :long: 
        :standard: "Mawsonski čas"
    :Mexico_Northwest: 
      :long: 
        :daylight: "Mehiški severozahodni poletni čas"
        :generic: "Mehiški severozahodni čas"
        :standard: "Mehiški severozahodni standardni čas"
    :Mexico_Pacific: 
      :long: 
        :daylight: "Mehiški pacifiški poletni čas"
        :generic: "Mehiški pacifiški čas"
        :standard: "Mehiški pacifiški standardni čas"
    :Mongolia: 
      :long: 
        :daylight: "Ulanbatorski poletni čas"
        :generic: "Ulanbatorski čas"
        :standard: "Ulanbatorski standardni čas"
    :Moscow: 
      :long: 
        :daylight: "Moskovski poletni čas"
        :generic: "Moskovski čas"
        :standard: "Moskovski standardni čas"
    :Myanmar: 
      :long: 
        :standard: "Mjanmarski čas"
    :Nauru: 
      :long: 
        :standard: "Naurujski čas"
    :Nepal: 
      :long: 
        :standard: "Nepalski čas"
    :New_Caledonia: 
      :long: 
        :daylight: "Novokaledonijski poletni čas"
        :generic: "Novokaledonijski čas"
        :standard: "Novokaledonijski standardni čas"
    :New_Zealand: 
      :long: 
        :daylight: "Novozelandski poletni čas"
        :generic: "Novozelandski čas"
        :standard: "Novozelandski standardni čas"
    :Newfoundland: 
      :long: 
        :daylight: "Novofundlandski poletni čas"
        :generic: "Novofundlandski čas"
        :standard: "Novofundlandski standardni čas"
    :Niue: 
      :long: 
        :standard: "Niuejski čas"
    :Norfolk: 
      :long: 
        :daylight: "Poletni čas: Norfolški otoki"
        :generic: "Čas: Norfolški otoki"
        :standard: "Standardni čas: Norfolški otoki"
    :Noronha: 
      :long: 
        :daylight: "Fernando de Noronški poletni čas"
        :generic: "Fernando de Noronški čas"
        :standard: "Fernando de Noronški standardni čas"
    :Novosibirsk: 
      :long: 
        :daylight: "Novosibirski poletni čas"
        :generic: "Novosibirski čas"
        :standard: "Novosibirski standardni čas"
    :Omsk: 
      :long: 
        :daylight: "Omski poletni čas"
        :generic: "Omski čas"
        :standard: "Omski standardni čas"
    :Pakistan: 
      :long: 
        :daylight: "Pakistanski poletni čas"
        :generic: "Pakistanski čas"
        :standard: "Pakistanski standardni čas"
    :Palau: 
      :long: 
        :standard: "Palavski čas"
    :Papua_New_Guinea: 
      :long: 
        :standard: "Papuanski čas"
    :Paraguay: 
      :long: 
        :daylight: "Paragvajski poletni čas"
        :generic: "Paragvajski čas"
        :standard: "Paragvajski standardni čas"
    :Peru: 
      :long: 
        :daylight: "Perujski poletni čas"
        :generic: "Perujski čas"
        :standard: "Perujski standardni čas"
    :Philippines: 
      :long: 
        :daylight: "Filipinski poletni čas"
        :generic: "Filipinski čas"
        :standard: "Filipinski standardni čas"
    :Phoenix_Islands: 
      :long: 
        :standard: "Čas: Otočje Feniks"
    :Pierre_Miquelon: 
      :long: 
        :daylight: "Poletni čas: Saint Pierre in Miquelon"
        :generic: "Čas: Saint Pierre in Miquelon"
        :standard: "Standardni čas: Saint Pierre in Miquelon"
    :Pitcairn: 
      :long: 
        :standard: "Pitcairnski čas"
    :Ponape: 
      :long: 
        :standard: "Ponapski čas"
    :Pyongyang: 
      :long: 
        :standard: "Pjongjanški čas"
    :Reunion: 
      :long: 
        :standard: "Reunionski čas"
    :Rothera: 
      :long: 
        :standard: "Rotherski čas"
    :Sakhalin: 
      :long: 
        :daylight: "Sahalinski poletni čas"
        :generic: "Sahalinski čas"
        :standard: "Sahalinski standardni čas"
    :Samara: 
      :long: 
        :daylight: "Samarski poletni čas"
        :generic: "Samarski čas"
        :standard: "Samarski standardni čas"
    :Samoa: 
      :long: 
        :daylight: "Samoanski poletni čas"
        :generic: "Samoanski čas"
        :standard: "Samoanski standardni čas"
    :Seychelles: 
      :long: 
        :standard: "Sejšelski čas"
    :Singapore: 
      :long: 
        :standard: "Singapurski standardni čas"
    :Solomon: 
      :long: 
        :standard: "Salomonovootoški čas"
    :South_Georgia: 
      :long: 
        :standard: "Južnogeorgijski čas"
    :Suriname: 
      :long: 
        :standard: "Surinamski čas"
    :Syowa: 
      :long: 
        :standard: "Čas: Syowa"
    :Tahiti: 
      :long: 
        :standard: "Tahitijski čas"
    :Taipei: 
      :long: 
        :daylight: "Tajpejski poletni čas"
        :generic: "Tajpejski čas"
        :standard: "Tajpejski standardni čas"
    :Tajikistan: 
      :long: 
        :standard: "Tadžikistanski čas"
    :Tokelau: 
      :long: 
        :standard: "Tokelavski čas"
    :Tonga: 
      :long: 
        :daylight: "Tongovski poletni čas"
        :generic: "Tongovski čas"
        :standard: "Tongovski standardni čas"
    :Truk: 
      :long: 
        :standard: "Čas: Otok Chuuk"
    :Turkmenistan: 
      :long: 
        :daylight: "Turkmenistanski poletni čas"
        :generic: "Turkmenistanski čas"
        :standard: "Turkmenistanski standardni čas"
    :Tuvalu: 
      :long: 
        :standard: "Tuvalujski čas"
    :Uruguay: 
      :long: 
        :daylight: "Urugvajski poletni čas"
        :generic: "Urugvajski čas"
        :standard: "Urugvajski standardni čas"
    :Uzbekistan: 
      :long: 
        :daylight: "Uzbekistanski poletni čas"
        :generic: "Uzbekistanski čas"
        :standard: "Uzbekistanski standardni čas"
    :Vanuatu: 
      :long: 
        :daylight: "Vanuatujski poletni čas"
        :generic: "Vanuatujski čas"
        :standard: "Vanuatujski standardni čas"
    :Venezuela: 
      :long: 
        :standard: "Venezuelski čas"
    :Vladivostok: 
      :long: 
        :daylight: "Vladivostoški poletni čas"
        :generic: "Vladivostoški čas"
        :standard: "Vladivostoški standardni čas"
    :Volgograd: 
      :long: 
        :daylight: "Volgograjski poletni čas"
        :generic: "Volgograjski čas"
        :standard: "Volgograjski standardni čas"
    :Vostok: 
      :long: 
        :standard: "Vostoški čas"
    :Wake: 
      :long: 
        :standard: "Čas: Otok Wake"
    :Wallis: 
      :long: 
        :standard: "Čas: Wallis in Futuna"
    :Yakutsk: 
      :long: 
        :daylight: "Jakutski poletni čas"
        :generic: "Jakutski čas"
        :standard: "Jakutski standardni čas"
    :Yekaterinburg: 
      :long: 
        :daylight: "Jekaterinburški poletni čas"
        :generic: "Jekaterinburški čas"
        :standard: "Jekaterinburški standardni čas"
  :timezones: 
    :Africa/Abidjan: 
      :city: Abidžan
    :Africa/Accra: 
      :city: Akra
    :Africa/Addis_Ababa: 
      :city: "Adis Abeba"
    :Africa/Algiers: 
      :city: Alžir
    :Africa/Asmera: 
      :city: Asmara
    :Africa/Bamako: 
      :city: Bamako
    :Africa/Bangui: 
      :city: Bangui
    :Africa/Banjul: 
      :city: Banjul
    :Africa/Bissau: 
      :city: Bissau
    :Africa/Blantyre: 
      :city: Blantyre
    :Africa/Brazzaville: 
      :city: Brazzaville
    :Africa/Bujumbura: 
      :city: Bujumbura
    :Africa/Cairo: 
      :city: Kairo
    :Africa/Casablanca: 
      :city: Casablanca
    :Africa/Ceuta: 
      :city: Ceuta
    :Africa/Conakry: 
      :city: Conakry
    :Africa/Dakar: 
      :city: Dakar
    :Africa/Dar_es_Salaam: 
      :city: "Dar es Salaam"
    :Africa/Djibouti: 
      :city: Džibuti
    :Africa/Douala: 
      :city: Douala
    :Africa/El_Aaiun: 
      :city: "El Aaiun"
    :Africa/Freetown: 
      :city: Freetown
    :Africa/Gaborone: 
      :city: Gaborone
    :Africa/Harare: 
      :city: Harare
    :Africa/Johannesburg: 
      :city: Johannesburg
    :Africa/Juba: 
      :city: Juba
    :Africa/Kampala: 
      :city: Kampala
    :Africa/Khartoum: 
      :city: Kartum
    :Africa/Kigali: 
      :city: Kigali
    :Africa/Kinshasa: 
      :city: Kinšasa
    :Africa/Lagos: 
      :city: Lagos
    :Africa/Libreville: 
      :city: Libreville
    :Africa/Lome: 
      :city: Lome
    :Africa/Luanda: 
      :city: Luanda
    :Africa/Lubumbashi: 
      :city: Lubumbaši
    :Africa/Lusaka: 
      :city: Lusaka
    :Africa/Malabo: 
      :city: Malabo
    :Africa/Maputo: 
      :city: Maputo
    :Africa/Maseru: 
      :city: Maseru
    :Africa/Mbabane: 
      :city: Mbabane
    :Africa/Mogadishu: 
      :city: Mogadišu
    :Africa/Monrovia: 
      :city: Monrovia
    :Africa/Nairobi: 
      :city: Nairobi
    :Africa/Ndjamena: 
      :city: Ndjamena
    :Africa/Niamey: 
      :city: Niamey
    :Africa/Nouakchott: 
      :city: Nouakchott
    :Africa/Ouagadougou: 
      :city: Ouagadougou
    :Africa/Porto-Novo: 
      :city: Porto-Novo
    :Africa/Sao_Tome: 
      :city: "São Tomé"
    :Africa/Tripoli: 
      :city: Tripoli
    :Africa/Tunis: 
      :city: Tunis
    :Africa/Windhoek: 
      :city: Windhoek
    :America/Adak: 
      :city: Adak
    :America/Anchorage: 
      :city: Anchorage
    :America/Anguilla: 
      :city: Angvila
    :America/Antigua: 
      :city: Antigua
    :America/Araguaina: 
      :city: Araguaina
    :America/Argentina/La_Rioja: 
      :city: "La Rioja"
    :America/Argentina/Rio_Gallegos: 
      :city: "Rio Gallegos"
    :America/Argentina/Salta: 
      :city: Salta
    :America/Argentina/San_Juan: 
      :city: "San Juan"
    :America/Argentina/San_Luis: 
      :city: "San Luis"
    :America/Argentina/Tucuman: 
      :city: Tucuman
    :America/Argentina/Ushuaia: 
      :city: Ushuaia
    :America/Aruba: 
      :city: Aruba
    :America/Asuncion: 
      :city: Asunción
    :America/Bahia: 
      :city: Bahia
    :America/Bahia_Banderas: 
      :city: "Bahia Banderas"
    :America/Barbados: 
      :city: Barbados
    :America/Belem: 
      :city: Belem
    :America/Belize: 
      :city: Belize
    :America/Blanc-Sablon: 
      :city: Blanc-Sablon
    :America/Boa_Vista: 
      :city: "Boa Vista"
    :America/Bogota: 
      :city: Bogota
    :America/Boise: 
      :city: Boise
    :America/Buenos_Aires: 
      :city: "Buenos Aires"
    :America/Cambridge_Bay: 
      :city: "Cambridge Bay"
    :America/Campo_Grande: 
      :city: "Campo Grande"
    :America/Cancun: 
      :city: Cancun
    :America/Caracas: 
      :city: Caracas
    :America/Catamarca: 
      :city: Catamarca
    :America/Cayenne: 
      :city: Cayenne
    :America/Cayman: 
      :city: Kajman
    :America/Chicago: 
      :city: Chicago
    :America/Chihuahua: 
      :city: Chihuahua
    :America/Coral_Harbour: 
      :city: Atikokan
    :America/Cordoba: 
      :city: Cordoba
    :America/Costa_Rica: 
      :city: Kostarika
    :America/Creston: 
      :city: Creston
    :America/Cuiaba: 
      :city: Cuiaba
    :America/Curacao: 
      :city: Curaçao
    :America/Danmarkshavn: 
      :city: Danmarkshavn
    :America/Dawson: 
      :city: Dawson
    :America/Dawson_Creek: 
      :city: "Dawson Creek"
    :America/Denver: 
      :city: Denver
    :America/Detroit: 
      :city: Detroit
    :America/Dominica: 
      :city: Dominika
    :America/Edmonton: 
      :city: Edmonton
    :America/Eirunepe: 
      :city: Eirunepe
    :America/El_Salvador: 
      :city: Salvador
    :America/Fort_Nelson: 
      :city: "Fort Nelson"
    :America/Fortaleza: 
      :city: Fortaleza
    :America/Glace_Bay: 
      :city: "Glace Bay"
    :America/Godthab: 
      :city: Nuuk
    :America/Goose_Bay: 
      :city: "Goose Bay"
    :America/Grand_Turk: 
      :city: "Grand Turk"
    :America/Grenada: 
      :city: Grenada
    :America/Guadeloupe: 
      :city: Guadeloupe
    :America/Guatemala: 
      :city: Gvatemala
    :America/Guayaquil: 
      :city: Guayaquil
    :America/Guyana: 
      :city: Gvajana
    :America/Halifax: 
      :city: Halifax
    :America/Havana: 
      :city: Havana
    :America/Hermosillo: 
      :city: Hermosillo
    :America/Indiana/Knox: 
      :city: "Knox, Indiana"
    :America/Indiana/Marengo: 
      :city: "Marengo, Indiana"
    :America/Indiana/Petersburg: 
      :city: "Petersburg, Indiana"
    :America/Indiana/Tell_City: 
      :city: "Tell City, Indiana"
    :America/Indiana/Vevay: 
      :city: "Vevay, Indiana"
    :America/Indiana/Vincennes: 
      :city: "Vincennes, Indiana"
    :America/Indiana/Winamac: 
      :city: "Winamac, Indiana"
    :America/Indianapolis: 
      :city: Indianapolis
    :America/Inuvik: 
      :city: Inuvik
    :America/Iqaluit: 
      :city: Iqaluit
    :America/Jamaica: 
      :city: Jamajka
    :America/Jujuy: 
      :city: Jujuy
    :America/Juneau: 
      :city: Juneau
    :America/Kentucky/Monticello: 
      :city: "Monticello, Kentucky"
    :America/Kralendijk: 
      :city: Kralendijk
    :America/La_Paz: 
      :city: "La Paz"
    :America/Lima: 
      :city: Lima
    :America/Los_Angeles: 
      :city: "Los Angeles"
    :America/Louisville: 
      :city: Louisville
    :America/Lower_Princes: 
      :city: "Lower Prince’s Quarter"
    :America/Maceio: 
      :city: Maceio
    :America/Managua: 
      :city: Managua
    :America/Manaus: 
      :city: Manaus
    :America/Marigot: 
      :city: Marigot
    :America/Martinique: 
      :city: Martinik
    :America/Matamoros: 
      :city: Matamoros
    :America/Mazatlan: 
      :city: Mazatlan
    :America/Mendoza: 
      :city: Mendoza
    :America/Menominee: 
      :city: Menominee
    :America/Merida: 
      :city: Merida
    :America/Metlakatla: 
      :city: Metlakatla
    :America/Mexico_City: 
      :city: "Ciudad de Mexico"
    :America/Miquelon: 
      :city: Miquelon
    :America/Moncton: 
      :city: Moncton
    :America/Monterrey: 
      :city: Monterrey
    :America/Montevideo: 
      :city: Montevideo
    :America/Montserrat: 
      :city: Montserrat
    :America/Nassau: 
      :city: Nassau
    :America/New_York: 
      :city: "New York"
    :America/Nipigon: 
      :city: Nipigon
    :America/Nome: 
      :city: Nome
    :America/Noronha: 
      :city: Noronha
    :America/North_Dakota/Beulah: 
      :city: "Beulah, North Dakota"
    :America/North_Dakota/Center: 
      :city: "Center, Severna Dakota"
    :America/North_Dakota/New_Salem: 
      :city: "New Salem, Severna Dakota"
    :America/Ojinaga: 
      :city: Ojinaga
    :America/Panama: 
      :city: Panama
    :America/Pangnirtung: 
      :city: Pangnirtung
    :America/Paramaribo: 
      :city: Paramaribo
    :America/Phoenix: 
      :city: Phoenix
    :America/Port-au-Prince: 
      :city: Port-au-Prince
    :America/Port_of_Spain: 
      :city: "Port of Spain"
    :America/Porto_Velho: 
      :city: "Porto Velho"
    :America/Puerto_Rico: 
      :city: Portoriko
    :America/Punta_Arenas: 
      :city: "Punta Arenas"
    :America/Rainy_River: 
      :city: "Rainy River"
    :America/Rankin_Inlet: 
      :city: "Rankin Inlet"
    :America/Recife: 
      :city: Recife
    :America/Regina: 
      :city: Regina
    :America/Resolute: 
      :city: Resolute
    :America/Rio_Branco: 
      :city: "Rio Branco"
    :America/Santa_Isabel: 
      :city: "Santa Isabel"
    :America/Santarem: 
      :city: Santarem
    :America/Santiago: 
      :city: Santiago
    :America/Santo_Domingo: 
      :city: "Santo Domingo"
    :America/Sao_Paulo: 
      :city: "Sao Paulo"
    :America/Scoresbysund: 
      :city: Ittoqqortoormiit
    :America/Sitka: 
      :city: Sitka
    :America/St_Barthelemy: 
      :city: "Saint Barthélemy"
    :America/St_Johns: 
      :city: "St. John’s"
    :America/St_Kitts: 
      :city: "St. Kitts"
    :America/St_Lucia: 
      :city: "St. Lucia"
    :America/St_Thomas: 
      :city: "St. Thomas"
    :America/St_Vincent: 
      :city: "St. Vincent"
    :America/Swift_Current: 
      :city: "Swift Current"
    :America/Tegucigalpa: 
      :city: Tegucigalpa
    :America/Thule: 
      :city: Thule
    :America/Thunder_Bay: 
      :city: "Thunder Bay"
    :America/Tijuana: 
      :city: Tijuana
    :America/Toronto: 
      :city: Toronto
    :America/Tortola: 
      :city: Tortola
    :America/Vancouver: 
      :city: Vancouver
    :America/Whitehorse: 
      :city: Whitehorse
    :America/Winnipeg: 
      :city: Winnipeg
    :America/Yakutat: 
      :city: Yakutat
    :America/Yellowknife: 
      :city: Yellowknife
    :Antarctica/Casey: 
      :city: Casey
    :Antarctica/Davis: 
      :city: Davis
    :Antarctica/DumontDUrville: 
      :city: "Dumont d’Urville"
    :Antarctica/Macquarie: 
      :city: Macquarie
    :Antarctica/Mawson: 
      :city: Mawson
    :Antarctica/McMurdo: 
      :city: McMurdo
    :Antarctica/Palmer: 
      :city: Palmer
    :Antarctica/Rothera: 
      :city: Rothera
    :Antarctica/Syowa: 
      :city: Syowa
    :Antarctica/Troll: 
      :city: Troll
    :Antarctica/Vostok: 
      :city: Vostok
    :Arctic/Longyearbyen: 
      :city: Longyearbyen
    :Asia/Aden: 
      :city: Aden
    :Asia/Almaty: 
      :city: Almati
    :Asia/Amman: 
      :city: Aman
    :Asia/Anadyr: 
      :city: Anadir
    :Asia/Aqtau: 
      :city: Aktau
    :Asia/Aqtobe: 
      :city: Aktobe
    :Asia/Ashgabat: 
      :city: Ašhabad
    :Asia/Atyrau: 
      :city: Atyrau
    :Asia/Baghdad: 
      :city: Bagdad
    :Asia/Bahrain: 
      :city: Bahrajn
    :Asia/Baku: 
      :city: Baku
    :Asia/Bangkok: 
      :city: Bangkok
    :Asia/Barnaul: 
      :city: Barnaul
    :Asia/Beirut: 
      :city: Bejrut
    :Asia/Bishkek: 
      :city: Biškek
    :Asia/Brunei: 
      :city: Brunej
    :Asia/Calcutta: 
      :city: Kalkuta
    :Asia/Chita: 
      :city: Čita
    :Asia/Choibalsan: 
      :city: Čojbalsan
    :Asia/Colombo: 
      :city: Kolombo
    :Asia/Damascus: 
      :city: Damask
    :Asia/Dhaka: 
      :city: Daka
    :Asia/Dili: 
      :city: Dili
    :Asia/Dubai: 
      :city: Dubaj
    :Asia/Dushanbe: 
      :city: Dušanbe
    :Asia/Famagusta: 
      :city: Famagusta
    :Asia/Gaza: 
      :city: Gaza
    :Asia/Hebron: 
      :city: Hebron
    :Asia/Hong_Kong: 
      :city: Hongkong
    :Asia/Hovd: 
      :city: Hovd
    :Asia/Irkutsk: 
      :city: Irkutsk
    :Asia/Jakarta: 
      :city: Džakarta
    :Asia/Jayapura: 
      :city: Jayapura
    :Asia/Jerusalem: 
      :city: Jeruzalem
    :Asia/Kabul: 
      :city: Kabul
    :Asia/Kamchatka: 
      :city: Kamčatka
    :Asia/Karachi: 
      :city: Karači
    :Asia/Katmandu: 
      :city: Katmandu
    :Asia/Khandyga: 
      :city: Handiga
    :Asia/Krasnoyarsk: 
      :city: Krasnojarsk
    :Asia/Kuala_Lumpur: 
      :city: "Kuala Lumpur"
    :Asia/Kuching: 
      :city: Kuching
    :Asia/Kuwait: 
      :city: Kuvajt
    :Asia/Macau: 
      :city: Macao
    :Asia/Magadan: 
      :city: Magadan
    :Asia/Makassar: 
      :city: Makasar
    :Asia/Manila: 
      :city: Manila
    :Asia/Muscat: 
      :city: Muškat
    :Asia/Nicosia: 
      :city: Nikozija
    :Asia/Novokuznetsk: 
      :city: Novokuznetsk
    :Asia/Novosibirsk: 
      :city: Novosibirsk
    :Asia/Omsk: 
      :city: Omsk
    :Asia/Oral: 
      :city: Uralsk
    :Asia/Phnom_Penh: 
      :city: "Phnom Penh"
    :Asia/Pontianak: 
      :city: Pontianak
    :Asia/Pyongyang: 
      :city: Pjongjang
    :Asia/Qatar: 
      :city: Katar
    :Asia/Qostanay: 
      :city: Kostanaj
    :Asia/Qyzylorda: 
      :city: Kizlorda
    :Asia/Rangoon: 
      :city: Rangun
    :Asia/Riyadh: 
      :city: Rijad
    :Asia/Saigon: 
      :city: Hošiminh
    :Asia/Sakhalin: 
      :city: Sahalin
    :Asia/Samarkand: 
      :city: Samarkand
    :Asia/Seoul: 
      :city: Seul
    :Asia/Shanghai: 
      :city: Šanghaj
    :Asia/Singapore: 
      :city: Singapur
    :Asia/Srednekolymsk: 
      :city: Srednekolimsk
    :Asia/Taipei: 
      :city: Tajpej
    :Asia/Tashkent: 
      :city: Taškent
    :Asia/Tbilisi: 
      :city: Tbilisi
    :Asia/Tehran: 
      :city: Teheran
    :Asia/Thimphu: 
      :city: Timpu
    :Asia/Tokyo: 
      :city: Tokio
    :Asia/Tomsk: 
      :city: Tomsk
    :Asia/Ulaanbaatar: 
      :city: "Ulan Bator"
    :Asia/Urumqi: 
      :city: Urumči
    :Asia/Ust-Nera: 
      :city: Ust-Nera
    :Asia/Vientiane: 
      :city: Vientiane
    :Asia/Vladivostok: 
      :city: Vladivostok
    :Asia/Yakutsk: 
      :city: Jakutsk
    :Asia/Yekaterinburg: 
      :city: Jekaterinburg
    :Asia/Yerevan: 
      :city: Erevan
    :Atlantic/Azores: 
      :city: Azori
    :Atlantic/Bermuda: 
      :city: Bermudi
    :Atlantic/Canary: 
      :city: "Kanarski otoki"
    :Atlantic/Cape_Verde: 
      :city: "Zelenortski otoki"
    :Atlantic/Faeroe: 
      :city: "Ferski otoki"
    :Atlantic/Madeira: 
      :city: Madeira
    :Atlantic/Reykjavik: 
      :city: Reykjavik
    :Atlantic/South_Georgia: 
      :city: "Južna Georgia"
    :Atlantic/St_Helena: 
      :city: "St. Helena"
    :Atlantic/Stanley: 
      :city: Stanley
    :Australia/Adelaide: 
      :city: Adelaide
    :Australia/Brisbane: 
      :city: Brisbane
    :Australia/Broken_Hill: 
      :city: "Broken Hill"
    :Australia/Currie: 
      :city: Currie
    :Australia/Darwin: 
      :city: Darwin
    :Australia/Eucla: 
      :city: Eucla
    :Australia/Hobart: 
      :city: Hobart
    :Australia/Lindeman: 
      :city: Lindeman
    :Australia/Lord_Howe: 
      :city: "Lord Howe"
    :Australia/Melbourne: 
      :city: Melbourne
    :Australia/Perth: 
      :city: Perth
    :Australia/Sydney: 
      :city: Sydney
    :Etc/UTC: 
      :long: 
        :standard: "univerzalni koordinirani čas"
      :short: 
        :standard: UTC
    :Etc/Unknown: 
      :city: "neznano mesto"
    :Europe/Amsterdam: 
      :city: Amsterdam
    :Europe/Andorra: 
      :city: Andora
    :Europe/Astrakhan: 
      :city: Astrahan
    :Europe/Athens: 
      :city: Atene
    :Europe/Belgrade: 
      :city: Beograd
    :Europe/Berlin: 
      :city: Berlin
    :Europe/Bratislava: 
      :city: Bratislava
    :Europe/Brussels: 
      :city: Bruselj
    :Europe/Bucharest: 
      :city: Bukarešta
    :Europe/Budapest: 
      :city: Budimpešta
    :Europe/Busingen: 
      :city: Busingen
    :Europe/Chisinau: 
      :city: Kišinjev
    :Europe/Copenhagen: 
      :city: Köbenhavn
    :Europe/Dublin: 
      :city: Dublin
      :long: 
        :daylight: "irski standardni čas"
    :Europe/Gibraltar: 
      :city: Gibraltar
    :Europe/Guernsey: 
      :city: Guernsey
    :Europe/Helsinki: 
      :city: Helsinki
    :Europe/Isle_of_Man: 
      :city: "Otok Man"
    :Europe/Istanbul: 
      :city: Istanbul
    :Europe/Jersey: 
      :city: Jersey
    :Europe/Kaliningrad: 
      :city: Kaliningrad
    :Europe/Kiev: 
      :city: Kijev
    :Europe/Kirov: 
      :city: Kirov
    :Europe/Lisbon: 
      :city: Lizbona
    :Europe/Ljubljana: 
      :city: Ljubljana
    :Europe/London: 
      :city: London
      :long: 
        :daylight: "britanski poletni čas"
    :Europe/Luxembourg: 
      :city: Luksemburg
    :Europe/Madrid: 
      :city: Madrid
    :Europe/Malta: 
      :city: Malta
    :Europe/Mariehamn: 
      :city: Mariehamn
    :Europe/Minsk: 
      :city: Minsk
    :Europe/Monaco: 
      :city: Monako
    :Europe/Moscow: 
      :city: Moskva
    :Europe/Oslo: 
      :city: Oslo
    :Europe/Paris: 
      :city: Pariz
    :Europe/Podgorica: 
      :city: Podgorica
    :Europe/Prague: 
      :city: Praga
    :Europe/Riga: 
      :city: Riga
    :Europe/Rome: 
      :city: Rim
    :Europe/Samara: 
      :city: Samara
    :Europe/San_Marino: 
      :city: "San Marino"
    :Europe/Sarajevo: 
      :city: Sarajevo
    :Europe/Saratov: 
      :city: Saratov
    :Europe/Simferopol: 
      :city: Simferopol
    :Europe/Skopje: 
      :city: Skopje
    :Europe/Sofia: 
      :city: Sofija
    :Europe/Stockholm: 
      :city: Stockholm
    :Europe/Tallinn: 
      :city: Talin
    :Europe/Tirane: 
      :city: Tirana
    :Europe/Ulyanovsk: 
      :city: Uljanovsk
    :Europe/Uzhgorod: 
      :city: Užgorod
    :Europe/Vaduz: 
      :city: Vaduz
    :Europe/Vatican: 
      :city: Vatikan
    :Europe/Vienna: 
      :city: Dunaj
    :Europe/Vilnius: 
      :city: Vilna
    :Europe/Volgograd: 
      :city: Volgograd
    :Europe/Warsaw: 
      :city: Varšava
    :Europe/Zagreb: 
      :city: Zagreb
    :Europe/Zaporozhye: 
      :city: Zaporožje
    :Europe/Zurich: 
      :city: Zürich
    :Indian/Antananarivo: 
      :city: Antananarivo
    :Indian/Chagos: 
      :city: Chagos
    :Indian/Christmas: 
      :city: "Božični otok"
    :Indian/Cocos: 
      :city: "Kokosovi otoki"
    :Indian/Comoro: 
      :city: Komori
    :Indian/Kerguelen: 
      :city: Kerguelen
    :Indian/Mahe: 
      :city: Mahe
    :Indian/Maldives: 
      :city: Maldivi
    :Indian/Mauritius: 
      :city: Mauritius
    :Indian/Mayotte: 
      :city: Mayotte
    :Indian/Reunion: 
      :city: Reunion
    :Pacific/Apia: 
      :city: Apia
    :Pacific/Auckland: 
      :city: Auckland
    :Pacific/Bougainville: 
      :city: Bougainville
    :Pacific/Chatham: 
      :city: Chatham
    :Pacific/Easter: 
      :city: "Velikonočni otok"
    :Pacific/Efate: 
      :city: Efate
    :Pacific/Enderbury: 
      :city: Enderbury
    :Pacific/Fakaofo: 
      :city: Fakaofo
    :Pacific/Fiji: 
      :city: Fidži
    :Pacific/Funafuti: 
      :city: Funafuti
    :Pacific/Galapagos: 
      :city: Galapagos
    :Pacific/Gambier: 
      :city: Gambier
    :Pacific/Guadalcanal: 
      :city: Guadalcanal
    :Pacific/Guam: 
      :city: Guam
    :Pacific/Honolulu: 
      :city: Honolulu
    :Pacific/Johnston: 
      :city: Johnston
    :Pacific/Kiritimati: 
      :city: Kiritimati
    :Pacific/Kosrae: 
      :city: Kosrae
    :Pacific/Kwajalein: 
      :city: Kwajalein
    :Pacific/Majuro: 
      :city: Majuro
    :Pacific/Marquesas: 
      :city: Marquesas
    :Pacific/Midway: 
      :city: Midway
    :Pacific/Nauru: 
      :city: Nauru
    :Pacific/Niue: 
      :city: Niue
    :Pacific/Norfolk: 
      :city: Norfolk
    :Pacific/Noumea: 
      :city: Noumea
    :Pacific/Pago_Pago: 
      :city: "Pago Pago"
    :Pacific/Palau: 
      :city: Palau
    :Pacific/Pitcairn: 
      :city: Pitcairn
    :Pacific/Ponape: 
      :city: Pohnpei
    :Pacific/Port_Moresby: 
      :city: "Port Moresby"
    :Pacific/Rarotonga: 
      :city: Rarotonga
    :Pacific/Saipan: 
      :city: Saipan
    :Pacific/Tahiti: 
      :city: Tahiti
    :Pacific/Tarawa: 
      :city: Tarawa
    :Pacific/Tongatapu: 
      :city: Tongatapu
    :Pacific/Truk: 
      :city: Chuuk
    :Pacific/Wake: 
      :city: Wake
    :Pacific/Wallis: 
      :city: Wallis
