--- 
:eu: 
  :formats: 
    :fallback_formats: 
      :generic: "{1} ({0})"
    :gmt_formats: 
      :generic: "GMT{0}"
    :gmt_zero_formats: 
      :generic: GMT
    :hour_formats: 
      :generic: "+HH:mm;-HH:mm"
    :region_formats: 
      :daylight: "{0} (udako ordua)"
      :generic: "{0} aldeko ordua"
      :standard: "{0}(e)ko ordu estandarra"
  :metazones: 
    :Afghanistan: 
      :long: 
        :standard: "Afganistango ordua"
    :Africa_Central: 
      :long: 
        :standard: "Afrikako erdialdeko ordua"
    :Africa_Eastern: 
      :long: 
        :standard: "Afrikako ekialdeko ordua"
    :Africa_Southern: 
      :long: 
        :standard: "Afrikako hegoaldeko ordua"
    :Africa_Western: 
      :long: 
        :daylight: "Afrikako mendebaldeko udako ordua"
        :generic: "Afrikako mendebaldeko ordua"
        :standard: "Afrikako mendebaldeko ordu estandarra"
    :Alaska: 
      :long: 
        :daylight: "Alaskako udako ordua"
        :generic: "Alaskako ordua"
        :standard: "Alaskako ordu estandarra"
    :Amazon: 
      :long: 
        :daylight: "Amazoniako udako ordua"
        :generic: "Amazoniako ordua"
        :standard: "Amazoniako ordu estandarra"
    :America_Central: 
      :long: 
        :daylight: "Ipar Amerikako erdialdeko udako ordua"
        :generic: "Ipar Amerikako erdialdeko ordua"
        :standard: "Ipar Amerikako erdialdeko ordu estandarra"
    :America_Eastern: 
      :long: 
        :daylight: "Ipar Amerikako ekialdeko udako ordua"
        :generic: "Ipar Amerikako ekialdeko ordua"
        :standard: "Ipar Amerikako ekialdeko ordu estandarra"
    :America_Mountain: 
      :long: 
        :daylight: "Ipar Amerikako mendialdeko udako ordua"
        :generic: "Ipar Amerikako mendialdeko ordua"
        :standard: "Ipar Amerikako mendialdeko ordu estandarra"
    :America_Pacific: 
      :long: 
        :daylight: "Ipar Amerikako Pazifikoko udako ordua"
        :generic: "Ipar Amerikako Pazifikoko ordua"
        :standard: "Ipar Amerikako Pazifikoko ordu estandarra"
    :Anadyr: 
      :long: 
        :daylight: "Anadyrreko udako ordua"
        :generic: "Anadyrreko ordua"
        :standard: "Anadyrreko ordu estandarra"
    :Apia: 
      :long: 
        :daylight: "Apiako udako ordua"
        :generic: "Apiako ordua"
        :standard: "Apiako ordu estandarra"
    :Arabian: 
      :long: 
        :daylight: "Arabiako udako ordua"
        :generic: "Arabiako ordua"
        :standard: "Arabiako ordu estandarra"
    :Argentina: 
      :long: 
        :daylight: "Argentinako udako ordua"
        :generic: "Argentinako ordua"
        :standard: "Argentinako ordu estandarra"
    :Argentina_Western: 
      :long: 
        :daylight: "Argentina mendebaldeko udako ordua"
        :generic: "Argentina mendebaldeko ordua"
        :standard: "Argentina mendebaldeko ordu estandarra"
    :Armenia: 
      :long: 
        :daylight: "Armeniako udako ordua"
        :generic: "Armeniako ordua"
        :standard: "Armeniako ordu estandarra"
    :Atlantic: 
      :long: 
        :daylight: "Ipar Amerikako Atlantikoko udako ordua"
        :generic: "Ipar Amerikako Atlantikoko ordua"
        :standard: "Ipar Amerikako Atlantikoko ordu estandarra"
    :Australia_Central: 
      :long: 
        :daylight: "Australiako erdialdeko udako ordua"
        :generic: "Australiako erdialdeko ordua"
        :standard: "Australiako erdialdeko ordu estandarra"
    :Australia_CentralWestern: 
      :long: 
        :daylight: "Australiako erdi-mendebaldeko udako ordua"
        :generic: "Australiako erdi-mendebaldeko ordua"
        :standard: "Australiako erdi-mendebaldeko ordu estandarra"
    :Australia_Eastern: 
      :long: 
        :daylight: "Australiako ekialdeko udako ordua"
        :generic: "Australiako ekialdeko ordua"
        :standard: "Australiako ekialdeko ordu estandarra"
    :Australia_Western: 
      :long: 
        :daylight: "Australiako mendebaldeko udako ordua"
        :generic: "Australiako mendebaldeko ordua"
        :standard: "Australiako mendebaldeko ordu estandarra"
    :Azerbaijan: 
      :long: 
        :daylight: "Azerbaijango udako ordua"
        :generic: "Azerbaijango ordua"
        :standard: "Azerbaijango ordu estandarra"
    :Azores: 
      :long: 
        :daylight: "Azoreetako udako ordua"
        :generic: "Azoreetako ordua"
        :standard: "Azoreetako ordu estandarra"
    :Bangladesh: 
      :long: 
        :daylight: "Bangladesheko udako ordua"
        :generic: "Bangladesheko ordua"
        :standard: "Bangladesheko ordu estandarra"
    :Bhutan: 
      :long: 
        :standard: "Bhutango ordua"
    :Bolivia: 
      :long: 
        :standard: "Boliviako ordua"
    :Brasilia: 
      :long: 
        :daylight: "Brasiliako udako ordua"
        :generic: "Brasiliako ordua"
        :standard: "Brasiliako ordu estandarra"
    :Brunei: 
      :long: 
        :standard: "Brunei Darussalamgo ordua"
    :Cape_Verde: 
      :long: 
        :daylight: "Cabo Verdeko udako ordua"
        :generic: "Cabo Verdeko ordua"
        :standard: "Cabo Verdeko ordu estandarra"
    :Chamorro: 
      :long: 
        :standard: "Chamorroko ordu estandarra"
    :Chatham: 
      :long: 
        :daylight: "Chathamgo udako ordua"
        :generic: "Chathamgo ordua"
        :standard: "Chathamgo ordu estandarra"
    :Chile: 
      :long: 
        :daylight: "Txileko udako ordua"
        :generic: "Txileko ordua"
        :standard: "Txileko ordu estandarra"
    :China: 
      :long: 
        :daylight: "Txinako udako ordua"
        :generic: "Txinako ordua"
        :standard: "Txinako ordu estandarra"
    :Choibalsan: 
      :long: 
        :daylight: "Txoibalsango udako ordua"
        :generic: "Txoibalsango ordua"
        :standard: "Txoibalsango ordu estandarra"
    :Christmas: 
      :long: 
        :standard: "Christmas uharteko ordua"
    :Cocos: 
      :long: 
        :standard: "Cocos uharteetako ordua"
    :Colombia: 
      :long: 
        :daylight: "Kolonbiako udako ordua"
        :generic: "Kolonbiako ordua"
        :standard: "Kolonbiako ordu estandarra"
    :Cook: 
      :long: 
        :daylight: "Cook uharteetako uda erdialdeko ordua"
        :generic: "Cook uharteetako ordua"
        :standard: "Cook uharteetako ordu estandarra"
    :Cuba: 
      :long: 
        :daylight: "Kubako udako ordua"
        :generic: "Kubako ordua"
        :standard: "Kubako ordu estandarra"
    :Davis: 
      :long: 
        :standard: "Daviseko ordua"
    :DumontDUrville: 
      :long: 
        :standard: "Dumont-d’Urvilleko ordua"
    :East_Timor: 
      :long: 
        :standard: "Ekialdeko Timorreko ordua"
    :Easter: 
      :long: 
        :daylight: "Pazko uharteko udako ordua"
        :generic: "Pazko uharteko ordua"
        :standard: "Pazko uharteko ordu estandarra"
    :Ecuador: 
      :long: 
        :standard: "Ekuadorreko ordua"
    :Europe_Central: 
      :long: 
        :daylight: "Europako erdialdeko udako ordua"
        :generic: "Europako erdialdeko ordua"
        :standard: "Europako erdialdeko ordu estandarra"
      :short: 
        :daylight: CEST
        :generic: CET
        :standard: CET
    :Europe_Eastern: 
      :long: 
        :daylight: "Europako ekialdeko udako ordua"
        :generic: "Europako ekialdeko ordua"
        :standard: "Europako ekialdeko ordu estandarra"
      :short: 
        :daylight: EEST
        :generic: EET
        :standard: EET
    :Europe_Further_Eastern: 
      :long: 
        :standard: "Europako ekialde urruneko ordua"
    :Europe_Western: 
      :long: 
        :daylight: "Europako mendebaldeko udako ordua"
        :generic: "Europako mendebaldeko ordua"
        :standard: "Europako mendebaldeko ordu estandarra"
      :short: 
        :daylight: WEST
        :generic: WET
        :standard: WET
    :Falkland: 
      :long: 
        :daylight: "Falkland uharteetako udako ordua"
        :generic: "Falkland uharteetako ordua"
        :standard: "Falkland uharteetako ordu estandarra"
    :Fiji: 
      :long: 
        :daylight: "Fijiko udako ordua"
        :generic: "Fijiko ordua"
        :standard: "Fijiko ordu estandarra"
    :French_Guiana: 
      :long: 
        :standard: "Guyana Frantseseko ordua"
    :French_Southern: 
      :long: 
        :standard: "Frantziaren lurralde austral eta antartikoetako ordutegia"
    :GMT: 
      :long: 
        :standard: "Greenwichko meridianoaren ordua"
      :short: 
        :standard: GMT
    :Galapagos: 
      :long: 
        :standard: "Galapagoetako ordua"
    :Gambier: 
      :long: 
        :standard: "Gambierretako ordua"
    :Georgia: 
      :long: 
        :daylight: "Georgiako udako ordua"
        :generic: "Georgiako ordua"
        :standard: "Georgiako ordu estandarra"
    :Gilbert_Islands: 
      :long: 
        :standard: "Gilbert uharteetako ordua"
    :Greenland_Eastern: 
      :long: 
        :daylight: "Groenlandiako ekialdeko udako ordua"
        :generic: "Groenlandiako ekialdeko ordua"
        :standard: "Groenlandiako ekialdeko ordu estandarra"
    :Greenland_Western: 
      :long: 
        :daylight: "Groenlandiako mendebaldeko udako ordua"
        :generic: "Groenlandiako mendebaldeko ordua"
        :standard: "Groenlandiako mendebaldeko ordu estandarra"
    :Gulf: 
      :long: 
        :standard: "Golkoko ordu estandarra"
    :Guyana: 
      :long: 
        :standard: "Guyanako ordua"
    :Hawaii_Aleutian: 
      :long: 
        :daylight: "Hawaii-Aleutiar uharteetako udako ordua"
        :generic: "Hawaii-Aleutiar uharteetako ordua"
        :standard: "Hawaii-Aleutiar uharteetako ordu estandarra"
    :Hong_Kong: 
      :long: 
        :daylight: "Hong Kongo udako ordua"
        :generic: "Hong Kongo ordua"
        :standard: "Hong Kongo ordu estandarra"
    :Hovd: 
      :long: 
        :daylight: "Khovdeko udako ordua"
        :generic: "Khovdeko ordua"
        :standard: "Khovdeko ordu estandarra"
    :India: 
      :long: 
        :standard: "Indiako ordua"
    :Indian_Ocean: 
      :long: 
        :standard: "Indiako Ozeanoko ordua"
    :Indochina: 
      :long: 
        :standard: "Indotxinako ordua"
    :Indonesia_Central: 
      :long: 
        :standard: "Indonesiako erdialdeko ordua"
    :Indonesia_Eastern: 
      :long: 
        :standard: "Indonesiako ekialdeko ordua"
    :Indonesia_Western: 
      :long: 
        :standard: "Indonesiako mendebaldeko ordua"
    :Iran: 
      :long: 
        :daylight: "Irango udako ordua"
        :generic: "Irango ordua"
        :standard: "Irango ordu estandarra"
    :Irkutsk: 
      :long: 
        :daylight: "Irkutskeko udako ordua"
        :generic: "Irkutskeko ordua"
        :standard: "Irkutskeko ordu estandarra"
    :Israel: 
      :long: 
        :daylight: "Israelgo udako ordua"
        :generic: "Israelgo ordua"
        :standard: "Israelgo ordu estandarra"
    :Japan: 
      :long: 
        :daylight: "Japoniako udako ordua"
        :generic: "Japoniako ordua"
        :standard: "Japoniako ordu estandarra"
    :Kamchatka: 
      :long: 
        :daylight: "Petropavlovsk-Kamchatskiko udako ordua"
        :generic: "Petropavlovsk-Kamchatskiko ordua"
        :standard: "Petropavlovsk-Kamchatskiko ordu estandarra"
    :Kazakhstan_Eastern: 
      :long: 
        :standard: "Kazakhstango ekialdeko ordua"
    :Kazakhstan_Western: 
      :long: 
        :standard: "Kazakhstango mendebaldeko ordua"
    :Korea: 
      :long: 
        :daylight: "Koreako udako ordua"
        :generic: "Koreako ordua"
        :standard: "Koreako ordu estandarra"
    :Kosrae: 
      :long: 
        :standard: "Kosraeko ordua"
    :Krasnoyarsk: 
      :long: 
        :daylight: "Krasnoiarskeko udako ordua"
        :generic: "Krasnoiarskeko ordua"
        :standard: "Krasnoiarskeko ordu estandarra"
    :Kyrgystan: 
      :long: 
        :standard: "Kirgizistango ordua"
    :Line_Islands: 
      :long: 
        :standard: "Line uharteetako ordua"
    :Lord_Howe: 
      :long: 
        :daylight: "Lord Howeko udako ordua"
        :generic: "Lord Howeko ordua"
        :standard: "Lord Howeko ordu estandarra"
    :Macquarie: 
      :long: 
        :standard: "Macquarie uharteko ordua"
    :Magadan: 
      :long: 
        :daylight: "Magadango udako ordua"
        :generic: "Magadango ordua"
        :standard: "Magadango ordu estandarra"
    :Malaysia: 
      :long: 
        :standard: "Malaysiako ordua"
    :Maldives: 
      :long: 
        :standard: "Maldivetako ordua"
    :Marquesas: 
      :long: 
        :standard: "Markesetako ordua"
    :Marshall_Islands: 
      :long: 
        :standard: "Marshall Uharteetako ordua"
    :Mauritius: 
      :long: 
        :daylight: "Maurizioko udako ordua"
        :generic: "Maurizioko ordua"
        :standard: "Maurizioko ordu estandarra"
    :Mawson: 
      :long: 
        :standard: "Mawsoneko ordua"
    :Mexico_Northwest: 
      :long: 
        :daylight: "Mexikoko ipar-ekialdeko udako ordua"
        :generic: "Mexikoko ipar-ekialdeko ordua"
        :standard: "Mexikoko ipar-ekialdeko ordu estandarra"
    :Mexico_Pacific: 
      :long: 
        :daylight: "Mexikoko Pazifikoko udako ordua"
        :generic: "Mexikoko Pazifikoko ordua"
        :standard: "Mexikoko Pazifikoko ordu estandarra"
    :Mongolia: 
      :long: 
        :daylight: "Ulan Batorreko udako ordua"
        :generic: "Ulan Batorreko ordua"
        :standard: "Ulan Batorreko ordu estandarra"
    :Moscow: 
      :long: 
        :daylight: "Moskuko udako ordua"
        :generic: "Moskuko ordua"
        :standard: "Moskuko ordu estandarra"
    :Myanmar: 
      :long: 
        :standard: "Myanmarreko ordua"
    :Nauru: 
      :long: 
        :standard: "Nauruko ordua"
    :Nepal: 
      :long: 
        :standard: "Nepalgo ordua"
    :New_Caledonia: 
      :long: 
        :daylight: "Kaledonia Berriko udako ordua"
        :generic: "Kaledonia Berriko ordua"
        :standard: "Kaledonia Berriko ordu estandarra"
    :New_Zealand: 
      :long: 
        :daylight: "Zeelanda Berriko udako ordua"
        :generic: "Zeelanda Berriko ordua"
        :standard: "Zeelanda Berriko ordu estandarra"
    :Newfoundland: 
      :long: 
        :daylight: "Ternuako udako ordua"
        :generic: "Ternuako ordua"
        :standard: "Ternuako ordu estandarra"
    :Niue: 
      :long: 
        :standard: "Niueko ordua"
    :Norfolk: 
      :long: 
        :daylight: "Norfolk uharteetako udako ordua"
        :generic: "Norfolk uharteetako ordua"
        :standard: "Norfolk uharteetako ordu estandarra"
    :Noronha: 
      :long: 
        :daylight: "Fernando de Noronhako udako ordua"
        :generic: "Fernando de Noronhako ordua"
        :standard: "Fernando de Noronhako ordu estandarra"
    :Novosibirsk: 
      :long: 
        :daylight: "Novosibirskeko udako ordua"
        :generic: "Novosibirskeko ordua"
        :standard: "Novosibirskeko ordu estandarra"
    :Omsk: 
      :long: 
        :daylight: "Omskeko udako ordua"
        :generic: "Omskeko ordua"
        :standard: "Omskeko ordu estandarra"
    :Pakistan: 
      :long: 
        :daylight: "Pakistango udako ordua"
        :generic: "Pakistango ordua"
        :standard: "Pakistango ordu estandarra"
    :Palau: 
      :long: 
        :standard: "Palauko ordua"
    :Papua_New_Guinea: 
      :long: 
        :standard: "Papua Ginea Berriko ordua"
    :Paraguay: 
      :long: 
        :daylight: "Paraguaiko udako ordua"
        :generic: "Paraguaiko ordua"
        :standard: "Paraguaiko ordu estandarra"
    :Peru: 
      :long: 
        :daylight: "Peruko udako ordua"
        :generic: "Peruko ordua"
        :standard: "Peruko ordu estandarra"
    :Philippines: 
      :long: 
        :daylight: "Filipinetako udako ordua"
        :generic: "Filipinetako ordua"
        :standard: "Filipinetako ordu estandarra"
    :Phoenix_Islands: 
      :long: 
        :standard: "Phoenix uharteetako ordua"
    :Pierre_Miquelon: 
      :long: 
        :daylight: "Saint-Pierre eta Mikeluneko udako ordua"
        :generic: "Saint-Pierre eta Mikeluneko ordua"
        :standard: "Saint-Pierre eta Mikeluneko ordu estandarra"
    :Pitcairn: 
      :long: 
        :standard: "Pitcairneko ordua"
    :Ponape: 
      :long: 
        :standard: "Ponapeko ordua"
    :Pyongyang: 
      :long: 
        :standard: "Piongiangeko ordua"
    :Reunion: 
      :long: 
        :standard: "Reunioneko ordua"
    :Rothera: 
      :long: 
        :standard: "Rotherako ordua"
    :Sakhalin: 
      :long: 
        :daylight: "Sakhalingo udako ordua"
        :generic: "Sakhalingo ordua"
        :standard: "Sakhalingo ordu estandarra"
    :Samara: 
      :long: 
        :daylight: "Samarako udako ordua"
        :generic: "Samarako ordua"
        :standard: "Samarako ordu estandarra"
    :Samoa: 
      :long: 
        :daylight: "Samoako udako ordua"
        :generic: "Samoako ordua"
        :standard: "Samoako ordu estandarra"
    :Seychelles: 
      :long: 
        :standard: "Seychelle uharteetako ordua"
    :Singapore: 
      :long: 
        :standard: "Singapurreko ordu estandarra"
    :Solomon: 
      :long: 
        :standard: "Salomon Uharteetako ordua"
    :South_Georgia: 
      :long: 
        :standard: "Hegoaldeko Georgietako ordua"
    :Suriname: 
      :long: 
        :standard: "Surinamgo ordua"
    :Syowa: 
      :long: 
        :standard: "Syowako ordua"
    :Tahiti: 
      :long: 
        :standard: "Tahitiko ordua"
    :Taipei: 
      :long: 
        :daylight: "Taipeiko udako ordua"
        :generic: "Taipeiko ordua"
        :standard: "Taipeiko ordu estandarra"
    :Tajikistan: 
      :long: 
        :standard: "Tadjikistango ordua"
    :Tokelau: 
      :long: 
        :standard: "Tokelauko ordua"
    :Tonga: 
      :long: 
        :daylight: "Tongako udako ordua"
        :generic: "Tongako ordua"
        :standard: "Tongako ordu estandarra"
    :Truk: 
      :long: 
        :standard: "Chuukeko ordua"
    :Turkmenistan: 
      :long: 
        :daylight: "Turkmenistango udako ordua"
        :generic: "Turkmenistango ordua"
        :standard: "Turkmenistango ordu estandarra"
    :Tuvalu: 
      :long: 
        :standard: "Tuvaluko ordua"
    :Uruguay: 
      :long: 
        :daylight: "Uruguaiko udako ordua"
        :generic: "Uruguaiko ordua"
        :standard: "Uruguaiko ordu estandarra"
    :Uzbekistan: 
      :long: 
        :daylight: "Uzbekistango udako ordua"
        :generic: "Uzbekistango ordua"
        :standard: "Uzbekistango ordu estandarra"
    :Vanuatu: 
      :long: 
        :daylight: "Vanuatuko udako ordua"
        :generic: "Vanuatuko ordua"
        :standard: "Vanuatuko ordu estandarra"
    :Venezuela: 
      :long: 
        :standard: "Venezuelako ordua"
    :Vladivostok: 
      :long: 
        :daylight: "Vladivostokeko udako ordua"
        :generic: "Vladivostokeko ordua"
        :standard: "Vladivostokeko ordu estandarra"
    :Volgograd: 
      :long: 
        :daylight: "Volgogradeko udako ordua"
        :generic: "Volgogradeko ordua"
        :standard: "Volgogradeko ordu estandarra"
    :Vostok: 
      :long: 
        :standard: "Vostokeko ordua"
    :Wake: 
      :long: 
        :standard: "Wake uharteko ordua"
    :Wallis: 
      :long: 
        :standard: "Wallis eta Futunako ordutegia"
    :Yakutsk: 
      :long: 
        :daylight: "Jakutskeko udako ordua"
        :generic: "Jakutskeko ordua"
        :standard: "Jakutskeko ordu estandarra"
    :Yekaterinburg: 
      :long: 
        :daylight: "Jekaterinburgeko udako ordua"
        :generic: "Jekaterinburgeko ordua"
        :standard: "Jekaterinburgeko ordu estandarra"
  :timezones: 
    :Africa/Abidjan: 
      :city: Abidjan
    :Africa/Accra: 
      :city: Akkra
    :Africa/Addis_Ababa: 
      :city: "Addis Abeba"
    :Africa/Algiers: 
      :city: Aljer
    :Africa/Asmera: 
      :city: Asmara
    :Africa/Bamako: 
      :city: Bamako
    :Africa/Bangui: 
      :city: Bangi
    :Africa/Banjul: 
      :city: Banjul
    :Africa/Bissau: 
      :city: Bissau
    :Africa/Blantyre: 
      :city: Blantyre
    :Africa/Brazzaville: 
      :city: Brazzaville
    :Africa/Bujumbura: 
      :city: Bujumbura
    :Africa/Cairo: 
      :city: Kairo
    :Africa/Casablanca: 
      :city: Casablanca
    :Africa/Ceuta: 
      :city: Ceuta
    :Africa/Conakry: 
      :city: Konakry
    :Africa/Dakar: 
      :city: Dakar
    :Africa/Dar_es_Salaam: 
      :city: "Dar es Salaam"
    :Africa/Djibouti: 
      :city: Djibuti
    :Africa/Douala: 
      :city: Douala
    :Africa/El_Aaiun: 
      :city: Aaiun
    :Africa/Freetown: 
      :city: Freetown
    :Africa/Gaborone: 
      :city: Gaborone
    :Africa/Harare: 
      :city: Harare
    :Africa/Johannesburg: 
      :city: Johannesburgo
    :Africa/Juba: 
      :city: Juba
    :Africa/Kampala: 
      :city: Kampala
    :Africa/Khartoum: 
      :city: Khartoum
    :Africa/Kigali: 
      :city: Kigali
    :Africa/Kinshasa: 
      :city: Kinshasa
    :Africa/Lagos: 
      :city: Lagos
    :Africa/Libreville: 
      :city: Libreville
    :Africa/Lome: 
      :city: Lome
    :Africa/Luanda: 
      :city: Luanda
    :Africa/Lubumbashi: 
      :city: Lubumbashi
    :Africa/Lusaka: 
      :city: Lusaka
    :Africa/Malabo: 
      :city: Malabo
    :Africa/Maputo: 
      :city: Maputo
    :Africa/Maseru: 
      :city: Maseru
    :Africa/Mbabane: 
      :city: Mbabane
    :Africa/Mogadishu: 
      :city: Muqdisho
    :Africa/Monrovia: 
      :city: Monrovia
    :Africa/Nairobi: 
      :city: Nairobi
    :Africa/Ndjamena: 
      :city: N’djamena
    :Africa/Niamey: 
      :city: Niamei
    :Africa/Nouakchott: 
      :city: Nuakxot
    :Africa/Ouagadougou: 
      :city: Uagadugu
    :Africa/Porto-Novo: 
      :city: "Porto Novo"
    :Africa/Sao_Tome: 
      :city: "Sao Tome"
    :Africa/Tripoli: 
      :city: Tripoli
    :Africa/Tunis: 
      :city: Tunis
    :Africa/Windhoek: 
      :city: Windhoek
    :America/Adak: 
      :city: Adak
    :America/Anchorage: 
      :city: Anchorage
    :America/Anguilla: 
      :city: Aingira
    :America/Antigua: 
      :city: Antigua
    :America/Araguaina: 
      :city: Araguaína
    :America/Argentina/La_Rioja: 
      :city: "La Rioja"
    :America/Argentina/Rio_Gallegos: 
      :city: "Rio Gallegos"
    :America/Argentina/Salta: 
      :city: Salta
    :America/Argentina/San_Juan: 
      :city: "San Juan"
    :America/Argentina/San_Luis: 
      :city: "San Luis"
    :America/Argentina/Tucuman: 
      :city: Tucumán
    :America/Argentina/Ushuaia: 
      :city: Ushuaia
    :America/Aruba: 
      :city: Aruba
    :America/Asuncion: 
      :city: Asuncion
    :America/Bahia: 
      :city: Bahia
    :America/Bahia_Banderas: 
      :city: "Bahía de Banderas"
    :America/Barbados: 
      :city: Barbados
    :America/Belem: 
      :city: Belem
    :America/Belize: 
      :city: Belize
    :America/Blanc-Sablon: 
      :city: Blanc-Sablon
    :America/Boa_Vista: 
      :city: "Boa Vista"
    :America/Bogota: 
      :city: Bogota
    :America/Boise: 
      :city: Boise
    :America/Buenos_Aires: 
      :city: "Buenos Aires"
    :America/Cambridge_Bay: 
      :city: "Cambridge Bay"
    :America/Campo_Grande: 
      :city: "Campo Grande"
    :America/Cancun: 
      :city: Cancún
    :America/Caracas: 
      :city: Caracas
    :America/Catamarca: 
      :city: Catamarca
    :America/Cayenne: 
      :city: Cayenne
    :America/Cayman: 
      :city: Kaiman
    :America/Chicago: 
      :city: Chicago
    :America/Chihuahua: 
      :city: Chihuahua
    :America/Coral_Harbour: 
      :city: Atikokan
    :America/Cordoba: 
      :city: Córdoba
    :America/Costa_Rica: 
      :city: "Costa Rica"
    :America/Creston: 
      :city: Creston
    :America/Cuiaba: 
      :city: Cuiabá
    :America/Curacao: 
      :city: Curaçao
    :America/Danmarkshavn: 
      :city: Danmarkshavn
    :America/Dawson: 
      :city: Dawson
    :America/Dawson_Creek: 
      :city: "Dawson Creek"
    :America/Denver: 
      :city: Denver
    :America/Detroit: 
      :city: Detroit
    :America/Dominica: 
      :city: Dominika
    :America/Edmonton: 
      :city: Edmonton
    :America/Eirunepe: 
      :city: Eirunepé
    :America/El_Salvador: 
      :city: "El Salvador"
    :America/Fort_Nelson: 
      :city: "Fort Nelson"
    :America/Fortaleza: 
      :city: Fortaleza
    :America/Glace_Bay: 
      :city: "Glace Bay"
    :America/Godthab: 
      :city: Nuuk
    :America/Goose_Bay: 
      :city: "Goose Bay"
    :America/Grand_Turk: 
      :city: "Grand Turk"
    :America/Grenada: 
      :city: Grenada
    :America/Guadeloupe: 
      :city: Guadalupe
    :America/Guatemala: 
      :city: Guatemala
    :America/Guayaquil: 
      :city: Guayaquil
    :America/Guyana: 
      :city: Guyana
    :America/Halifax: 
      :city: Halifax
    :America/Havana: 
      :city: Habana
    :America/Hermosillo: 
      :city: Hermosillo
    :America/Indiana/Knox: 
      :city: "Knox, Indiana"
    :America/Indiana/Marengo: 
      :city: "Marengo, Indiana"
    :America/Indiana/Petersburg: 
      :city: "Petersburg, Indiana"
    :America/Indiana/Tell_City: 
      :city: "Tell City, Indiana"
    :America/Indiana/Vevay: 
      :city: "Vevay, Indiana"
    :America/Indiana/Vincennes: 
      :city: "Vincennes, Indiana"
    :America/Indiana/Winamac: 
      :city: "Winamac, Indiana"
    :America/Indianapolis: 
      :city: Indianapolis
    :America/Inuvik: 
      :city: Inuvik
    :America/Iqaluit: 
      :city: Iqaluit
    :America/Jamaica: 
      :city: Jamaika
    :America/Jujuy: 
      :city: Jujuy
    :America/Juneau: 
      :city: Juneau
    :America/Kentucky/Monticello: 
      :city: "Monticello, Kentucky"
    :America/Kralendijk: 
      :city: Kralendijk
    :America/La_Paz: 
      :city: "La Paz"
    :America/Lima: 
      :city: Lima
    :America/Los_Angeles: 
      :city: "Los Angeles"
    :America/Louisville: 
      :city: Louisville
    :America/Lower_Princes: 
      :city: "Lower Prince’s Quarter"
    :America/Maceio: 
      :city: Maceió
    :America/Managua: 
      :city: Managua
    :America/Manaus: 
      :city: Manaus
    :America/Marigot: 
      :city: Marigot
    :America/Martinique: 
      :city: Martinika
    :America/Matamoros: 
      :city: Matamoros
    :America/Mazatlan: 
      :city: Mazatlán
    :America/Mendoza: 
      :city: Mendoza
    :America/Menominee: 
      :city: Menominee
    :America/Merida: 
      :city: Mérida
    :America/Metlakatla: 
      :city: Metlakatla
    :America/Mexico_City: 
      :city: "Mexiko Hiria"
    :America/Miquelon: 
      :city: Mikelune
    :America/Moncton: 
      :city: Moncton
    :America/Monterrey: 
      :city: Monterrey
    :America/Montevideo: 
      :city: Montevideo
    :America/Montserrat: 
      :city: Montserrat
    :America/Nassau: 
      :city: Nassau
    :America/New_York: 
      :city: "New York"
    :America/Nipigon: 
      :city: Nipigon
    :America/Nome: 
      :city: Nome
    :America/Noronha: 
      :city: Noronha
    :America/North_Dakota/Beulah: 
      :city: "Beulah, Ipar Dakota"
    :America/North_Dakota/Center: 
      :city: "Center, Ipar Dakota"
    :America/North_Dakota/New_Salem: 
      :city: "New Salem, Ipar Dakota"
    :America/Ojinaga: 
      :city: Ojinaga
    :America/Panama: 
      :city: Panama
    :America/Pangnirtung: 
      :city: Pangnirtung
    :America/Paramaribo: 
      :city: Paramaribo
    :America/Phoenix: 
      :city: Phoenix
    :America/Port-au-Prince: 
      :city: Port-au-Prince
    :America/Port_of_Spain: 
      :city: Port-of-Spain
    :America/Porto_Velho: 
      :city: "Porto Velho"
    :America/Puerto_Rico: 
      :city: "Puerto Rico"
    :America/Punta_Arenas: 
      :city: "Punta Arenas"
    :America/Rainy_River: 
      :city: "Rainy River"
    :America/Rankin_Inlet: 
      :city: "Rankin Inlet"
    :America/Recife: 
      :city: Recife
    :America/Regina: 
      :city: Regina
    :America/Resolute: 
      :city: Resolute
    :America/Rio_Branco: 
      :city: "Rio Branco"
    :America/Santa_Isabel: 
      :city: "Santa Isabel"
    :America/Santarem: 
      :city: Santarém
    :America/Santiago: 
      :city: Santiago
    :America/Santo_Domingo: 
      :city: "Santo Domingo"
    :America/Sao_Paulo: 
      :city: "São Paulo"
    :America/Scoresbysund: 
      :city: Ittoqqortoormiit
    :America/Sitka: 
      :city: Sitka
    :America/St_Barthelemy: 
      :city: Saint-Barthélemy
    :America/St_Johns: 
      :city: "Saint John’s"
    :America/St_Kitts: 
      :city: "Saint Kitts"
    :America/St_Lucia: 
      :city: "Santa Luzia"
    :America/St_Thomas: 
      :city: Saint-Thomas
    :America/St_Vincent: 
      :city: "Saint Vincent"
    :America/Swift_Current: 
      :city: "Swift Current"
    :America/Tegucigalpa: 
      :city: Tegucigalpa
    :America/Thule: 
      :city: Qaanaac
    :America/Thunder_Bay: 
      :city: "Thunder Bay"
    :America/Tijuana: 
      :city: Tijuana
    :America/Toronto: 
      :city: Toronto
    :America/Tortola: 
      :city: Tortola
    :America/Vancouver: 
      :city: Vancouver
    :America/Whitehorse: 
      :city: Whitehorse
    :America/Winnipeg: 
      :city: Winnipeg
    :America/Yakutat: 
      :city: Yakutat
    :America/Yellowknife: 
      :city: Yellowknife
    :Antarctica/Casey: 
      :city: Casey
    :Antarctica/Davis: 
      :city: Davis
    :Antarctica/DumontDUrville: 
      :city: "Dumont d’Urville"
    :Antarctica/Macquarie: 
      :city: Macquarie
    :Antarctica/Mawson: 
      :city: Mawson
    :Antarctica/McMurdo: 
      :city: McMurdo
    :Antarctica/Palmer: 
      :city: Palmer
    :Antarctica/Rothera: 
      :city: Rothera
    :Antarctica/Syowa: 
      :city: Syowa
    :Antarctica/Troll: 
      :city: Troll
    :Antarctica/Vostok: 
      :city: Vostok
    :Arctic/Longyearbyen: 
      :city: Longyearbyen
    :Asia/Aden: 
      :city: Aden
    :Asia/Almaty: 
      :city: Almaty
    :Asia/Amman: 
      :city: Amman
    :Asia/Anadyr: 
      :city: Anadyr
    :Asia/Aqtau: 
      :city: Aktau
    :Asia/Aqtobe: 
      :city: Aktobe
    :Asia/Ashgabat: 
      :city: Asgabat
    :Asia/Atyrau: 
      :city: Atyrau
    :Asia/Baghdad: 
      :city: Bagdad
    :Asia/Bahrain: 
      :city: Bahrain
    :Asia/Baku: 
      :city: Baku
    :Asia/Bangkok: 
      :city: Bangkok
    :Asia/Barnaul: 
      :city: Barnaul
    :Asia/Beirut: 
      :city: Beirut
    :Asia/Bishkek: 
      :city: Bixkek
    :Asia/Brunei: 
      :city: Brunei
    :Asia/Calcutta: 
      :city: Kalkuta
    :Asia/Chita: 
      :city: Chita
    :Asia/Choibalsan: 
      :city: Txoibalsan
    :Asia/Colombo: 
      :city: Kolombo
    :Asia/Damascus: 
      :city: Damasko
    :Asia/Dhaka: 
      :city: Dhaka
    :Asia/Dili: 
      :city: Dili
    :Asia/Dubai: 
      :city: Dubai
    :Asia/Dushanbe: 
      :city: Duxanbe
    :Asia/Famagusta: 
      :city: Famagusta
    :Asia/Gaza: 
      :city: Gaza
    :Asia/Hebron: 
      :city: Hebron
    :Asia/Hong_Kong: 
      :city: "Hong Kong"
    :Asia/Hovd: 
      :city: Khovd
    :Asia/Irkutsk: 
      :city: Irkutsk
    :Asia/Jakarta: 
      :city: Jakarta
    :Asia/Jayapura: 
      :city: Jayapura
    :Asia/Jerusalem: 
      :city: Jerusalem
    :Asia/Kabul: 
      :city: Kabul
    :Asia/Kamchatka: 
      :city: Kamtxatka
    :Asia/Karachi: 
      :city: Karatxi
    :Asia/Katmandu: 
      :city: Katmandu
    :Asia/Khandyga: 
      :city: Khandiga
    :Asia/Krasnoyarsk: 
      :city: Krasnoiarsk
    :Asia/Kuala_Lumpur: 
      :city: "Kuala Lumpur"
    :Asia/Kuching: 
      :city: Kuching
    :Asia/Kuwait: 
      :city: Kuwait
    :Asia/Macau: 
      :city: Macau
    :Asia/Magadan: 
      :city: Magadan
    :Asia/Makassar: 
      :city: Makassar
    :Asia/Manila: 
      :city: Manila
    :Asia/Muscat: 
      :city: Maskat
    :Asia/Nicosia: 
      :city: Nikosia
    :Asia/Novokuznetsk: 
      :city: Novokuznetsk
    :Asia/Novosibirsk: 
      :city: Novosibirsk
    :Asia/Omsk: 
      :city: Omsk
    :Asia/Oral: 
      :city: Oral
    :Asia/Phnom_Penh: 
      :city: "Phnom Penh"
    :Asia/Pontianak: 
      :city: Pontianak
    :Asia/Pyongyang: 
      :city: Piongiang
    :Asia/Qatar: 
      :city: Qatar
    :Asia/Qostanay: 
      :city: Kostanay
    :Asia/Qyzylorda: 
      :city: Kyzylorda
    :Asia/Rangoon: 
      :city: Yangon
    :Asia/Riyadh: 
      :city: Riad
    :Asia/Saigon: 
      :city: "Ho Chi Minh"
    :Asia/Sakhalin: 
      :city: Sakhalin
    :Asia/Samarkand: 
      :city: Samarkanda
    :Asia/Seoul: 
      :city: Seul
    :Asia/Shanghai: 
      :city: Shanghai
    :Asia/Singapore: 
      :city: Singapur
    :Asia/Srednekolymsk: 
      :city: Srednekolimsk
    :Asia/Taipei: 
      :city: Taipei
    :Asia/Tashkent: 
      :city: Taxkent
    :Asia/Tbilisi: 
      :city: Tbilisi
    :Asia/Tehran: 
      :city: Teheran
    :Asia/Thimphu: 
      :city: Thimphu
    :Asia/Tokyo: 
      :city: Tokio
    :Asia/Tomsk: 
      :city: Tomsk
    :Asia/Ulaanbaatar: 
      :city: "Ulan Bator"
    :Asia/Urumqi: 
      :city: Ürümqi
    :Asia/Ust-Nera: 
      :city: Ust-Nera
    :Asia/Vientiane: 
      :city: Vientian
    :Asia/Vladivostok: 
      :city: Vladivostok
    :Asia/Yakutsk: 
      :city: Jakutsk
    :Asia/Yekaterinburg: 
      :city: Jekaterinburg
    :Asia/Yerevan: 
      :city: Erevan
    :Atlantic/Azores: 
      :city: Azoreak
    :Atlantic/Bermuda: 
      :city: Bermuda
    :Atlantic/Canary: 
      :city: Kanariak
    :Atlantic/Cape_Verde: 
      :city: "Cabo Verde"
    :Atlantic/Faeroe: 
      :city: Faroe
    :Atlantic/Madeira: 
      :city: Madeira
    :Atlantic/Reykjavik: 
      :city: Reykjavik
    :Atlantic/South_Georgia: 
      :city: "South Georgia"
    :Atlantic/St_Helena: 
      :city: "Santa Helena"
    :Atlantic/Stanley: 
      :city: Stanley
    :Australia/Adelaide: 
      :city: Adelaide
    :Australia/Brisbane: 
      :city: Brisbane
    :Australia/Broken_Hill: 
      :city: "Broken Hill"
    :Australia/Currie: 
      :city: Currie
    :Australia/Darwin: 
      :city: Darwin
    :Australia/Eucla: 
      :city: Eucla
    :Australia/Hobart: 
      :city: Hobart
    :Australia/Lindeman: 
      :city: Lindeman
    :Australia/Lord_Howe: 
      :city: "Lord Howe"
    :Australia/Melbourne: 
      :city: Melbourne
    :Australia/Perth: 
      :city: Perth
    :Australia/Sydney: 
      :city: Sydney
    :Etc/UTC: 
      :long: 
        :standard: "ordu unibertsal koordinatua"
      :short: 
        :standard: UTC
    :Etc/Unknown: 
      :city: "Hiri ezezaguna"
    :Europe/Amsterdam: 
      :city: Amsterdam
    :Europe/Andorra: 
      :city: Andorra
    :Europe/Astrakhan: 
      :city: Astrakhan
    :Europe/Athens: 
      :city: Atenas
    :Europe/Belgrade: 
      :city: Belgrad
    :Europe/Berlin: 
      :city: Berlin
    :Europe/Bratislava: 
      :city: Bratislava
    :Europe/Brussels: 
      :city: Brusela
    :Europe/Bucharest: 
      :city: Bukarest
    :Europe/Budapest: 
      :city: Budapest
    :Europe/Busingen: 
      :city: Büsingen
    :Europe/Chisinau: 
      :city: Chisinau
    :Europe/Copenhagen: 
      :city: Kopenhage
    :Europe/Dublin: 
      :city: Dublin
      :long: 
        :daylight: "Irlandako ordu estandarra"
    :Europe/Gibraltar: 
      :city: Gibraltar
    :Europe/Guernsey: 
      :city: Guernesey
    :Europe/Helsinki: 
      :city: Helsinki
    :Europe/Isle_of_Man: 
      :city: "Man uhartea"
    :Europe/Istanbul: 
      :city: Istanbul
    :Europe/Jersey: 
      :city: Jersey
    :Europe/Kaliningrad: 
      :city: Kaliningrad
    :Europe/Kiev: 
      :city: Kiev
    :Europe/Kirov: 
      :city: Kirov
    :Europe/Lisbon: 
      :city: Lisboa
    :Europe/Ljubljana: 
      :city: Ljubljana
    :Europe/London: 
      :city: Londres
      :long: 
        :daylight: "Londresko udako ordua"
    :Europe/Luxembourg: 
      :city: Luxenburgo
    :Europe/Madrid: 
      :city: Madril
    :Europe/Malta: 
      :city: Malta
    :Europe/Mariehamn: 
      :city: Mariehamn
    :Europe/Minsk: 
      :city: Minsk
    :Europe/Monaco: 
      :city: Monako
    :Europe/Moscow: 
      :city: Mosku
    :Europe/Oslo: 
      :city: Oslo
    :Europe/Paris: 
      :city: Paris
    :Europe/Podgorica: 
      :city: Podgorica
    :Europe/Prague: 
      :city: Praga
    :Europe/Riga: 
      :city: Riga
    :Europe/Rome: 
      :city: Erroma
    :Europe/Samara: 
      :city: Samara
    :Europe/San_Marino: 
      :city: "San Marino"
    :Europe/Sarajevo: 
      :city: Sarajevo
    :Europe/Saratov: 
      :city: Saratov
    :Europe/Simferopol: 
      :city: Simferopol
    :Europe/Skopje: 
      :city: Skopje
    :Europe/Sofia: 
      :city: Sofia
    :Europe/Stockholm: 
      :city: Stockholm
    :Europe/Tallinn: 
      :city: Tallinn
    :Europe/Tirane: 
      :city: Tirana
    :Europe/Ulyanovsk: 
      :city: Ulianovsk
    :Europe/Uzhgorod: 
      :city: Uzhhorod
    :Europe/Vaduz: 
      :city: Vaduz
    :Europe/Vatican: 
      :city: "Vatikano Hiria"
    :Europe/Vienna: 
      :city: Viena
    :Europe/Vilnius: 
      :city: Vilnius
    :Europe/Volgograd: 
      :city: Volgograd
    :Europe/Warsaw: 
      :city: Varsovia
    :Europe/Zagreb: 
      :city: Zagreb
    :Europe/Zaporozhye: 
      :city: Zaporozhye
    :Europe/Zurich: 
      :city: Zürich
    :Indian/Antananarivo: 
      :city: Antananarivo
    :Indian/Chagos: 
      :city: Chagos
    :Indian/Christmas: 
      :city: Christmas
    :Indian/Cocos: 
      :city: Cocos
    :Indian/Comoro: 
      :city: Comoro
    :Indian/Kerguelen: 
      :city: Kerguelen
    :Indian/Mahe: 
      :city: Mahé
    :Indian/Maldives: 
      :city: Maldivak
    :Indian/Mauritius: 
      :city: Maurizio
    :Indian/Mayotte: 
      :city: Mayotte
    :Indian/Reunion: 
      :city: Reunion
    :Pacific/Apia: 
      :city: Apia
    :Pacific/Auckland: 
      :city: Auckland
    :Pacific/Bougainville: 
      :city: Bougainville
    :Pacific/Chatham: 
      :city: Chatham
    :Pacific/Easter: 
      :city: "Pazko uhartea"
    :Pacific/Efate: 
      :city: Éfaté
    :Pacific/Enderbury: 
      :city: Enderbury
    :Pacific/Fakaofo: 
      :city: Fakaofo
    :Pacific/Fiji: 
      :city: Fiji
    :Pacific/Funafuti: 
      :city: Funafuti
    :Pacific/Galapagos: 
      :city: Galapagoak
    :Pacific/Gambier: 
      :city: Gambier
    :Pacific/Guadalcanal: 
      :city: Guadalcanal
    :Pacific/Guam: 
      :city: Guam
    :Pacific/Honolulu: 
      :city: Honolulu
    :Pacific/Johnston: 
      :city: Johnston
    :Pacific/Kiritimati: 
      :city: Kiritimati
    :Pacific/Kosrae: 
      :city: Kosrae
    :Pacific/Kwajalein: 
      :city: Kwajalein
    :Pacific/Majuro: 
      :city: Majuro
    :Pacific/Marquesas: 
      :city: Markesak
    :Pacific/Midway: 
      :city: Midway
    :Pacific/Nauru: 
      :city: Nauru
    :Pacific/Niue: 
      :city: Niue
    :Pacific/Norfolk: 
      :city: Norfolk
    :Pacific/Noumea: 
      :city: Nouméa
    :Pacific/Pago_Pago: 
      :city: "Pago Pago"
    :Pacific/Palau: 
      :city: Palau
    :Pacific/Pitcairn: 
      :city: Pitcairn
    :Pacific/Ponape: 
      :city: Pohnpei
    :Pacific/Port_Moresby: 
      :city: "Port Moresby"
    :Pacific/Rarotonga: 
      :city: Rarotonga
    :Pacific/Saipan: 
      :city: Saipan
    :Pacific/Tahiti: 
      :city: Tahiti
    :Pacific/Tarawa: 
      :city: Tarawa
    :Pacific/Tongatapu: 
      :city: Tongatapu
    :Pacific/Truk: 
      :city: Chuuk
    :Pacific/Wake: 
      :city: Wake
    :Pacific/Wallis: 
      :city: Wallis
