--- 
:et: 
  :formats: 
    :fallback_formats: 
      :generic: "{1} ({0})"
    :gmt_formats: 
      :generic: "GMT {0}"
    :gmt_zero_formats: 
      :generic: GMT
    :hour_formats: 
      :generic: "+HH:mm;−HH:mm"
    :region_formats: 
      :daylight: "{0} (+1)"
      :generic: "({0})"
      :standard: "{0} (+0)"
  :metazones: 
    :Acre: 
      :long: 
        :daylight: "Acre suveaeg"
        :generic: "Acre aeg"
        :standard: "Acre standardaeg"
    :Afghanistan: 
      :long: 
        :standard: "Afganistani aeg"
    :Africa_Central: 
      :long: 
        :standard: "Kesk-Aafrika aeg"
    :Africa_Eastern: 
      :long: 
        :standard: "Ida-Aafrika aeg"
    :Africa_Southern: 
      :long: 
        :standard: "Lõuna-Aafrika standardaeg"
    :Africa_Western: 
      :long: 
        :daylight: "Lääne-Aafrika suveaeg"
        :generic: "Lääne-Aafrika aeg"
        :standard: "Lääne-Aafrika standardaeg"
    :Alaska: 
      :long: 
        :daylight: "Alaska suveaeg"
        :generic: "Alaska aeg"
        :standard: "Alaska standardaeg"
    :Almaty: 
      :long: 
        :daylight: "Almatõ suveaeg"
        :generic: "Almatõ aeg"
        :standard: "Almatõ standardaeg"
    :Amazon: 
      :long: 
        :daylight: "Amazonase suveaeg"
        :generic: "Amazonase aeg"
        :standard: "Amazonase standardaeg"
    :America_Central: 
      :long: 
        :daylight: "Kesk-Ameerika suveaeg"
        :generic: "Kesk-Ameerika aeg"
        :standard: "Kesk-Ameerika standardaeg"
    :America_Eastern: 
      :long: 
        :daylight: "Idaranniku suveaeg"
        :generic: "Idaranniku aeg"
        :standard: "Idaranniku standardaeg"
    :America_Mountain: 
      :long: 
        :daylight: "Mäestikuvööndi suveaeg"
        :generic: "Mäestikuvööndi aeg"
        :standard: "Mäestikuvööndi standardaeg"
    :America_Pacific: 
      :long: 
        :daylight: "Vaikse ookeani suveaeg"
        :generic: "Vaikse ookeani aeg"
        :standard: "Vaikse ookeani standardaeg"
    :Anadyr: 
      :long: 
        :daylight: "Anadõri suveaeg"
        :generic: "Anadõri aeg"
        :standard: "Anadõri standardaeg"
    :Apia: 
      :long: 
        :daylight: "Apia suveaeg"
        :generic: "Apia aeg"
        :standard: "Apia standardaeg"
    :Aqtau: 
      :long: 
        :daylight: "Aktau suveaeg"
        :generic: "Aktau aeg"
        :standard: "Aktau standardaeg"
    :Aqtobe: 
      :long: 
        :daylight: "Aktöbe suveaeg"
        :generic: "Aktöbe aeg"
        :standard: "Aktöbe standardaeg"
    :Arabian: 
      :long: 
        :daylight: "Araabia suveaeg"
        :generic: "Araabia aeg"
        :standard: "Araabia standardaeg"
    :Argentina: 
      :long: 
        :daylight: "Argentina suveaeg"
        :generic: "Argentina aeg"
        :standard: "Argentina standardaeg"
    :Argentina_Western: 
      :long: 
        :daylight: "Lääne-Argentina suveaeg"
        :generic: "Lääne-Argentina aeg"
        :standard: "Lääne-Argentina standardaeg"
    :Armenia: 
      :long: 
        :daylight: "Armeenia suveaeg"
        :generic: "Armeenia aeg"
        :standard: "Armeenia standardaeg"
    :Atlantic: 
      :long: 
        :daylight: "Atlandi suveaeg"
        :generic: "Atlandi aeg"
        :standard: "Atlandi standardaeg"
    :Australia_Central: 
      :long: 
        :daylight: "Kesk-Austraalia suveaeg"
        :generic: "Kesk-Austraalia aeg"
        :standard: "Kesk-Austraalia standardaeg"
    :Australia_CentralWestern: 
      :long: 
        :daylight: "Austraalia Kesk-Lääne suveaeg"
        :generic: "Austraalia Kesk-Lääne aeg"
        :standard: "Austraalia Kesk-Lääne standardaeg"
    :Australia_Eastern: 
      :long: 
        :daylight: "Ida-Austraalia suveaeg"
        :generic: "Ida-Austraalia aeg"
        :standard: "Ida-Austraalia standardaeg"
    :Australia_Western: 
      :long: 
        :daylight: "Lääne-Austraalia suveaeg"
        :generic: "Lääne-Austraalia aeg"
        :standard: "Lääne-Austraalia standardaeg"
    :Azerbaijan: 
      :long: 
        :daylight: "Aserbaidžaani suveaeg"
        :generic: "Aserbaidžaani aeg"
        :standard: "Aserbaidžaani standardaeg"
    :Azores: 
      :long: 
        :daylight: "Assooride suveaeg"
        :generic: "Assooride aeg"
        :standard: "Assooride standardaeg"
    :Bangladesh: 
      :long: 
        :daylight: "Bangladeshi suveaeg"
        :generic: "Bangladeshi aeg"
        :standard: "Bangladeshi standardaeg"
    :Bhutan: 
      :long: 
        :standard: "Bhutani aeg"
    :Bolivia: 
      :long: 
        :standard: "Boliivia aeg"
    :Brasilia: 
      :long: 
        :daylight: "Brasiilia suveaeg"
        :generic: "Brasiilia aeg"
        :standard: "Brasiilia standardaeg"
    :Brunei: 
      :long: 
        :standard: "Brunei aeg"
    :Cape_Verde: 
      :long: 
        :daylight: "Roheneemesaarte suveaeg"
        :generic: "Roheneemesaarte aeg"
        :standard: "Roheneemesaarte standardaeg"
    :Casey: 
      :long: 
        :standard: "Casey aeg"
    :Chamorro: 
      :long: 
        :standard: "Tšamorro standardaeg"
    :Chatham: 
      :long: 
        :daylight: "Chathami suveaeg"
        :generic: "Chathami aeg"
        :standard: "Chathami standardaeg"
    :Chile: 
      :long: 
        :daylight: "Tšiili suveaeg"
        :generic: "Tšiili aeg"
        :standard: "Tšiili standardaeg"
    :China: 
      :long: 
        :daylight: "Hiina suveaeg"
        :generic: "Hiina aeg"
        :standard: "Hiina standardaeg"
    :Choibalsan: 
      :long: 
        :daylight: "Tšojbalsani suveaeg"
        :generic: "Tšojbalsani aeg"
        :standard: "Tšojbalsani standardaeg"
    :Christmas: 
      :long: 
        :standard: "Jõulusaare aeg"
    :Cocos: 
      :long: 
        :standard: "Kookossaarte aeg"
    :Colombia: 
      :long: 
        :daylight: "Colombia suveaeg"
        :generic: "Colombia aeg"
        :standard: "Colombia standardaeg"
    :Cook: 
      :long: 
        :daylight: "Cooki saarte osaline suveaeg"
        :generic: "Cooki saarte aeg"
        :standard: "Cooki saarte standardaeg"
    :Cuba: 
      :long: 
        :daylight: "Kuuba suveaeg"
        :generic: "Kuuba aeg"
        :standard: "Kuuba standardaeg"
    :Davis: 
      :long: 
        :standard: "Davise aeg"
    :DumontDUrville: 
      :long: 
        :standard: "Dumont-d’Urville’i aeg"
    :East_Timor: 
      :long: 
        :standard: "Ida-Timori aeg"
    :Easter: 
      :long: 
        :daylight: "Lihavõttesaare suveaeg"
        :generic: "Lihavõttesaare aeg"
        :standard: "Lihavõttesaare standardaeg"
    :Ecuador: 
      :long: 
        :standard: "Ecuadori aeg"
    :Europe_Central: 
      :long: 
        :daylight: "Kesk-Euroopa suveaeg"
        :generic: "Kesk-Euroopa aeg"
        :standard: "Kesk-Euroopa standardaeg"
    :Europe_Eastern: 
      :long: 
        :daylight: "Ida-Euroopa suveaeg"
        :generic: "Ida-Euroopa aeg"
        :standard: "Ida-Euroopa standardaeg"
    :Europe_Further_Eastern: 
      :long: 
        :standard: "Kaliningradi ja Valgevene aeg"
    :Europe_Western: 
      :long: 
        :daylight: "Lääne-Euroopa suveaeg"
        :generic: "Lääne-Euroopa aeg"
        :standard: "Lääne-Euroopa standardaeg"
    :Falkland: 
      :long: 
        :daylight: "Falklandi saarte suveaeg"
        :generic: "Falklandi saarte aeg"
        :standard: "Falklandi saarte standardaeg"
    :Fiji: 
      :long: 
        :daylight: "Fidži suveaeg"
        :generic: "Fidži aeg"
        :standard: "Fidži standardaeg"
    :French_Guiana: 
      :long: 
        :standard: "Prantsuse Guajaana aeg"
    :French_Southern: 
      :long: 
        :standard: "Prantsuse Antarktiliste ja Lõunaalade aeg"
    :GMT: 
      :long: 
        :standard: "Greenwichi aeg"
    :Galapagos: 
      :long: 
        :standard: "Galapagose aeg"
    :Gambier: 
      :long: 
        :standard: "Gambier’ aeg"
    :Georgia: 
      :long: 
        :daylight: "Gruusia suveaeg"
        :generic: "Gruusia aeg"
        :standard: "Gruusia standardaeg"
    :Gilbert_Islands: 
      :long: 
        :standard: "Gilberti saarte aeg"
    :Greenland_Eastern: 
      :long: 
        :daylight: "Ida-Gröönimaa suveaeg"
        :generic: "Ida-Gröönimaa aeg"
        :standard: "Ida-Gröönimaa standardaeg"
    :Greenland_Western: 
      :long: 
        :daylight: "Lääne-Gröönimaa suveaeg"
        :generic: "Lääne-Gröönimaa aeg"
        :standard: "Lääne-Gröönimaa standardaeg"
    :Guam: 
      :long: 
        :standard: "Guami standardaeg"
    :Gulf: 
      :long: 
        :standard: "Pärsia lahe standardaeg"
    :Guyana: 
      :long: 
        :standard: "Guyana aeg"
    :Hawaii_Aleutian: 
      :long: 
        :daylight: "Hawaii-Aleuudi suveaeg"
        :generic: "Hawaii-Aleuudi aeg"
        :standard: "Hawaii-Aleuudi standardaeg"
    :Hong_Kong: 
      :long: 
        :daylight: "Hongkongi suveaeg"
        :generic: "Hongkongi aeg"
        :standard: "Hongkongi standardaeg"
    :Hovd: 
      :long: 
        :daylight: "Hovdi suveaeg"
        :generic: "Hovdi aeg"
        :standard: "Hovdi standardaeg"
    :India: 
      :long: 
        :standard: "India aeg"
    :Indian_Ocean: 
      :long: 
        :standard: "India ookeani aeg"
    :Indochina: 
      :long: 
        :standard: "Indohiina aeg"
    :Indonesia_Central: 
      :long: 
        :standard: "Kesk-Indoneesia aeg"
    :Indonesia_Eastern: 
      :long: 
        :standard: "Ida-Indoneesia aeg"
    :Indonesia_Western: 
      :long: 
        :standard: "Lääne-Indoneesia aeg"
    :Iran: 
      :long: 
        :daylight: "Iraani suveaeg"
        :generic: "Iraani aeg"
        :standard: "Iraani standardaeg"
    :Irkutsk: 
      :long: 
        :daylight: "Irkutski suveaeg"
        :generic: "Irkutski aeg"
        :standard: "Irkutski standardaeg"
    :Israel: 
      :long: 
        :daylight: "Iisraeli suveaeg"
        :generic: "Iisraeli aeg"
        :standard: "Iisraeli standardaeg"
    :Japan: 
      :long: 
        :daylight: "Jaapani suveaeg"
        :generic: "Jaapani aeg"
        :standard: "Jaapani standardaeg"
    :Kamchatka: 
      :long: 
        :daylight: "Kamtšatka suveaeg"
        :generic: "Petropavlovsk-Kamtšatski aeg"
        :standard: "Kamtšatka standardaeg"
    :Kazakhstan_Eastern: 
      :long: 
        :standard: "Ida-Kasahstani aeg"
    :Kazakhstan_Western: 
      :long: 
        :standard: "Lääne-Kasahstani aeg"
    :Korea: 
      :long: 
        :daylight: "Korea suveaeg"
        :generic: "Korea aeg"
        :standard: "Korea standardaeg"
    :Kosrae: 
      :long: 
        :standard: "Kosrae aeg"
    :Krasnoyarsk: 
      :long: 
        :daylight: "Krasnojarski suveaeg"
        :generic: "Krasnojarski aeg"
        :standard: "Krasnojarski standardaeg"
    :Kyrgystan: 
      :long: 
        :standard: "Kõrgõzstani aeg"
    :Lanka: 
      :long: 
        :standard: "Sri Lanka aeg"
    :Line_Islands: 
      :long: 
        :standard: "Line’i saarte aeg"
    :Lord_Howe: 
      :long: 
        :daylight: "Lord Howe’i suveaeg"
        :generic: "Lord Howe’i aeg"
        :standard: "Lord Howe’i standardaeg"
    :Macau: 
      :long: 
        :daylight: "Macau suveaeg"
        :generic: "Macau aeg"
        :standard: "Macau standardaeg"
    :Macquarie: 
      :long: 
        :standard: "Macquarie saare aeg"
    :Magadan: 
      :long: 
        :daylight: "Magadani suveaeg"
        :generic: "Magadani aeg"
        :standard: "Magadani standardaeg"
    :Malaysia: 
      :long: 
        :standard: "Malaisia aeg"
    :Maldives: 
      :long: 
        :standard: "Maldiivi aeg"
    :Marquesas: 
      :long: 
        :standard: "Markiisaarte aeg"
    :Marshall_Islands: 
      :long: 
        :standard: "Marshalli Saarte aeg"
    :Mauritius: 
      :long: 
        :daylight: "Mauritiuse suveaeg"
        :generic: "Mauritiuse aeg"
        :standard: "Mauritiuse standardaeg"
    :Mawson: 
      :long: 
        :standard: "Mawsoni aeg"
    :Mexico_Northwest: 
      :long: 
        :daylight: "Loode-Mehhiko suveaeg"
        :generic: "Loode-Mehhiko aeg"
        :standard: "Loode-Mehhiko standardaeg"
    :Mexico_Pacific: 
      :long: 
        :daylight: "Mehhiko Vaikse ookeani suveaeg"
        :generic: "Mehhiko Vaikse ookeani aeg"
        :standard: "Mehhiko Vaikse ookeani standardaeg"
    :Mongolia: 
      :long: 
        :daylight: "Ulaanbaatari suveaeg"
        :generic: "Ulaanbaatari aeg"
        :standard: "Ulaanbaatari standardaeg"
    :Moscow: 
      :long: 
        :daylight: "Moskva suveaeg"
        :generic: "Moskva aeg"
        :standard: "Moskva standardaeg"
    :Myanmar: 
      :long: 
        :standard: "Birma aeg"
    :Nauru: 
      :long: 
        :standard: "Nauru aeg"
    :Nepal: 
      :long: 
        :standard: "Nepali aeg"
    :New_Caledonia: 
      :long: 
        :daylight: "Uus-Kaledoonia suveaeg"
        :generic: "Uus-Kaledoonia aeg"
        :standard: "Uus-Kaledoonia standardaeg"
    :New_Zealand: 
      :long: 
        :daylight: "Uus-Meremaa suveaeg"
        :generic: "Uus-Meremaa aeg"
        :standard: "Uus-Meremaa standardaeg"
    :Newfoundland: 
      :long: 
        :daylight: "Newfoundlandi suveaeg"
        :generic: "Newfoundlandi aeg"
        :standard: "Newfoundlandi standardaeg"
    :Niue: 
      :long: 
        :standard: "Niue aeg"
    :Norfolk: 
      :long: 
        :daylight: "Norfolki saare suveaeg"
        :generic: "Norfolki saare aeg"
        :standard: "Norfolki saare standardaeg"
    :Noronha: 
      :long: 
        :daylight: "Fernando de Noronha suveaeg"
        :generic: "Fernando de Noronha aeg"
        :standard: "Fernando de Noronha standardaeg"
    :North_Mariana: 
      :long: 
        :standard: "Põhja-Mariaani aeg"
    :Novosibirsk: 
      :long: 
        :daylight: "Novosibirski suveaeg"
        :generic: "Novosibirski aeg"
        :standard: "Novosibirski standardaeg"
    :Omsk: 
      :long: 
        :daylight: "Omski suveaeg"
        :generic: "Omski aeg"
        :standard: "Omski standardaeg"
    :Pakistan: 
      :long: 
        :daylight: "Pakistani suveaeg"
        :generic: "Pakistani aeg"
        :standard: "Pakistani standardaeg"
    :Palau: 
      :long: 
        :standard: "Belau aeg"
    :Papua_New_Guinea: 
      :long: 
        :standard: "Paapua Uus-Guinea aeg"
    :Paraguay: 
      :long: 
        :daylight: "Paraguay suveaeg"
        :generic: "Paraguay aeg"
        :standard: "Paraguay standardaeg"
    :Peru: 
      :long: 
        :daylight: "Peruu suveaeg"
        :generic: "Peruu aeg"
        :standard: "Peruu standardaeg"
    :Philippines: 
      :long: 
        :daylight: "Filipiini suveaeg"
        :generic: "Filipiini aeg"
        :standard: "Filipiini standardaeg"
    :Phoenix_Islands: 
      :long: 
        :standard: "Fööniksisaarte aeg"
    :Pierre_Miquelon: 
      :long: 
        :daylight: "Saint-Pierre’i ja Miqueloni suveaeg"
        :generic: "Saint-Pierre’i ja Miqueloni aeg"
        :standard: "Saint-Pierre’i ja Miqueloni standardaeg"
    :Pitcairn: 
      :long: 
        :standard: "Pitcairni aeg"
    :Ponape: 
      :long: 
        :standard: "Pohnpei aeg"
    :Pyongyang: 
      :long: 
        :standard: "Pyongyangi aeg"
    :Qyzylorda: 
      :long: 
        :daylight: "Kõzõlorda suveaeg"
        :generic: "Kõzõlorda aeg"
        :standard: "Kõzõlorda standardaeg"
    :Reunion: 
      :long: 
        :standard: "Réunioni aeg"
    :Rothera: 
      :long: 
        :standard: "Rothera aeg"
    :Sakhalin: 
      :long: 
        :daylight: "Sahhalini suveaeg"
        :generic: "Sahhalini aeg"
        :standard: "Sahhalini standardaeg"
    :Samara: 
      :long: 
        :daylight: "Samara suveaeg"
        :generic: "Samara aeg"
        :standard: "Samara standardaeg"
    :Samoa: 
      :long: 
        :daylight: "Samoa suveaeg"
        :generic: "Samoa aeg"
        :standard: "Samoa standardaeg"
    :Seychelles: 
      :long: 
        :standard: "Seišelli aeg"
    :Singapore: 
      :long: 
        :standard: "Singapuri standardaeg"
    :Solomon: 
      :long: 
        :standard: "Saalomoni Saarte aeg"
    :South_Georgia: 
      :long: 
        :standard: "Lõuna-Georgia aeg"
    :Suriname: 
      :long: 
        :standard: "Suriname aeg"
    :Syowa: 
      :long: 
        :standard: "Syowa aeg"
    :Tahiti: 
      :long: 
        :standard: "Tahiti aeg"
    :Taipei: 
      :long: 
        :daylight: "Taipei suveaeg"
        :generic: "Taipei aeg"
        :standard: "Taipei standardaeg"
    :Tajikistan: 
      :long: 
        :standard: "Tadžikistani aeg"
    :Tokelau: 
      :long: 
        :standard: "Tokelau aeg"
    :Tonga: 
      :long: 
        :daylight: "Tonga suveaeg"
        :generic: "Tonga aeg"
        :standard: "Tonga standardaeg"
    :Truk: 
      :long: 
        :standard: "Chuuki aeg"
    :Turkmenistan: 
      :long: 
        :daylight: "Türkmenistani suveaeg"
        :generic: "Türkmenistani aeg"
        :standard: "Türkmenistani standardaeg"
    :Tuvalu: 
      :long: 
        :standard: "Tuvalu aeg"
    :Uruguay: 
      :long: 
        :daylight: "Uruguay suveaeg"
        :generic: "Uruguay aeg"
        :standard: "Uruguay standardaeg"
    :Uzbekistan: 
      :long: 
        :daylight: "Usbekistani suveaeg"
        :generic: "Usbekistani aeg"
        :standard: "Usbekistani standardaeg"
    :Vanuatu: 
      :long: 
        :daylight: "Vanuatu suveaeg"
        :generic: "Vanuatu aeg"
        :standard: "Vanuatu standardaeg"
    :Venezuela: 
      :long: 
        :standard: "Venezuela aeg"
    :Vladivostok: 
      :long: 
        :daylight: "Vladivostoki suveaeg"
        :generic: "Vladivostoki aeg"
        :standard: "Vladivostoki standardaeg"
    :Volgograd: 
      :long: 
        :daylight: "Volgogradi suveaeg"
        :generic: "Volgogradi aeg"
        :standard: "Volgogradi standardaeg"
    :Vostok: 
      :long: 
        :standard: "Vostoki aeg"
    :Wake: 
      :long: 
        :standard: "Wake’i aeg"
    :Wallis: 
      :long: 
        :standard: "Wallise ja Futuna aeg"
    :Yakutsk: 
      :long: 
        :daylight: "Jakutski suveaeg"
        :generic: "Jakutski aeg"
        :standard: "Jakutski standardaeg"
    :Yekaterinburg: 
      :long: 
        :daylight: "Jekaterinburgi suveaeg"
        :generic: "Jekaterinburgi aeg"
        :standard: "Jekaterinburgi standardaeg"
  :timezones: 
    :Africa/Abidjan: 
      :city: Abidjan
    :Africa/Accra: 
      :city: Accra
    :Africa/Addis_Ababa: 
      :city: "Addis Abeba"
    :Africa/Algiers: 
      :city: Alžiir
    :Africa/Asmera: 
      :city: Asmara
    :Africa/Bamako: 
      :city: Bamako
    :Africa/Bangui: 
      :city: Bangui
    :Africa/Banjul: 
      :city: Banjul
    :Africa/Bissau: 
      :city: Bissau
    :Africa/Blantyre: 
      :city: Blantyre
    :Africa/Brazzaville: 
      :city: Brazzaville
    :Africa/Bujumbura: 
      :city: Bujumbura
    :Africa/Cairo: 
      :city: Kairo
    :Africa/Casablanca: 
      :city: Casablanca
    :Africa/Ceuta: 
      :city: Ceuta
    :Africa/Conakry: 
      :city: Conakry
    :Africa/Dakar: 
      :city: Dakar
    :Africa/Dar_es_Salaam: 
      :city: "Dar es Salaam"
    :Africa/Djibouti: 
      :city: Djibouti
    :Africa/Douala: 
      :city: Douala
    :Africa/El_Aaiun: 
      :city: "El Aaiun"
    :Africa/Freetown: 
      :city: Freetown
    :Africa/Gaborone: 
      :city: Gaborone
    :Africa/Harare: 
      :city: Harare
    :Africa/Johannesburg: 
      :city: Johannesburg
    :Africa/Juba: 
      :city: Juba
    :Africa/Kampala: 
      :city: Kampala
    :Africa/Khartoum: 
      :city: Hartum
    :Africa/Kigali: 
      :city: Kigali
    :Africa/Kinshasa: 
      :city: Kinshasa
    :Africa/Lagos: 
      :city: Lagos
    :Africa/Libreville: 
      :city: Libreville
    :Africa/Lome: 
      :city: Lome
    :Africa/Luanda: 
      :city: Luanda
    :Africa/Lubumbashi: 
      :city: Lubumbashi
    :Africa/Lusaka: 
      :city: Lusaka
    :Africa/Malabo: 
      :city: Malabo
    :Africa/Maputo: 
      :city: Maputo
    :Africa/Maseru: 
      :city: Maseru
    :Africa/Mbabane: 
      :city: Mbabane
    :Africa/Mogadishu: 
      :city: Mogadishu
    :Africa/Monrovia: 
      :city: Monrovia
    :Africa/Nairobi: 
      :city: Nairobi
    :Africa/Ndjamena: 
      :city: N’Djamena
    :Africa/Niamey: 
      :city: Niamey
    :Africa/Nouakchott: 
      :city: Nouakchott
    :Africa/Ouagadougou: 
      :city: Ouagadougou
    :Africa/Porto-Novo: 
      :city: Porto-Novo
    :Africa/Sao_Tome: 
      :city: "São Tomé"
    :Africa/Tripoli: 
      :city: Tripoli
    :Africa/Tunis: 
      :city: Tunis
    :Africa/Windhoek: 
      :city: Windhoek
    :America/Adak: 
      :city: Adak
    :America/Anchorage: 
      :city: Anchorage
    :America/Anguilla: 
      :city: Anguilla
    :America/Antigua: 
      :city: Antigua
    :America/Araguaina: 
      :city: Araguaína
    :America/Argentina/La_Rioja: 
      :city: "La Rioja"
    :America/Argentina/Rio_Gallegos: 
      :city: "Río Gallegos"
    :America/Argentina/Salta: 
      :city: Salta
    :America/Argentina/San_Juan: 
      :city: "San Juan"
    :America/Argentina/San_Luis: 
      :city: "San Luis"
    :America/Argentina/Tucuman: 
      :city: Tucumán
    :America/Argentina/Ushuaia: 
      :city: Ushuaia
    :America/Aruba: 
      :city: Aruba
    :America/Asuncion: 
      :city: Asunción
    :America/Bahia: 
      :city: Bahia
    :America/Bahia_Banderas: 
      :city: "Bahia Banderas"
    :America/Barbados: 
      :city: Barbados
    :America/Belem: 
      :city: Belém
    :America/Belize: 
      :city: Belize
    :America/Blanc-Sablon: 
      :city: Blanc-Sablon
    :America/Boa_Vista: 
      :city: "Boa Vista"
    :America/Bogota: 
      :city: Bogotá
    :America/Boise: 
      :city: Boise
    :America/Buenos_Aires: 
      :city: "Buenos Aires"
    :America/Cambridge_Bay: 
      :city: "Cambridge Bay"
    :America/Campo_Grande: 
      :city: "Campo Grande"
    :America/Cancun: 
      :city: Cancún
    :America/Caracas: 
      :city: Caracas
    :America/Catamarca: 
      :city: Catamarca
    :America/Cayenne: 
      :city: Cayenne
    :America/Cayman: 
      :city: Cayman
    :America/Chicago: 
      :city: Chicago
    :America/Chihuahua: 
      :city: Chihuahua
    :America/Coral_Harbour: 
      :city: Atikokan
    :America/Cordoba: 
      :city: Córdoba
    :America/Costa_Rica: 
      :city: "Costa Rica"
    :America/Creston: 
      :city: Creston
    :America/Cuiaba: 
      :city: Cuiabá
    :America/Curacao: 
      :city: Curaçao
    :America/Danmarkshavn: 
      :city: Danmarkshavn
    :America/Dawson: 
      :city: Dawson
    :America/Dawson_Creek: 
      :city: "Dawson Creek"
    :America/Denver: 
      :city: Denver
    :America/Detroit: 
      :city: Detroit
    :America/Dominica: 
      :city: Dominica
    :America/Edmonton: 
      :city: Edmonton
    :America/Eirunepe: 
      :city: Eirunepé
    :America/El_Salvador: 
      :city: "El Salvador"
    :America/Fort_Nelson: 
      :city: "Fort Nelson"
    :America/Fortaleza: 
      :city: Fortaleza
    :America/Glace_Bay: 
      :city: "Glace Bay"
    :America/Godthab: 
      :city: Nuuk
    :America/Goose_Bay: 
      :city: "Goose Bay"
    :America/Grand_Turk: 
      :city: "Grand Turk"
    :America/Grenada: 
      :city: Grenada
    :America/Guadeloupe: 
      :city: Guadeloupe
    :America/Guatemala: 
      :city: Guatemala
    :America/Guayaquil: 
      :city: Guayaquil
    :America/Guyana: 
      :city: Guyana
    :America/Halifax: 
      :city: Halifax
    :America/Havana: 
      :city: Havanna
    :America/Hermosillo: 
      :city: Hermosillo
    :America/Indiana/Knox: 
      :city: "Knox, Indiana"
    :America/Indiana/Marengo: 
      :city: "Marengo, Indiana"
    :America/Indiana/Petersburg: 
      :city: "Petersburg, Indiana"
    :America/Indiana/Tell_City: 
      :city: "Tell City, Indiana"
    :America/Indiana/Vevay: 
      :city: "Vevay, Indiana"
    :America/Indiana/Vincennes: 
      :city: "Vincennes, Indiana"
    :America/Indiana/Winamac: 
      :city: "Winamac, Indiana"
    :America/Indianapolis: 
      :city: Indianapolis
    :America/Inuvik: 
      :city: Inuvik
    :America/Iqaluit: 
      :city: Iqaluit
    :America/Jamaica: 
      :city: Jamaica
    :America/Jujuy: 
      :city: Jujuy
    :America/Juneau: 
      :city: Juneau
    :America/Kentucky/Monticello: 
      :city: "Monticello, Kentucky"
    :America/Kralendijk: 
      :city: Kralendijk
    :America/La_Paz: 
      :city: "La Paz"
    :America/Lima: 
      :city: Lima
    :America/Los_Angeles: 
      :city: "Los Angeles"
    :America/Louisville: 
      :city: Louisville
    :America/Lower_Princes: 
      :city: "Lower Prince’s Quarter"
    :America/Maceio: 
      :city: Maceió
    :America/Managua: 
      :city: Managua
    :America/Manaus: 
      :city: Manaus
    :America/Marigot: 
      :city: Marigot
    :America/Martinique: 
      :city: Martinique
    :America/Matamoros: 
      :city: Matamoros
    :America/Mazatlan: 
      :city: Mazatlán
    :America/Mendoza: 
      :city: Mendoza
    :America/Menominee: 
      :city: Menominee
    :America/Merida: 
      :city: Mérida
    :America/Metlakatla: 
      :city: Metlakatla
    :America/Mexico_City: 
      :city: México
    :America/Miquelon: 
      :city: Miquelon
    :America/Moncton: 
      :city: Moncton
    :America/Monterrey: 
      :city: Monterrey
    :America/Montevideo: 
      :city: Montevideo
    :America/Montserrat: 
      :city: Montserrat
    :America/Nassau: 
      :city: Nassau
    :America/New_York: 
      :city: "New York"
    :America/Nipigon: 
      :city: Nipigon
    :America/Nome: 
      :city: Nome
    :America/Noronha: 
      :city: Noronha
    :America/North_Dakota/Beulah: 
      :city: "Beulah, Põhja-Dakota"
    :America/North_Dakota/Center: 
      :city: "Center, Põhja-Dakota"
    :America/North_Dakota/New_Salem: 
      :city: "New Salem, Põhja-Dakota"
    :America/Ojinaga: 
      :city: Ojinaga
    :America/Panama: 
      :city: Panama
    :America/Pangnirtung: 
      :city: Pangnirtung
    :America/Paramaribo: 
      :city: Paramaribo
    :America/Phoenix: 
      :city: Phoenix
    :America/Port-au-Prince: 
      :city: Port-au-Prince
    :America/Port_of_Spain: 
      :city: "Port of Spain"
    :America/Porto_Velho: 
      :city: "Porto Velho"
    :America/Puerto_Rico: 
      :city: "Puerto Rico"
    :America/Punta_Arenas: 
      :city: "Punta Arenas"
    :America/Rainy_River: 
      :city: "Rainy River"
    :America/Rankin_Inlet: 
      :city: "Rankin Inlet"
    :America/Recife: 
      :city: Recife
    :America/Regina: 
      :city: Regina
    :America/Resolute: 
      :city: Resolute
    :America/Rio_Branco: 
      :city: "Rio Branco"
    :America/Santa_Isabel: 
      :city: "Santa Isabel"
    :America/Santarem: 
      :city: Santarém
    :America/Santiago: 
      :city: Santiago
    :America/Santo_Domingo: 
      :city: "Santo Domingo"
    :America/Sao_Paulo: 
      :city: "São Paulo"
    :America/Scoresbysund: 
      :city: Ittoqqortoormiit
    :America/Sitka: 
      :city: Sitka
    :America/St_Barthelemy: 
      :city: Saint-Barthélemy
    :America/St_Johns: 
      :city: "Saint John’s"
    :America/St_Kitts: 
      :city: "Saint Kitts"
    :America/St_Lucia: 
      :city: "Saint Lucia"
    :America/St_Thomas: 
      :city: "Saint Thomas"
    :America/St_Vincent: 
      :city: "Saint Vincent"
    :America/Swift_Current: 
      :city: "Swift Current"
    :America/Tegucigalpa: 
      :city: Tegucigalpa
    :America/Thule: 
      :city: Thule
    :America/Thunder_Bay: 
      :city: "Thunder Bay"
    :America/Tijuana: 
      :city: Tijuana
    :America/Toronto: 
      :city: Toronto
    :America/Tortola: 
      :city: Tortola
    :America/Vancouver: 
      :city: Vancouver
    :America/Whitehorse: 
      :city: Whitehorse
    :America/Winnipeg: 
      :city: Winnipeg
    :America/Yakutat: 
      :city: Yakutat
    :America/Yellowknife: 
      :city: Yellowknife
    :Antarctica/Casey: 
      :city: Casey
    :Antarctica/Davis: 
      :city: Davis
    :Antarctica/DumontDUrville: 
      :city: "Dumont d’Urville"
    :Antarctica/Macquarie: 
      :city: Macquarie
    :Antarctica/Mawson: 
      :city: Mawson
    :Antarctica/McMurdo: 
      :city: McMurdo
    :Antarctica/Palmer: 
      :city: Palmer
    :Antarctica/Rothera: 
      :city: Rothera
    :Antarctica/Syowa: 
      :city: Syowa
    :Antarctica/Troll: 
      :city: Troll
    :Antarctica/Vostok: 
      :city: Vostok
    :Arctic/Longyearbyen: 
      :city: Longyearbyen
    :Asia/Aden: 
      :city: Aden
    :Asia/Almaty: 
      :city: Almatõ
    :Asia/Amman: 
      :city: Amman
    :Asia/Anadyr: 
      :city: Anadõr
    :Asia/Aqtau: 
      :city: Aktau
    :Asia/Aqtobe: 
      :city: Aktöbe
    :Asia/Ashgabat: 
      :city: Aşgabat
    :Asia/Atyrau: 
      :city: Atõrau
    :Asia/Baghdad: 
      :city: Bagdad
    :Asia/Bahrain: 
      :city: Bahrein
    :Asia/Baku: 
      :city: Bakuu
    :Asia/Bangkok: 
      :city: Bangkok
    :Asia/Barnaul: 
      :city: Barnaul
    :Asia/Beirut: 
      :city: Beirut
    :Asia/Bishkek: 
      :city: Biškek
    :Asia/Brunei: 
      :city: Brunei
    :Asia/Calcutta: 
      :city: Kolkata
    :Asia/Chita: 
      :city: Tšita
    :Asia/Choibalsan: 
      :city: Tšojbalsan
    :Asia/Colombo: 
      :city: Colombo
    :Asia/Damascus: 
      :city: Damaskus
    :Asia/Dhaka: 
      :city: Dhaka
    :Asia/Dili: 
      :city: Dili
    :Asia/Dubai: 
      :city: Dubai
    :Asia/Dushanbe: 
      :city: Dušanbe
    :Asia/Famagusta: 
      :city: Famagusta
    :Asia/Gaza: 
      :city: Gaza
    :Asia/Hebron: 
      :city: Hebron
    :Asia/Hong_Kong: 
      :city: Hongkong
    :Asia/Hovd: 
      :city: Hovd
    :Asia/Irkutsk: 
      :city: Irkutsk
    :Asia/Jakarta: 
      :city: Jakarta
    :Asia/Jayapura: 
      :city: Jayapura
    :Asia/Jerusalem: 
      :city: Jeruusalemm
    :Asia/Kabul: 
      :city: Kabul
    :Asia/Kamchatka: 
      :city: Kamtšatka
    :Asia/Karachi: 
      :city: Karachi
    :Asia/Katmandu: 
      :city: Katmandu
    :Asia/Khandyga: 
      :city: Handõga
    :Asia/Krasnoyarsk: 
      :city: Krasnojarsk
    :Asia/Kuala_Lumpur: 
      :city: "Kuala Lumpur"
    :Asia/Kuching: 
      :city: Kuching
    :Asia/Kuwait: 
      :city: Kuveit
    :Asia/Macau: 
      :city: Macau
    :Asia/Magadan: 
      :city: Magadan
    :Asia/Makassar: 
      :city: Makassar
    :Asia/Manila: 
      :city: Manila
    :Asia/Muscat: 
      :city: Masqaţ
    :Asia/Nicosia: 
      :city: Nikosia
    :Asia/Novokuznetsk: 
      :city: Novokuznetsk
    :Asia/Novosibirsk: 
      :city: Novosibirsk
    :Asia/Omsk: 
      :city: Omsk
    :Asia/Oral: 
      :city: Oral
    :Asia/Phnom_Penh: 
      :city: "Phnom Penh"
    :Asia/Pontianak: 
      :city: Pontianak
    :Asia/Pyongyang: 
      :city: Pyongyang
    :Asia/Qatar: 
      :city: Katar
    :Asia/Qostanay: 
      :city: Kostanaj
    :Asia/Qyzylorda: 
      :city: Kõzõlorda
    :Asia/Rangoon: 
      :city: Yangon
    :Asia/Riyadh: 
      :city: Ar-Riyāḑ
    :Asia/Saigon: 
      :city: "Ho Chi Minh"
    :Asia/Sakhalin: 
      :city: Sahhalin
    :Asia/Samarkand: 
      :city: Samarkand
    :Asia/Seoul: 
      :city: Soul
    :Asia/Shanghai: 
      :city: Shanghai
    :Asia/Singapore: 
      :city: Singapur
    :Asia/Srednekolymsk: 
      :city: Srednekolõmsk
    :Asia/Taipei: 
      :city: Taipei
    :Asia/Tashkent: 
      :city: Taškent
    :Asia/Tbilisi: 
      :city: Thbilisi
    :Asia/Tehran: 
      :city: Teheran
    :Asia/Thimphu: 
      :city: Thimphu
    :Asia/Tokyo: 
      :city: Tōkyō
    :Asia/Tomsk: 
      :city: Tomsk
    :Asia/Ulaanbaatar: 
      :city: Ulaanbaatar
    :Asia/Urumqi: 
      :city: Ürümqi
    :Asia/Ust-Nera: 
      :city: Ust-Nera
    :Asia/Vientiane: 
      :city: Vientiane
    :Asia/Vladivostok: 
      :city: Vladivostok
    :Asia/Yakutsk: 
      :city: Jakutsk
    :Asia/Yekaterinburg: 
      :city: Jekaterinburg
    :Asia/Yerevan: 
      :city: Jerevan
    :Atlantic/Azores: 
      :city: Assoorid
    :Atlantic/Bermuda: 
      :city: Bermuda
    :Atlantic/Canary: 
      :city: "Kanaari saared"
    :Atlantic/Cape_Verde: 
      :city: Roheneemesaared
    :Atlantic/Faeroe: 
      :city: "Fääri saared"
    :Atlantic/Madeira: 
      :city: Madeira
    :Atlantic/Reykjavik: 
      :city: Reykjavík
    :Atlantic/South_Georgia: 
      :city: Lõuna-Georgia
    :Atlantic/St_Helena: 
      :city: "Saint Helena"
    :Atlantic/Stanley: 
      :city: Stanley
    :Australia/Adelaide: 
      :city: Adelaide
    :Australia/Brisbane: 
      :city: Brisbane
    :Australia/Broken_Hill: 
      :city: "Broken Hill"
    :Australia/Currie: 
      :city: Currie
    :Australia/Darwin: 
      :city: Darwin
    :Australia/Eucla: 
      :city: Eucla
    :Australia/Hobart: 
      :city: Hobart
    :Australia/Lindeman: 
      :city: Lindeman
    :Australia/Lord_Howe: 
      :city: "Lord Howe"
    :Australia/Melbourne: 
      :city: Melbourne
    :Australia/Perth: 
      :city: Perth
    :Australia/Sydney: 
      :city: Sydney
    :Etc/UTC: 
      :long: 
        :standard: "Koordineeritud maailmaaeg"
      :short: 
        :standard: UTC
    :Etc/Unknown: 
      :city: "määramata linn"
    :Europe/Amsterdam: 
      :city: Amsterdam
    :Europe/Andorra: 
      :city: Andorra
    :Europe/Astrakhan: 
      :city: Astrahan
    :Europe/Athens: 
      :city: Ateena
    :Europe/Belgrade: 
      :city: Belgrad
    :Europe/Berlin: 
      :city: Berliin
    :Europe/Bratislava: 
      :city: Bratislava
    :Europe/Brussels: 
      :city: Brüssel
    :Europe/Bucharest: 
      :city: Bukarest
    :Europe/Budapest: 
      :city: Budapest
    :Europe/Busingen: 
      :city: Büsingen
    :Europe/Chisinau: 
      :city: Chișinău
    :Europe/Copenhagen: 
      :city: Kopenhaagen
    :Europe/Dublin: 
      :city: Dublin
      :long: 
        :daylight: "Iiri suveaeg"
    :Europe/Gibraltar: 
      :city: Gibraltar
    :Europe/Guernsey: 
      :city: Guernsey
    :Europe/Helsinki: 
      :city: Helsingi
    :Europe/Isle_of_Man: 
      :city: "Mani saar"
    :Europe/Istanbul: 
      :city: İstanbul
    :Europe/Jersey: 
      :city: Jersey
    :Europe/Kaliningrad: 
      :city: Kaliningrad
    :Europe/Kiev: 
      :city: Kiiev
    :Europe/Kirov: 
      :city: Kirov
    :Europe/Lisbon: 
      :city: Lissabon
    :Europe/Ljubljana: 
      :city: Ljubljana
    :Europe/London: 
      :city: London
      :long: 
        :daylight: "Briti suveaeg"
    :Europe/Luxembourg: 
      :city: Luxembourg
    :Europe/Madrid: 
      :city: Madrid
    :Europe/Malta: 
      :city: Malta
    :Europe/Mariehamn: 
      :city: Maarianhamina
    :Europe/Minsk: 
      :city: Minsk
    :Europe/Monaco: 
      :city: Monaco
    :Europe/Moscow: 
      :city: Moskva
    :Europe/Oslo: 
      :city: Oslo
    :Europe/Paris: 
      :city: Pariis
    :Europe/Podgorica: 
      :city: Podgorica
    :Europe/Prague: 
      :city: Praha
    :Europe/Riga: 
      :city: Riia
    :Europe/Rome: 
      :city: Rooma
    :Europe/Samara: 
      :city: Samara
    :Europe/San_Marino: 
      :city: "San Marino"
    :Europe/Sarajevo: 
      :city: Sarajevo
    :Europe/Saratov: 
      :city: Saratov
    :Europe/Simferopol: 
      :city: Simferopol
    :Europe/Skopje: 
      :city: Skopje
    :Europe/Sofia: 
      :city: Sofia
    :Europe/Stockholm: 
      :city: Stockholm
    :Europe/Tallinn: 
      :city: Tallinn
    :Europe/Tirane: 
      :city: Tirana
    :Europe/Ulyanovsk: 
      :city: Uljanovsk
    :Europe/Uzhgorod: 
      :city: Užgorod
    :Europe/Vaduz: 
      :city: Vaduz
    :Europe/Vatican: 
      :city: Vatikan
    :Europe/Vienna: 
      :city: Viin
    :Europe/Vilnius: 
      :city: Vilnius
    :Europe/Volgograd: 
      :city: Volgograd
    :Europe/Warsaw: 
      :city: Varssavi
    :Europe/Zagreb: 
      :city: Zagreb
    :Europe/Zaporozhye: 
      :city: Zaporožje
    :Europe/Zurich: 
      :city: Zürich
    :Indian/Antananarivo: 
      :city: Antananarivo
    :Indian/Chagos: 
      :city: Chagos
    :Indian/Christmas: 
      :city: Jõulusaar
    :Indian/Cocos: 
      :city: Kookossaared
    :Indian/Comoro: 
      :city: Comoro
    :Indian/Kerguelen: 
      :city: Kerguelen
    :Indian/Mahe: 
      :city: Mahe
    :Indian/Maldives: 
      :city: Maldiivid
    :Indian/Mauritius: 
      :city: Mauritius
    :Indian/Mayotte: 
      :city: Mayotte
    :Indian/Reunion: 
      :city: Réunion
    :Pacific/Apia: 
      :city: Apia
    :Pacific/Auckland: 
      :city: Auckland
    :Pacific/Bougainville: 
      :city: Bougainville
    :Pacific/Chatham: 
      :city: Chatham
    :Pacific/Easter: 
      :city: Lihavõttesaar
    :Pacific/Efate: 
      :city: Efate
    :Pacific/Enderbury: 
      :city: Enderbury
    :Pacific/Fakaofo: 
      :city: Fakaofo
    :Pacific/Fiji: 
      :city: Fidži
    :Pacific/Funafuti: 
      :city: Funafuti
    :Pacific/Galapagos: 
      :city: Galápagos
    :Pacific/Gambier: 
      :city: Gambier
    :Pacific/Guadalcanal: 
      :city: Guadalcanal
    :Pacific/Guam: 
      :city: Guam
    :Pacific/Honolulu: 
      :city: Honolulu
    :Pacific/Johnston: 
      :city: Johnston
    :Pacific/Kiritimati: 
      :city: Kiritimati
    :Pacific/Kosrae: 
      :city: Kosrae
    :Pacific/Kwajalein: 
      :city: Kwajalein
    :Pacific/Majuro: 
      :city: Majuro
    :Pacific/Marquesas: 
      :city: Markiisaared
    :Pacific/Midway: 
      :city: Midway
    :Pacific/Nauru: 
      :city: Nauru
    :Pacific/Niue: 
      :city: Niue
    :Pacific/Norfolk: 
      :city: Norfolk
    :Pacific/Noumea: 
      :city: Noumea
    :Pacific/Pago_Pago: 
      :city: "Pago Pago"
    :Pacific/Palau: 
      :city: Belau
    :Pacific/Pitcairn: 
      :city: Pitcairn
    :Pacific/Ponape: 
      :city: Pohnpei
    :Pacific/Port_Moresby: 
      :city: "Port Moresby"
    :Pacific/Rarotonga: 
      :city: Rarotonga
    :Pacific/Saipan: 
      :city: Saipan
    :Pacific/Tahiti: 
      :city: Tahiti
    :Pacific/Tarawa: 
      :city: Tarawa
    :Pacific/Tongatapu: 
      :city: Tongatapu
    :Pacific/Truk: 
      :city: Chuuk
    :Pacific/Wake: 
      :city: Wake
    :Pacific/Wallis: 
      :city: Wallis
