--- 
:pl: 
  :formats: 
    :fallback_formats: 
      :generic: "{1} ({0})"
    :gmt_formats: 
      :generic: "GMT{0}"
    :gmt_zero_formats: 
      :generic: GMT
    :hour_formats: 
      :generic: "+HH:mm;-HH:mm"
    :region_formats: 
      :daylight: "{0} (czas letni)"
      :generic: "czas: {0}"
      :standard: "{0} (czas standardowy)"
  :metazones: 
    :Afghanistan: 
      :long: 
        :standard: Afganistan
    :Africa_Central: 
      :long: 
        :standard: "czas środkowoafrykański"
    :Africa_Eastern: 
      :long: 
        :standard: "czas wschodnioafrykański"
    :Africa_Southern: 
      :long: 
        :standard: "czas południowoafrykański"
    :Africa_Western: 
      :long: 
        :daylight: "czas zachodnioafrykański letni"
        :generic: "czas zachodnioafrykański"
        :standard: "czas zachodnioafrykański standardowy"
    :Alaska: 
      :long: 
        :daylight: "Alaska (czas letni)"
        :generic: "czas Alaska"
        :standard: "Alaska (czas standardowy)"
    :Amazon: 
      :long: 
        :daylight: "czas amazoński letni"
        :generic: "czas amazoński"
        :standard: "czas amazoński standardowy"
    :America_Central: 
      :long: 
        :daylight: "czas środkowoamerykański letni"
        :generic: "czas środkowoamerykański"
        :standard: "czas środkowoamerykański standardowy"
    :America_Eastern: 
      :long: 
        :daylight: "czas wschodnioamerykański letni"
        :generic: "czas wschodnioamerykański"
        :standard: "czas wschodnioamerykański standardowy"
    :America_Mountain: 
      :long: 
        :daylight: "czas górski letni"
        :generic: "czas górski"
        :standard: "czas górski standardowy"
    :America_Pacific: 
      :long: 
        :daylight: "czas pacyficzny letni"
        :generic: "czas pacyficzny"
        :standard: "czas pacyficzny standardowy"
    :Anadyr: 
      :long: 
        :daylight: "czas Anadyr letni"
        :generic: "czas Anadyr"
        :standard: "czas standardowy Anadyr"
    :Apia: 
      :long: 
        :daylight: "Apia (czas letni)"
        :generic: "czas Apia"
        :standard: "Apia (czas standardowy)"
    :Arabian: 
      :long: 
        :daylight: "Półwysep Arabski (czas letni)"
        :generic: "czas Półwysep Arabski"
        :standard: "Półwysep Arabski (czas standardowy)"
    :Argentina: 
      :long: 
        :daylight: "Argentyna (czas letni)"
        :generic: "czas Argentyna"
        :standard: "Argentyna (czas standardowy)"
    :Argentina_Western: 
      :long: 
        :daylight: "Argentyna Zachodnia (czas letni)"
        :generic: "czas Argentyna Zachodnia"
        :standard: "Argentyna Zachodnia (czas standardowy)"
    :Armenia: 
      :long: 
        :daylight: "Armenia (czas letni)"
        :generic: "czas Armenia"
        :standard: "Armenia (czas standardowy)"
    :Atlantic: 
      :long: 
        :daylight: "czas atlantycki letni"
        :generic: "czas atlantycki"
        :standard: "czas atlantycki standardowy"
    :Australia_Central: 
      :long: 
        :daylight: "czas środkowoaustralijski letni"
        :generic: "czas środkowoaustralijski"
        :standard: "czas środkowoaustralijski standardowy"
    :Australia_CentralWestern: 
      :long: 
        :daylight: "czas środkowo-zachodnioaustralijski letni"
        :generic: "czas środkowo-zachodnioaustralijski"
        :standard: "czas środkowo-zachodnioaustralijski standardowy"
    :Australia_Eastern: 
      :long: 
        :daylight: "czas wschodnioaustralijski letni"
        :generic: "czas wschodnioaustralijski"
        :standard: "czas wschodnioaustralijski standardowy"
    :Australia_Western: 
      :long: 
        :daylight: "czas zachodnioaustralijski letni"
        :generic: "czas zachodnioaustralijski"
        :standard: "czas zachodnioaustralijski standardowy"
    :Azerbaijan: 
      :long: 
        :daylight: "Azerbejdżan (czas letni)"
        :generic: "czas Azerbejdżan"
        :standard: "Azerbejdżan (czas standardowy)"
    :Azores: 
      :long: 
        :daylight: "Azory (czas letni)"
        :generic: "czas Azory"
        :standard: "Azory (czas standardowy)"
    :Bangladesh: 
      :long: 
        :daylight: "Bangladesz (czas letni)"
        :generic: "czas Bangladesz"
        :standard: "Bangladesz (czas standardowy)"
    :Bhutan: 
      :long: 
        :standard: "czas Bhutan"
    :Bolivia: 
      :long: 
        :standard: "czas Boliwia"
    :Brasilia: 
      :long: 
        :daylight: "Brasília (czas letni)"
        :generic: "czas Brasília"
        :standard: "Brasília (czas standardowy)"
    :Brunei: 
      :long: 
        :standard: "czas Brunei"
    :Cape_Verde: 
      :long: 
        :daylight: "Wyspy Zielonego Przylądka (czas letni)"
        :generic: "czas Wyspy Zielonego Przylądka"
        :standard: "Wyspy Zielonego Przylądka (czas standardowy)"
    :Chamorro: 
      :long: 
        :standard: "czas Czamorro"
    :Chatham: 
      :long: 
        :daylight: "Chatham (czas letni)"
        :generic: "czas Chatham"
        :standard: "Chatham (czas standardowy)"
    :Chile: 
      :long: 
        :daylight: "Chile (czas letni)"
        :generic: "czas Chile"
        :standard: "Chile (czas standardowy)"
    :China: 
      :long: 
        :daylight: "Chiny (czas letni)"
        :generic: "czas Chiny"
        :standard: "Chiny (czas standardowy)"
    :Choibalsan: 
      :long: 
        :daylight: "Czojbalsan (czas letni)"
        :generic: "czas Czojbalsan"
        :standard: "Czojbalsan (czas standardowy)"
    :Christmas: 
      :long: 
        :standard: "czas Wyspa Bożego Narodzenia"
    :Cocos: 
      :long: 
        :standard: "czas Wyspy Kokosowe"
    :Colombia: 
      :long: 
        :daylight: "Kolumbia (czas letni)"
        :generic: "czas Kolumbia"
        :standard: "Kolumbia (czas standardowy)"
    :Cook: 
      :long: 
        :daylight: "Wyspy Cooka (czas letni)"
        :generic: "czas Wyspy Cooka"
        :standard: "Wyspy Cooka (czas standardowy)"
    :Cuba: 
      :long: 
        :daylight: "Kuba (czas letni)"
        :generic: "czas Kuba"
        :standard: "Kuba (czas standardowy)"
    :Davis: 
      :long: 
        :standard: "czas Davis"
    :DumontDUrville: 
      :long: 
        :standard: "czas Dumont-d’Urville"
    :East_Timor: 
      :long: 
        :standard: "czas Timor Wschodni"
    :Easter: 
      :long: 
        :daylight: "Wyspa Wielkanocna (czas letni)"
        :generic: "czas Wyspa Wielkanocna"
        :standard: "Wyspa Wielkanocna (czas standardowy)"
    :Ecuador: 
      :long: 
        :standard: "czas Ekwador"
    :Europe_Central: 
      :long: 
        :daylight: "czas środkowoeuropejski letni"
        :generic: "czas środkowoeuropejski"
        :standard: "czas środkowoeuropejski standardowy"
      :short: 
        :daylight: CEST
        :generic: CET
        :standard: CET
    :Europe_Eastern: 
      :long: 
        :daylight: "czas wschodnioeuropejski letni"
        :generic: "czas wschodnioeuropejski"
        :standard: "czas wschodnioeuropejski standardowy"
      :short: 
        :daylight: EEST
        :generic: EET
        :standard: EET
    :Europe_Further_Eastern: 
      :long: 
        :standard: "czas wschodnioeuropejski dalszy"
    :Europe_Western: 
      :long: 
        :daylight: "czas zachodnioeuropejski letni"
        :generic: "czas zachodnioeuropejski"
        :standard: "czas zachodnioeuropejski standardowy"
      :short: 
        :daylight: WEST
        :generic: WET
        :standard: WET
    :Falkland: 
      :long: 
        :daylight: "Falklandy (czas letni)"
        :generic: "czas Falklandy"
        :standard: "Falklandy (czas standardowy)"
    :Fiji: 
      :long: 
        :daylight: "Fidżi (czas letni)"
        :generic: "czas Fidżi"
        :standard: "Fidżi (czas standardowy)"
    :French_Guiana: 
      :long: 
        :standard: "czas Gujana Francuska"
    :French_Southern: 
      :long: 
        :standard: "czas Francuskie Terytoria Południowe i Antarktyczne"
    :GMT: 
      :long: 
        :standard: "czas uniwersalny"
    :Galapagos: 
      :long: 
        :standard: "czas Galapagos"
    :Gambier: 
      :long: 
        :standard: "czas Wyspy Gambiera"
    :Georgia: 
      :long: 
        :daylight: "Gruzja (czas letni)"
        :generic: "czas Gruzja"
        :standard: "Gruzja (czas standardowy)"
    :Gilbert_Islands: 
      :long: 
        :standard: "czas Wyspy Gilberta"
    :Greenland_Eastern: 
      :long: 
        :daylight: "Grenlandia Wschodnia (czas letni)"
        :generic: "czas Grenlandia Wschodnia"
        :standard: "Grenlandia Wschodnia (czas standardowy)"
    :Greenland_Western: 
      :long: 
        :daylight: "Grenlandia Zachodnia (czas letni)"
        :generic: "czas Grenlandia Zachodnia"
        :standard: "Grenlandia Zachodnia (czas standardowy)"
    :Gulf: 
      :long: 
        :standard: "czas Zatoka Perska"
    :Guyana: 
      :long: 
        :standard: "czas Gujana"
    :Hawaii_Aleutian: 
      :long: 
        :daylight: "Hawaje-Aleuty (czas letni)"
        :generic: "czas Hawaje-Aleuty"
        :standard: "Hawaje-Aleuty (czas standardowy)"
    :Hong_Kong: 
      :long: 
        :daylight: "Hongkong (czas letni)"
        :generic: "czas Hongkong"
        :standard: "Hongkong (czas standardowy)"
    :Hovd: 
      :long: 
        :daylight: "Kobdo (czas letni)"
        :generic: "czas Kobdo"
        :standard: "Kobdo (czas standardowy)"
    :India: 
      :long: 
        :standard: "czas indyjski standardowy"
    :Indian_Ocean: 
      :long: 
        :standard: "czas Ocean Indyjski"
    :Indochina: 
      :long: 
        :standard: "czas indochiński"
    :Indonesia_Central: 
      :long: 
        :standard: "czas Indonezja Środkowa"
    :Indonesia_Eastern: 
      :long: 
        :standard: "czas Indonezja Wschodnia"
    :Indonesia_Western: 
      :long: 
        :standard: "czas Indonezja Zachodnia"
    :Iran: 
      :long: 
        :daylight: "Iran (czas letni)"
        :generic: "czas Iran"
        :standard: "Iran (czas standardowy)"
    :Irkutsk: 
      :long: 
        :daylight: "Irkuck (czas letni)"
        :generic: "czas Irkuck"
        :standard: "Irkuck (czas standardowy)"
    :Israel: 
      :long: 
        :daylight: "Izrael (czas letni)"
        :generic: "czas Izrael"
        :standard: "Izrael (czas standardowy)"
    :Japan: 
      :long: 
        :daylight: "Japonia (czas letni)"
        :generic: "czas Japonia"
        :standard: "Japonia (czas standardowy)"
    :Kamchatka: 
      :long: 
        :daylight: "czas Pietropawłowsk Kamczacki letni"
        :generic: "czas Pietropawłowsk Kamczacki"
        :standard: "czas standardowy Pietropawłowsk Kamczacki"
    :Kazakhstan_Eastern: 
      :long: 
        :standard: "czas Kazachstan Wschodni"
    :Kazakhstan_Western: 
      :long: 
        :standard: "czas Kazachstan Zachodni"
    :Korea: 
      :long: 
        :daylight: "Korea (czas letni)"
        :generic: "czas Korea"
        :standard: "Korea (czas standardowy)"
    :Kosrae: 
      :long: 
        :standard: "czas Kosrae"
    :Krasnoyarsk: 
      :long: 
        :daylight: "Krasnojarsk (czas letni)"
        :generic: "czas Krasnojarsk"
        :standard: "Krasnojarsk (czas standardowy)"
    :Kyrgystan: 
      :long: 
        :standard: "czas Kirgistan"
    :Line_Islands: 
      :long: 
        :standard: "czas Line Islands"
    :Lord_Howe: 
      :long: 
        :daylight: "Lord Howe (czas letni)"
        :generic: "czas Lord Howe"
        :standard: "Lord Howe (czas standardowy)"
    :Macquarie: 
      :long: 
        :standard: "czas Macquarie"
    :Magadan: 
      :long: 
        :daylight: "Magadan (czas letni)"
        :generic: "czas Magadan"
        :standard: "Magadan (czas standardowy)"
    :Malaysia: 
      :long: 
        :standard: "czas Malezja"
    :Maldives: 
      :long: 
        :standard: "czas Malediwy"
    :Marquesas: 
      :long: 
        :standard: "czas Markizy"
    :Marshall_Islands: 
      :long: 
        :standard: "czas Wyspy Marshalla"
    :Mauritius: 
      :long: 
        :daylight: "Mauritius (czas letni)"
        :generic: "czas Mauritius"
        :standard: "Mauritius (czas standardowy)"
    :Mawson: 
      :long: 
        :standard: "czas Mawson"
    :Mexico_Northwest: 
      :long: 
        :daylight: "Meksyk Północno-Zachodni (czas letni)"
        :generic: "czas Meksyk Północno-Zachodni"
        :standard: "Meksyk Północno-Zachodni (czas standardowy)"
    :Mexico_Pacific: 
      :long: 
        :daylight: "Meksyk (czas pacyficzny letni)"
        :generic: "Meksyk (czas pacyficzny)"
        :standard: "Meksyk (czas pacyficzny standardowy)"
    :Mongolia: 
      :long: 
        :daylight: "Ułan Bator (czas letni)"
        :generic: "czas Ułan Bator"
        :standard: "Ułan Bator (czas standardowy)"
    :Moscow: 
      :long: 
        :daylight: "Moskwa (czas letni)"
        :generic: "czas Moskwa"
        :standard: "Moskwa (czas standardowy)"
    :Myanmar: 
      :long: 
        :standard: "czas Mjanma"
    :Nauru: 
      :long: 
        :standard: "czas Nauru"
    :Nepal: 
      :long: 
        :standard: "czas Nepal"
    :New_Caledonia: 
      :long: 
        :daylight: "Nowa Kaledonia (czas letni)"
        :generic: "czas Nowa Kaledonia"
        :standard: "Nowa Kaledonia (czas standardowy)"
    :New_Zealand: 
      :long: 
        :daylight: "Nowa Zelandia (czas letni)"
        :generic: "czas Nowa Zelandia"
        :standard: "Nowa Zelandia (czas standardowy)"
    :Newfoundland: 
      :long: 
        :daylight: "Nowa Fundlandia (czas letni)"
        :generic: "czas Nowa Fundlandia"
        :standard: "Nowa Fundlandia (czas standardowy)"
    :Niue: 
      :long: 
        :standard: "czas Niue"
    :Norfolk: 
      :long: 
        :daylight: "Norfolk (czas letni)"
        :generic: "czas Norfolk"
        :standard: "Norfolk (czas standardowy)"
    :Noronha: 
      :long: 
        :daylight: "Fernando de Noronha (czas letni)"
        :generic: "czas Fernando de Noronha"
        :standard: "Fernando de Noronha (czas standardowy)"
    :Novosibirsk: 
      :long: 
        :daylight: "Nowosybirsk (czas letni)"
        :generic: "czas Nowosybirsk"
        :standard: "Nowosybirsk (czas standardowy)"
    :Omsk: 
      :long: 
        :daylight: "Omsk (czas letni)"
        :generic: "czas Omsk"
        :standard: "Omsk (czas standardowy)"
    :Pakistan: 
      :long: 
        :daylight: "Pakistan (czas letni)"
        :generic: "czas Pakistan"
        :standard: "Pakistan (czas standardowy)"
    :Palau: 
      :long: 
        :standard: "czas Palau"
    :Papua_New_Guinea: 
      :long: 
        :standard: "czas Papua-Nowa Gwinea"
    :Paraguay: 
      :long: 
        :daylight: "Paragwaj (czas letni)"
        :generic: "czas Paragwaj"
        :standard: "Paragwaj (czas standardowy)"
    :Peru: 
      :long: 
        :daylight: "Peru (czas letni)"
        :generic: "czas Peru"
        :standard: "Peru (czas standardowy)"
    :Philippines: 
      :long: 
        :daylight: "Filipiny (czas letni)"
        :generic: "czas Filipiny"
        :standard: "Filipiny (czas standardowy)"
    :Phoenix_Islands: 
      :long: 
        :standard: "czas Feniks"
    :Pierre_Miquelon: 
      :long: 
        :daylight: "Saint-Pierre i Miquelon (czas letni)"
        :generic: "czas Saint-Pierre i Miquelon"
        :standard: "Saint-Pierre i Miquelon (czas standardowy)"
    :Pitcairn: 
      :long: 
        :standard: "czas Pitcairn"
    :Ponape: 
      :long: 
        :standard: "czas Pohnpei"
    :Pyongyang: 
      :long: 
        :standard: "czas Pjongjang"
    :Reunion: 
      :long: 
        :standard: "czas Reunion"
    :Rothera: 
      :long: 
        :standard: "czas Rothera"
    :Sakhalin: 
      :long: 
        :daylight: "Sachalin (czas letni)"
        :generic: "czas Sachalin"
        :standard: "Sachalin (czas standardowy)"
    :Samara: 
      :long: 
        :daylight: "czas Samara letni"
        :generic: "czas Samara"
        :standard: "czas standardowy Samara"
    :Samoa: 
      :long: 
        :daylight: "Samoa (czas letni)"
        :generic: "czas Samoa"
        :standard: "Samoa (czas standardowy)"
    :Seychelles: 
      :long: 
        :standard: "czas Seszele"
    :Singapore: 
      :long: 
        :standard: "czas Singapur"
    :Solomon: 
      :long: 
        :standard: "czas Wyspy Salomona"
    :South_Georgia: 
      :long: 
        :standard: "czas Georgia Południowa"
    :Suriname: 
      :long: 
        :standard: "czas Surinam"
    :Syowa: 
      :long: 
        :standard: "czas Syowa"
    :Tahiti: 
      :long: 
        :standard: "czas Tahiti"
    :Taipei: 
      :long: 
        :daylight: "Tajpej (czas letni)"
        :generic: "czas Tajpej"
        :standard: "Tajpej (czas standardowy)"
    :Tajikistan: 
      :long: 
        :standard: "czas Tadżykistan"
    :Tokelau: 
      :long: 
        :standard: "czas Tokelau"
    :Tonga: 
      :long: 
        :daylight: "Tonga (czas letni)"
        :generic: "czas Tonga"
        :standard: "Tonga (czas standardowy)"
    :Truk: 
      :long: 
        :standard: "czas Chuuk"
    :Turkmenistan: 
      :long: 
        :daylight: "Turkmenistan (czas letni)"
        :generic: "czas Turkmenistan"
        :standard: "Turkmenistan (czas standardowy)"
    :Tuvalu: 
      :long: 
        :standard: "czas Tuvalu"
    :Uruguay: 
      :long: 
        :daylight: "Urugwaj (czas letni)"
        :generic: "czas Urugwaj"
        :standard: "Urugwaj (czas standardowy)"
    :Uzbekistan: 
      :long: 
        :daylight: "Uzbekistan (czas letni)"
        :generic: "czas Uzbekistan"
        :standard: "Uzbekistan (czas standardowy)"
    :Vanuatu: 
      :long: 
        :daylight: "Vanuatu (czas letni)"
        :generic: "czas Vanuatu"
        :standard: "Vanuatu (czas standardowy)"
    :Venezuela: 
      :long: 
        :standard: "czas Wenezuela"
    :Vladivostok: 
      :long: 
        :daylight: "Władywostok (czas letni)"
        :generic: "czas Władywostok"
        :standard: "Władywostok (czas standardowy)"
    :Volgograd: 
      :long: 
        :daylight: "Wołgograd (czas letni)"
        :generic: "czas Wołgograd"
        :standard: "Wołgograd (czas standardowy)"
    :Vostok: 
      :long: 
        :standard: "czas Wostok"
    :Wake: 
      :long: 
        :standard: "czas Wake"
    :Wallis: 
      :long: 
        :standard: "czas Wallis i Futuna"
    :Yakutsk: 
      :long: 
        :daylight: "Jakuck (czas letni)"
        :generic: "czas Jakuck"
        :standard: "Jakuck (czas standardowy)"
    :Yekaterinburg: 
      :long: 
        :daylight: "Jekaterynburg (czas letni)"
        :generic: "czas Jekaterynburg"
        :standard: "Jekaterynburg (czas standardowy)"
  :timezones: 
    :Africa/Abidjan: 
      :city: Abidżan
    :Africa/Accra: 
      :city: Akra
    :Africa/Addis_Ababa: 
      :city: "Addis Abeba"
    :Africa/Algiers: 
      :city: Algier
    :Africa/Asmera: 
      :city: Asmara
    :Africa/Bamako: 
      :city: Bamako
    :Africa/Bangui: 
      :city: Bangi
    :Africa/Banjul: 
      :city: Bandżul
    :Africa/Bissau: 
      :city: Bissau
    :Africa/Blantyre: 
      :city: Blantyre
    :Africa/Brazzaville: 
      :city: Brazzaville
    :Africa/Bujumbura: 
      :city: Bużumbura
    :Africa/Cairo: 
      :city: Kair
    :Africa/Casablanca: 
      :city: Casablanca
    :Africa/Ceuta: 
      :city: Ceuta
    :Africa/Conakry: 
      :city: Konakry
    :Africa/Dakar: 
      :city: Dakar
    :Africa/Dar_es_Salaam: 
      :city: "Dar es Salaam"
    :Africa/Djibouti: 
      :city: Dżibuti
    :Africa/Douala: 
      :city: Duala
    :Africa/El_Aaiun: 
      :city: Al-Ujun
    :Africa/Freetown: 
      :city: Freetown
    :Africa/Gaborone: 
      :city: Gaborone
    :Africa/Harare: 
      :city: Harare
    :Africa/Johannesburg: 
      :city: Johannesburg
    :Africa/Juba: 
      :city: Dżuba
    :Africa/Kampala: 
      :city: Kampala
    :Africa/Khartoum: 
      :city: Chartum
    :Africa/Kigali: 
      :city: Kigali
    :Africa/Kinshasa: 
      :city: Kinszasa
    :Africa/Lagos: 
      :city: Lagos
    :Africa/Libreville: 
      :city: Libreville
    :Africa/Lome: 
      :city: Lomé
    :Africa/Luanda: 
      :city: Luanda
    :Africa/Lubumbashi: 
      :city: Lubumbashi
    :Africa/Lusaka: 
      :city: Lusaka
    :Africa/Malabo: 
      :city: Malabo
    :Africa/Maputo: 
      :city: Maputo
    :Africa/Maseru: 
      :city: Maseru
    :Africa/Mbabane: 
      :city: Mbabane
    :Africa/Mogadishu: 
      :city: Mogadiszu
    :Africa/Monrovia: 
      :city: Monrovia
    :Africa/Nairobi: 
      :city: Nairobi
    :Africa/Ndjamena: 
      :city: Ndżamena
    :Africa/Niamey: 
      :city: Niamey
    :Africa/Nouakchott: 
      :city: Nawakszut
    :Africa/Ouagadougou: 
      :city: Wagadugu
    :Africa/Porto-Novo: 
      :city: "Porto Novo"
    :Africa/Sao_Tome: 
      :city: "São Tomé"
    :Africa/Tripoli: 
      :city: Trypolis
    :Africa/Tunis: 
      :city: Tunis
    :Africa/Windhoek: 
      :city: Windhuk
    :America/Adak: 
      :city: Adak
    :America/Anchorage: 
      :city: Anchorage
    :America/Anguilla: 
      :city: Anguilla
    :America/Antigua: 
      :city: Antigua
    :America/Araguaina: 
      :city: Araguaina
    :America/Argentina/La_Rioja: 
      :city: "La Rioja"
    :America/Argentina/Rio_Gallegos: 
      :city: "Rio Gallegos"
    :America/Argentina/Salta: 
      :city: Salta
    :America/Argentina/San_Juan: 
      :city: "San Juan"
    :America/Argentina/San_Luis: 
      :city: "San Luis"
    :America/Argentina/Tucuman: 
      :city: Tucuman
    :America/Argentina/Ushuaia: 
      :city: Ushuaia
    :America/Aruba: 
      :city: Aruba
    :America/Asuncion: 
      :city: Asunción
    :America/Bahia: 
      :city: Salvador
    :America/Bahia_Banderas: 
      :city: "Bahia Banderas"
    :America/Barbados: 
      :city: Barbados
    :America/Belem: 
      :city: Belém
    :America/Belize: 
      :city: Belize
    :America/Blanc-Sablon: 
      :city: Blanc-Sablon
    :America/Boa_Vista: 
      :city: "Boa Vista"
    :America/Bogota: 
      :city: Bogota
    :America/Boise: 
      :city: Boise
    :America/Buenos_Aires: 
      :city: "Buenos Aires"
    :America/Cambridge_Bay: 
      :city: "Cambridge Bay"
    :America/Campo_Grande: 
      :city: "Campo Grande"
    :America/Cancun: 
      :city: Cancún
    :America/Caracas: 
      :city: Caracas
    :America/Catamarca: 
      :city: Catamarca
    :America/Cayenne: 
      :city: Kajenna
    :America/Cayman: 
      :city: Kajmany
    :America/Chicago: 
      :city: Chicago
    :America/Chihuahua: 
      :city: Chihuahua
    :America/Coral_Harbour: 
      :city: Atikokan
    :America/Cordoba: 
      :city: Córdoba
    :America/Costa_Rica: 
      :city: Kostaryka
    :America/Creston: 
      :city: Creston
    :America/Cuiaba: 
      :city: Cuiabá
    :America/Curacao: 
      :city: Curaçao
    :America/Danmarkshavn: 
      :city: Danmarkshavn
    :America/Dawson: 
      :city: Dawson
    :America/Dawson_Creek: 
      :city: "Dawson Creek"
    :America/Denver: 
      :city: Denver
    :America/Detroit: 
      :city: Detroit
    :America/Dominica: 
      :city: Dominika
    :America/Edmonton: 
      :city: Edmonton
    :America/Eirunepe: 
      :city: Eirunepe
    :America/El_Salvador: 
      :city: Salwador
    :America/Fort_Nelson: 
      :city: "Fort Nelson"
    :America/Fortaleza: 
      :city: Fortaleza
    :America/Glace_Bay: 
      :city: "Glace Bay"
    :America/Godthab: 
      :city: Nuuk
    :America/Goose_Bay: 
      :city: "Goose Bay"
    :America/Grand_Turk: 
      :city: "Grand Turk"
    :America/Grenada: 
      :city: Grenada
    :America/Guadeloupe: 
      :city: Gwadelupa
    :America/Guatemala: 
      :city: Gwatemala
    :America/Guayaquil: 
      :city: Guayaquil
    :America/Guyana: 
      :city: Gujana
    :America/Halifax: 
      :city: Halifax
    :America/Havana: 
      :city: Hawana
    :America/Hermosillo: 
      :city: Hermosillo
    :America/Indiana/Knox: 
      :city: "Knox, Indiana"
    :America/Indiana/Marengo: 
      :city: "Marengo, Indiana"
    :America/Indiana/Petersburg: 
      :city: "Petersburg, Indiana"
    :America/Indiana/Tell_City: 
      :city: "Tell City, Indiana"
    :America/Indiana/Vevay: 
      :city: "Vevay, Indiana"
    :America/Indiana/Vincennes: 
      :city: "Vincennes, Indiana"
    :America/Indiana/Winamac: 
      :city: "Winamac, Indiana"
    :America/Indianapolis: 
      :city: Indianapolis
    :America/Inuvik: 
      :city: Inuvik
    :America/Iqaluit: 
      :city: Iqaluit
    :America/Jamaica: 
      :city: Jamajka
    :America/Jujuy: 
      :city: Jujuy
    :America/Juneau: 
      :city: Juneau
    :America/Kentucky/Monticello: 
      :city: Monticello
    :America/Kralendijk: 
      :city: Kralendijk
    :America/La_Paz: 
      :city: "La Paz"
    :America/Lima: 
      :city: Lima
    :America/Los_Angeles: 
      :city: "Los Angeles"
    :America/Louisville: 
      :city: Louisville
    :America/Lower_Princes: 
      :city: "Lower Prince’s Quarter"
    :America/Maceio: 
      :city: Maceió
    :America/Managua: 
      :city: Managua
    :America/Manaus: 
      :city: Manaus
    :America/Marigot: 
      :city: Marigot
    :America/Martinique: 
      :city: Martynika
    :America/Matamoros: 
      :city: Matamoros
    :America/Mazatlan: 
      :city: Mazatlan
    :America/Mendoza: 
      :city: Mendoza
    :America/Menominee: 
      :city: Menominee
    :America/Merida: 
      :city: Merida
    :America/Metlakatla: 
      :city: Metlakatla
    :America/Mexico_City: 
      :city: "Meksyk (miasto)"
    :America/Miquelon: 
      :city: Miquelon
    :America/Moncton: 
      :city: Moncton
    :America/Monterrey: 
      :city: Monterrey
    :America/Montevideo: 
      :city: Montevideo
    :America/Montserrat: 
      :city: Montserrat
    :America/Nassau: 
      :city: Nassau
    :America/New_York: 
      :city: "Nowy Jork"
    :America/Nipigon: 
      :city: Nipigon
    :America/Nome: 
      :city: Nome
    :America/Noronha: 
      :city: Noronha
    :America/North_Dakota/Beulah: 
      :city: "Beulah, Dakota Północna"
    :America/North_Dakota/Center: 
      :city: "Center, Dakota Północna"
    :America/North_Dakota/New_Salem: 
      :city: "New Salem, Dakota Północna"
    :America/Ojinaga: 
      :city: Ojinaga
    :America/Panama: 
      :city: Panama
    :America/Pangnirtung: 
      :city: Pangnirtung
    :America/Paramaribo: 
      :city: Paramaribo
    :America/Phoenix: 
      :city: Phoenix
    :America/Port-au-Prince: 
      :city: Port-au-Prince
    :America/Port_of_Spain: 
      :city: Port-of-Spain
    :America/Porto_Velho: 
      :city: "Porto Velho"
    :America/Puerto_Rico: 
      :city: Portoryko
    :America/Punta_Arenas: 
      :city: "Punta Arenas"
    :America/Rainy_River: 
      :city: "Rainy River"
    :America/Rankin_Inlet: 
      :city: "Rankin Inlet"
    :America/Recife: 
      :city: Recife
    :America/Regina: 
      :city: Regina
    :America/Resolute: 
      :city: Resolute
    :America/Rio_Branco: 
      :city: "Rio Branco"
    :America/Santa_Isabel: 
      :city: "Santa Isabel"
    :America/Santarem: 
      :city: Santarem
    :America/Santiago: 
      :city: Santiago
    :America/Santo_Domingo: 
      :city: "Santo Domingo"
    :America/Sao_Paulo: 
      :city: "Sao Paulo"
    :America/Scoresbysund: 
      :city: Ittoqqortoormiit
    :America/Sitka: 
      :city: Sitka
    :America/St_Barthelemy: 
      :city: Saint-Barthélemy
    :America/St_Johns: 
      :city: "St. John’s"
    :America/St_Kitts: 
      :city: "Saint Kitts"
    :America/St_Lucia: 
      :city: "Saint Lucia"
    :America/St_Thomas: 
      :city: "Saint Thomas"
    :America/St_Vincent: 
      :city: "Saint Vincent"
    :America/Swift_Current: 
      :city: "Swift Current"
    :America/Tegucigalpa: 
      :city: Tegucigalpa
    :America/Thule: 
      :city: Qaanaaq
    :America/Thunder_Bay: 
      :city: "Thunder Bay"
    :America/Tijuana: 
      :city: Tijuana
    :America/Toronto: 
      :city: Toronto
    :America/Tortola: 
      :city: Tortola
    :America/Vancouver: 
      :city: Vancouver
    :America/Whitehorse: 
      :city: Whitehorse
    :America/Winnipeg: 
      :city: Winnipeg
    :America/Yakutat: 
      :city: Yakutat
    :America/Yellowknife: 
      :city: Yellowknife
    :Antarctica/Casey: 
      :city: Casey
    :Antarctica/Davis: 
      :city: Davis
    :Antarctica/DumontDUrville: 
      :city: "Dumont d’Urville"
    :Antarctica/Macquarie: 
      :city: Macquarie
    :Antarctica/Mawson: 
      :city: Mawson
    :Antarctica/McMurdo: 
      :city: McMurdo
    :Antarctica/Palmer: 
      :city: Palmer
    :Antarctica/Rothera: 
      :city: Rothera
    :Antarctica/Syowa: 
      :city: Syowa
    :Antarctica/Troll: 
      :city: Troll
    :Antarctica/Vostok: 
      :city: Wostok
    :Arctic/Longyearbyen: 
      :city: Longyearbyen
    :Asia/Aden: 
      :city: Aden
    :Asia/Almaty: 
      :city: Ałmaty
    :Asia/Amman: 
      :city: Amman
    :Asia/Anadyr: 
      :city: Anadyr
    :Asia/Aqtau: 
      :city: Aktau
    :Asia/Aqtobe: 
      :city: Aktiubińsk
    :Asia/Ashgabat: 
      :city: Aszchabad
    :Asia/Atyrau: 
      :city: Atyrau
    :Asia/Baghdad: 
      :city: Bagdad
    :Asia/Bahrain: 
      :city: Bahrajn
    :Asia/Baku: 
      :city: Baku
    :Asia/Bangkok: 
      :city: Bangkok
    :Asia/Barnaul: 
      :city: Barnauł
    :Asia/Beirut: 
      :city: Bejrut
    :Asia/Bishkek: 
      :city: Biszkek
    :Asia/Brunei: 
      :city: Brunei
    :Asia/Calcutta: 
      :city: Kalkuta
    :Asia/Chita: 
      :city: Czyta
    :Asia/Choibalsan: 
      :city: Czojbalsan
    :Asia/Colombo: 
      :city: Kolombo
    :Asia/Damascus: 
      :city: Damaszek
    :Asia/Dhaka: 
      :city: Dhaka
    :Asia/Dili: 
      :city: Dili
    :Asia/Dubai: 
      :city: Dubaj
    :Asia/Dushanbe: 
      :city: Duszanbe
    :Asia/Famagusta: 
      :city: Famagusta
    :Asia/Gaza: 
      :city: Gaza
    :Asia/Hebron: 
      :city: Hebron
    :Asia/Hong_Kong: 
      :city: Hongkong
    :Asia/Hovd: 
      :city: Kobdo
    :Asia/Irkutsk: 
      :city: Irkuck
    :Asia/Jakarta: 
      :city: Dżakarta
    :Asia/Jayapura: 
      :city: Jayapura
    :Asia/Jerusalem: 
      :city: Jerozolima
    :Asia/Kabul: 
      :city: Kabul
    :Asia/Kamchatka: 
      :city: Kamczatka
    :Asia/Karachi: 
      :city: Karaczi
    :Asia/Katmandu: 
      :city: Katmandu
    :Asia/Khandyga: 
      :city: Chandyga
    :Asia/Krasnoyarsk: 
      :city: Krasnojarsk
    :Asia/Kuala_Lumpur: 
      :city: "Kuala Lumpur"
    :Asia/Kuching: 
      :city: Kuching
    :Asia/Kuwait: 
      :city: Kuwejt
    :Asia/Macau: 
      :city: Makau
    :Asia/Magadan: 
      :city: Magadan
    :Asia/Makassar: 
      :city: Makassar
    :Asia/Manila: 
      :city: Manila
    :Asia/Muscat: 
      :city: Maskat
    :Asia/Nicosia: 
      :city: Nikozja
    :Asia/Novokuznetsk: 
      :city: Nowokuźnieck
    :Asia/Novosibirsk: 
      :city: Nowosybirsk
    :Asia/Omsk: 
      :city: Omsk
    :Asia/Oral: 
      :city: Uralsk
    :Asia/Phnom_Penh: 
      :city: "Phnom Penh"
    :Asia/Pontianak: 
      :city: Pontianak
    :Asia/Pyongyang: 
      :city: Pjongjang
    :Asia/Qatar: 
      :city: Katar
    :Asia/Qostanay: 
      :city: Kustanaj
    :Asia/Qyzylorda: 
      :city: Kyzyłorda
    :Asia/Rangoon: 
      :city: Rangun
    :Asia/Riyadh: 
      :city: Rijad
    :Asia/Saigon: 
      :city: "Ho Chi Minh"
    :Asia/Sakhalin: 
      :city: Sachalin
    :Asia/Samarkand: 
      :city: Samarkanda
    :Asia/Seoul: 
      :city: Seul
    :Asia/Shanghai: 
      :city: Szanghaj
    :Asia/Singapore: 
      :city: Singapur
    :Asia/Srednekolymsk: 
      :city: Sriedniekołymsk
    :Asia/Taipei: 
      :city: Tajpej
    :Asia/Tashkent: 
      :city: Taszkient
    :Asia/Tbilisi: 
      :city: Tbilisi
    :Asia/Tehran: 
      :city: Teheran
    :Asia/Thimphu: 
      :city: Thimphu
    :Asia/Tokyo: 
      :city: Tokio
    :Asia/Tomsk: 
      :city: Tomsk
    :Asia/Ulaanbaatar: 
      :city: "Ułan Bator"
    :Asia/Urumqi: 
      :city: Urumczi
    :Asia/Ust-Nera: 
      :city: Ust-Niera
    :Asia/Vientiane: 
      :city: Wientian
    :Asia/Vladivostok: 
      :city: Władywostok
    :Asia/Yakutsk: 
      :city: Jakuck
    :Asia/Yekaterinburg: 
      :city: Jekaterynburg
    :Asia/Yerevan: 
      :city: Erywań
    :Atlantic/Azores: 
      :city: Azory
    :Atlantic/Bermuda: 
      :city: Bermudy
    :Atlantic/Canary: 
      :city: "Wyspy Kanaryjskie"
    :Atlantic/Cape_Verde: 
      :city: "Republika Zielonego Przylądka"
    :Atlantic/Faeroe: 
      :city: "Wyspy Owcze"
    :Atlantic/Madeira: 
      :city: Madera
    :Atlantic/Reykjavik: 
      :city: Reykjavik
    :Atlantic/South_Georgia: 
      :city: "Georgia Południowa"
    :Atlantic/St_Helena: 
      :city: "Święta Helena"
    :Atlantic/Stanley: 
      :city: Stanley
    :Australia/Adelaide: 
      :city: Adelaide
    :Australia/Brisbane: 
      :city: Brisbane
    :Australia/Broken_Hill: 
      :city: "Broken Hill"
    :Australia/Currie: 
      :city: Currie
    :Australia/Darwin: 
      :city: Darwin
    :Australia/Eucla: 
      :city: Eucla
    :Australia/Hobart: 
      :city: Hobart
    :Australia/Lindeman: 
      :city: Lindeman
    :Australia/Lord_Howe: 
      :city: "Lord Howe"
    :Australia/Melbourne: 
      :city: Melbourne
    :Australia/Perth: 
      :city: Perth
    :Australia/Sydney: 
      :city: Sydney
    :Etc/UTC: 
      :long: 
        :standard: "uniwersalny czas koordynowany"
      :short: 
        :standard: UTC
    :Etc/Unknown: 
      :city: "Nieznane miasto"
    :Europe/Amsterdam: 
      :city: Amsterdam
    :Europe/Andorra: 
      :city: Andora
    :Europe/Astrakhan: 
      :city: Astrachań
    :Europe/Athens: 
      :city: Ateny
    :Europe/Belgrade: 
      :city: Belgrad
    :Europe/Berlin: 
      :city: Berlin
    :Europe/Bratislava: 
      :city: Bratysława
    :Europe/Brussels: 
      :city: Bruksela
    :Europe/Bucharest: 
      :city: Bukareszt
    :Europe/Budapest: 
      :city: Budapeszt
    :Europe/Busingen: 
      :city: "Büsingen am Hochrhein"
    :Europe/Chisinau: 
      :city: Kiszyniów
    :Europe/Copenhagen: 
      :city: Kopenhaga
    :Europe/Dublin: 
      :city: Dublin
      :long: 
        :daylight: "Irlandia (czas letni)"
    :Europe/Gibraltar: 
      :city: Gibraltar
    :Europe/Guernsey: 
      :city: Guernsey
    :Europe/Helsinki: 
      :city: Helsinki
    :Europe/Isle_of_Man: 
      :city: "Wyspa Man"
    :Europe/Istanbul: 
      :city: Stambuł
    :Europe/Jersey: 
      :city: Jersey
    :Europe/Kaliningrad: 
      :city: Kaliningrad
    :Europe/Kiev: 
      :city: Kijów
    :Europe/Kirov: 
      :city: Kirow
    :Europe/Lisbon: 
      :city: Lizbona
    :Europe/Ljubljana: 
      :city: Lublana
    :Europe/London: 
      :city: Londyn
      :long: 
        :daylight: "Brytyjski czas letni"
    :Europe/Luxembourg: 
      :city: Luksemburg
    :Europe/Madrid: 
      :city: Madryt
    :Europe/Malta: 
      :city: Malta
    :Europe/Mariehamn: 
      :city: Maarianhamina
    :Europe/Minsk: 
      :city: Mińsk
    :Europe/Monaco: 
      :city: Monako
    :Europe/Moscow: 
      :city: Moskwa
    :Europe/Oslo: 
      :city: Oslo
    :Europe/Paris: 
      :city: Paryż
    :Europe/Podgorica: 
      :city: Podgorica
    :Europe/Prague: 
      :city: Praga
    :Europe/Riga: 
      :city: Ryga
    :Europe/Rome: 
      :city: Rzym
    :Europe/Samara: 
      :city: Samara
    :Europe/San_Marino: 
      :city: "San Marino"
    :Europe/Sarajevo: 
      :city: Sarajewo
    :Europe/Saratov: 
      :city: Saratów
    :Europe/Simferopol: 
      :city: Symferopol
    :Europe/Skopje: 
      :city: Skopje
    :Europe/Sofia: 
      :city: Sofia
    :Europe/Stockholm: 
      :city: Sztokholm
    :Europe/Tallinn: 
      :city: Tallin
    :Europe/Tirane: 
      :city: Tirana
    :Europe/Ulyanovsk: 
      :city: Uljanowsk
    :Europe/Uzhgorod: 
      :city: Użgorod
    :Europe/Vaduz: 
      :city: Vaduz
    :Europe/Vatican: 
      :city: Watykan
    :Europe/Vienna: 
      :city: Wiedeń
    :Europe/Vilnius: 
      :city: Wilno
    :Europe/Volgograd: 
      :city: Wołgograd
    :Europe/Warsaw: 
      :city: Warszawa
    :Europe/Zagreb: 
      :city: Zagrzeb
    :Europe/Zaporozhye: 
      :city: Zaporoże
    :Europe/Zurich: 
      :city: Zurych
    :Indian/Antananarivo: 
      :city: Antananarywa
    :Indian/Chagos: 
      :city: Czagos
    :Indian/Christmas: 
      :city: "Wyspa Bożego Narodzenia"
    :Indian/Cocos: 
      :city: "Wyspy Kokosowe"
    :Indian/Comoro: 
      :city: Komory
    :Indian/Kerguelen: 
      :city: "Wyspy Kerguelena"
    :Indian/Mahe: 
      :city: Mahé
    :Indian/Maldives: 
      :city: Malediwy
    :Indian/Mauritius: 
      :city: Mauritius
    :Indian/Mayotte: 
      :city: Majotta
    :Indian/Reunion: 
      :city: Réunion
    :Pacific/Apia: 
      :city: Apia
    :Pacific/Auckland: 
      :city: Auckland
    :Pacific/Bougainville: 
      :city: "Wyspa Bougainville’a"
    :Pacific/Chatham: 
      :city: Chatham
    :Pacific/Easter: 
      :city: "Wyspa Wielkanocna"
    :Pacific/Efate: 
      :city: Efate
    :Pacific/Enderbury: 
      :city: Enderbury
    :Pacific/Fakaofo: 
      :city: Fakaofo
    :Pacific/Fiji: 
      :city: Fidżi
    :Pacific/Funafuti: 
      :city: Funafuti
    :Pacific/Galapagos: 
      :city: Galapagos
    :Pacific/Gambier: 
      :city: "Wyspy Gambiera"
    :Pacific/Guadalcanal: 
      :city: Guadalcanal
    :Pacific/Guam: 
      :city: Guam
    :Pacific/Honolulu: 
      :city: Honolulu
    :Pacific/Johnston: 
      :city: Johnston
    :Pacific/Kiritimati: 
      :city: Kiritimati
    :Pacific/Kosrae: 
      :city: Kosrae
    :Pacific/Kwajalein: 
      :city: Kwajalein
    :Pacific/Majuro: 
      :city: Majuro
    :Pacific/Marquesas: 
      :city: Markizy
    :Pacific/Midway: 
      :city: Midway
    :Pacific/Nauru: 
      :city: Nauru
    :Pacific/Niue: 
      :city: Niue
    :Pacific/Norfolk: 
      :city: Norfolk
    :Pacific/Noumea: 
      :city: Numea
    :Pacific/Pago_Pago: 
      :city: "Pago Pago"
    :Pacific/Palau: 
      :city: Palau
    :Pacific/Pitcairn: 
      :city: Pitcairn
    :Pacific/Ponape: 
      :city: Pohnpei
    :Pacific/Port_Moresby: 
      :city: "Port Moresby"
    :Pacific/Rarotonga: 
      :city: Rarotonga
    :Pacific/Saipan: 
      :city: Saipan
    :Pacific/Tahiti: 
      :city: Tahiti
    :Pacific/Tarawa: 
      :city: Tarawa
    :Pacific/Tongatapu: 
      :city: Tongatapu
    :Pacific/Truk: 
      :city: Chuuk
    :Pacific/Wake: 
      :city: Wake
    :Pacific/Wallis: 
      :city: Wallis
