--- 
:de-AT: 
  :formats: 
    :fallback_formats: 
      :generic: "{1} ({0})"
    :gmt_formats: 
      :generic: "GMT{0}"
    :gmt_zero_formats: 
      :generic: GMT
    :hour_formats: 
      :generic: "+HH:mm;-HH:mm"
    :region_formats: 
      :daylight: "{0} Sommerzeit"
      :generic: "{0} Zeit"
      :standard: "{0} Normalzeit"
  :metazones: 
    :Acre: 
      :long: 
        :daylight: Acre-Sommerzeit
        :generic: Acre-Zeit
        :standard: Acre-Normalzeit
    :Afghanistan: 
      :long: 
        :standard: Afghanistan-Zeit
    :Africa_Central: 
      :long: 
        :standard: "Zentralafrikanische Zeit"
    :Africa_Eastern: 
      :long: 
        :standard: "Ostafrikanische Zeit"
    :Africa_Southern: 
      :long: 
        :standard: "Südafrikanische Zeit"
    :Africa_Western: 
      :long: 
        :daylight: "Westafrikanische Sommerzeit"
        :generic: "Westafrikanische Zeit"
        :standard: "Westafrikanische Normalzeit"
    :Alaska: 
      :long: 
        :daylight: Alaska-Sommerzeit
        :generic: Alaska-Zeit
        :standard: Alaska-Normalzeit
    :Almaty: 
      :long: 
        :daylight: Almaty-Sommerzeit
        :generic: Almaty-Zeit
        :standard: Almaty-Normalzeit
    :Amazon: 
      :long: 
        :daylight: Amazonas-Sommerzeit
        :generic: Amazonas-Zeit
        :standard: Amazonas-Normalzeit
    :America_Central: 
      :long: 
        :daylight: "Nordamerikanische Inland-Sommerzeit"
        :generic: "Nordamerikanische Inlandzeit"
        :standard: "Nordamerikanische Inland-Normalzeit"
    :America_Eastern: 
      :long: 
        :daylight: "Nordamerikanische Ostküsten-Sommerzeit"
        :generic: "Nordamerikanische Ostküstenzeit"
        :standard: "Nordamerikanische Ostküsten-Normalzeit"
    :America_Mountain: 
      :long: 
        :daylight: Rocky-Mountain-Sommerzeit
        :generic: Rocky-Mountain-Zeit
        :standard: "Rocky Mountain-Normalzeit"
    :America_Pacific: 
      :long: 
        :daylight: "Nordamerikanische Westküsten-Sommerzeit"
        :generic: "Nordamerikanische Westküstenzeit"
        :standard: "Nordamerikanische Westküsten-Normalzeit"
    :Anadyr: 
      :long: 
        :daylight: "Anadyr Sommerzeit"
        :generic: "Anadyr Zeit"
        :standard: "Anadyr Normalzeit"
    :Apia: 
      :long: 
        :daylight: Apia-Sommerzeit
        :generic: Apia-Zeit
        :standard: Apia-Normalzeit
    :Aqtau: 
      :long: 
        :daylight: Aqtau-Sommerzeit
        :generic: Aqtau-Zeit
        :standard: Aqtau-Normalzeit
    :Aqtobe: 
      :long: 
        :daylight: Aqtöbe-Sommerzeit
        :generic: Aqtöbe-Zeit
        :standard: Aqtöbe-Normalzeit
    :Arabian: 
      :long: 
        :daylight: "Arabische Sommerzeit"
        :generic: "Arabische Zeit"
        :standard: "Arabische Normalzeit"
    :Argentina: 
      :long: 
        :daylight: "Argentinische Sommerzeit"
        :generic: "Argentinische Zeit"
        :standard: "Argentinische Normalzeit"
    :Argentina_Western: 
      :long: 
        :daylight: "Westargentinische Sommerzeit"
        :generic: "Westargentinische Zeit"
        :standard: "Westargentinische Normalzeit"
    :Armenia: 
      :long: 
        :daylight: "Armenische Sommerzeit"
        :generic: "Armenische Zeit"
        :standard: "Armenische Normalzeit"
    :Atlantic: 
      :long: 
        :daylight: Atlantik-Sommerzeit
        :generic: Atlantik-Zeit
        :standard: Atlantik-Normalzeit
    :Australia_Central: 
      :long: 
        :daylight: "Zentralaustralische Sommerzeit"
        :generic: "Zentralaustralische Zeit"
        :standard: "Zentralaustralische Normalzeit"
    :Australia_CentralWestern: 
      :long: 
        :daylight: "Zentral-/Westaustralische Sommerzeit"
        :generic: "Zentral-/Westaustralische Zeit"
        :standard: "Zentral-/Westaustralische Normalzeit"
    :Australia_Eastern: 
      :long: 
        :daylight: "Ostaustralische Sommerzeit"
        :generic: "Ostaustralische Zeit"
        :standard: "Ostaustralische Normalzeit"
    :Australia_Western: 
      :long: 
        :daylight: "Westaustralische Sommerzeit"
        :generic: "Westaustralische Zeit"
        :standard: "Westaustralische Normalzeit"
    :Azerbaijan: 
      :long: 
        :daylight: "Aserbaidschanische Sommerzeit"
        :generic: "Aserbaidschanische Zeit"
        :standard: "Aserbeidschanische Normalzeit"
    :Azores: 
      :long: 
        :daylight: Azoren-Sommerzeit
        :generic: Azoren-Zeit
        :standard: Azoren-Normalzeit
    :Bangladesh: 
      :long: 
        :daylight: Bangladesch-Sommerzeit
        :generic: Bangladesch-Zeit
        :standard: Bangladesch-Normalzeit
    :Bhutan: 
      :long: 
        :standard: Bhutan-Zeit
    :Bolivia: 
      :long: 
        :standard: "Bolivianische Zeit"
    :Brasilia: 
      :long: 
        :daylight: Brasília-Sommerzeit
        :generic: Brasília-Zeit
        :standard: Brasília-Normalzeit
    :Brunei: 
      :long: 
        :standard: Brunei-Darussalam-Zeit
    :Cape_Verde: 
      :long: 
        :daylight: Cabo-Verde-Sommerzeit
        :generic: Cabo-Verde-Zeit
        :standard: Cabo-Verde-Normalzeit
    :Casey: 
      :long: 
        :standard: Casey-Zeit
    :Chamorro: 
      :long: 
        :standard: Chamorro-Zeit
    :Chatham: 
      :long: 
        :daylight: Chatham-Sommerzeit
        :generic: Chatham-Zeit
        :standard: Chatham-Normalzeit
    :Chile: 
      :long: 
        :daylight: "Chilenische Sommerzeit"
        :generic: "Chilenische Zeit"
        :standard: "Chilenische Normalzeit"
    :China: 
      :long: 
        :daylight: "Chinesische Sommerzeit"
        :generic: "Chinesische Zeit"
        :standard: "Chinesische Normalzeit"
    :Choibalsan: 
      :long: 
        :daylight: Tschoibalsan-Sommerzeit
        :generic: Tschoibalsan-Zeit
        :standard: Tschoibalsan-Normalzeit
    :Christmas: 
      :long: 
        :standard: Weihnachtsinsel-Zeit
    :Cocos: 
      :long: 
        :standard: Kokosinseln-Zeit
    :Colombia: 
      :long: 
        :daylight: "Kolumbianische Sommerzeit"
        :generic: "Kolumbianische Zeit"
        :standard: "Kolumbianische Normalzeit"
    :Cook: 
      :long: 
        :daylight: Cookinseln-Sommerzeit
        :generic: Cookinseln-Zeit
        :standard: Cookinseln-Normalzeit
    :Cuba: 
      :long: 
        :daylight: "Kubanische Sommerzeit"
        :generic: "Kubanische Zeit"
        :standard: "Kubanische Normalzeit"
    :Davis: 
      :long: 
        :standard: Davis-Zeit
    :DumontDUrville: 
      :long: 
        :standard: Dumont-d’Urville-Zeit
    :East_Timor: 
      :long: 
        :standard: Osttimor-Zeit
    :Easter: 
      :long: 
        :daylight: Osterinsel-Sommerzeit
        :generic: Osterinsel-Zeit
        :standard: Osterinsel-Normalzeit
    :Ecuador: 
      :long: 
        :standard: "Ecuadorianische Zeit"
    :Europe_Central: 
      :long: 
        :daylight: "Mitteleuropäische Sommerzeit"
        :generic: "Mitteleuropäische Zeit"
        :standard: "Mitteleuropäische Normalzeit"
      :short: 
        :daylight: MESZ
        :generic: MEZ
        :standard: MEZ
    :Europe_Eastern: 
      :long: 
        :daylight: "Osteuropäische Sommerzeit"
        :generic: "Osteuropäische Zeit"
        :standard: "Osteuropäische Normalzeit"
      :short: 
        :daylight: OESZ
        :generic: OEZ
        :standard: OEZ
    :Europe_Further_Eastern: 
      :long: 
        :standard: "Kaliningrader Zeit"
    :Europe_Western: 
      :long: 
        :daylight: "Westeuropäische Sommerzeit"
        :generic: "Westeuropäische Zeit"
        :standard: "Westeuropäische Normalzeit"
      :short: 
        :daylight: WESZ
        :generic: WEZ
        :standard: WEZ
    :Falkland: 
      :long: 
        :daylight: Falklandinseln-Sommerzeit
        :generic: Falklandinseln-Zeit
        :standard: Falklandinseln-Normalzeit
    :Fiji: 
      :long: 
        :daylight: Fidschi-Sommerzeit
        :generic: Fidschi-Zeit
        :standard: Fidschi-Normalzeit
    :French_Guiana: 
      :long: 
        :standard: Französisch-Guayana-Zeit
    :French_Southern: 
      :long: 
        :standard: Französische-Süd-und-Antarktisgebiete-Zeit
    :GMT: 
      :long: 
        :standard: "Mittlere Greenwich-Zeit"
    :Galapagos: 
      :long: 
        :standard: Galapagos-Zeit
    :Gambier: 
      :long: 
        :standard: Gambier-Zeit
    :Georgia: 
      :long: 
        :daylight: "Georgische Sommerzeit"
        :generic: "Georgische Zeit"
        :standard: "Georgische Normalzeit"
    :Gilbert_Islands: 
      :long: 
        :standard: Gilbert-Inseln-Zeit
    :Greenland_Eastern: 
      :long: 
        :daylight: Ostgrönland-Sommerzeit
        :generic: Ostgrönland-Zeit
        :standard: Ostgrönland-Normalzeit
    :Greenland_Western: 
      :long: 
        :daylight: Westgrönland-Sommerzeit
        :generic: Westgrönland-Zeit
        :standard: Westgrönland-Normalzeit
    :Guam: 
      :long: 
        :standard: Guam-Zeit
    :Gulf: 
      :long: 
        :standard: Golf-Zeit
    :Guyana: 
      :long: 
        :standard: Guyana-Zeit
    :Hawaii_Aleutian: 
      :long: 
        :daylight: Hawaii-Aleuten-Sommerzeit
        :generic: Hawaii-Aleuten-Zeit
        :standard: Hawaii-Aleuten-Normalzeit
    :Hong_Kong: 
      :long: 
        :daylight: Hongkong-Sommerzeit
        :generic: Hongkong-Zeit
        :standard: Hongkong-Normalzeit
    :Hovd: 
      :long: 
        :daylight: Chowd-Sommerzeit
        :generic: Chowd-Zeit
        :standard: Chowd-Normalzeit
    :India: 
      :long: 
        :standard: "Indische Normalzeit"
    :Indian_Ocean: 
      :long: 
        :standard: Indischer-Ozean-Zeit
    :Indochina: 
      :long: 
        :standard: Indochina-Zeit
    :Indonesia_Central: 
      :long: 
        :standard: "Zentralindonesische Zeit"
    :Indonesia_Eastern: 
      :long: 
        :standard: "Ostindonesische Zeit"
    :Indonesia_Western: 
      :long: 
        :standard: "Westindonesische Zeit"
    :Iran: 
      :long: 
        :daylight: "Iranische Sommerzeit"
        :generic: "Iranische Zeit"
        :standard: "Iranische Normalzeit"
    :Irkutsk: 
      :long: 
        :daylight: Irkutsk-Sommerzeit
        :generic: Irkutsk-Zeit
        :standard: Irkutsk-Normalzeit
    :Israel: 
      :long: 
        :daylight: "Israelische Sommerzeit"
        :generic: "Israelische Zeit"
        :standard: "Israelische Normalzeit"
    :Japan: 
      :long: 
        :daylight: "Japanische Sommerzeit"
        :generic: "Japanische Zeit"
        :standard: "Japanische Normalzeit"
    :Kamchatka: 
      :long: 
        :daylight: Kamtschatka-Sommerzeit
        :generic: Kamtschatka-Zeit
        :standard: Kamtschatka-Normalzeit
    :Kazakhstan_Eastern: 
      :long: 
        :standard: "Ostkasachische Zeit"
    :Kazakhstan_Western: 
      :long: 
        :standard: "Westkasachische Zeit"
    :Korea: 
      :long: 
        :daylight: "Koreanische Sommerzeit"
        :generic: "Koreanische Zeit"
        :standard: "Koreanische Normalzeit"
    :Kosrae: 
      :long: 
        :standard: Kosrae-Zeit
    :Krasnoyarsk: 
      :long: 
        :daylight: Krasnojarsk-Sommerzeit
        :generic: Krasnojarsk-Zeit
        :standard: Krasnojarsk-Normalzeit
    :Kyrgystan: 
      :long: 
        :standard: Kirgisistan-Zeit
    :Lanka: 
      :long: 
        :standard: Sri-Lanka-Zeit
    :Line_Islands: 
      :long: 
        :standard: Linieninseln-Zeit
    :Lord_Howe: 
      :long: 
        :daylight: Lord-Howe-Sommerzeit
        :generic: Lord-Howe-Zeit
        :standard: Lord-Howe-Normalzeit
    :Macau: 
      :long: 
        :daylight: Macau-Sommerzeit
        :generic: Macau-Zeit
        :standard: Macau-Normalzeit
    :Macquarie: 
      :long: 
        :standard: Macquarieinsel-Zeit
    :Magadan: 
      :long: 
        :daylight: Magadan-Sommerzeit
        :generic: Magadan-Zeit
        :standard: Magadan-Normalzeit
    :Malaysia: 
      :long: 
        :standard: "Malaysische Zeit"
    :Maldives: 
      :long: 
        :standard: Malediven-Zeit
    :Marquesas: 
      :long: 
        :standard: Marquesas-Zeit
    :Marshall_Islands: 
      :long: 
        :standard: Marshallinseln-Zeit
    :Mauritius: 
      :long: 
        :daylight: Mauritius-Sommerzeit
        :generic: Mauritius-Zeit
        :standard: Mauritius-Normalzeit
    :Mawson: 
      :long: 
        :standard: Mawson-Zeit
    :Mexico_Northwest: 
      :long: 
        :daylight: "Mexiko Nordwestliche Zone-Sommerzeit"
        :generic: "Mexiko Nordwestliche Zone-Zeit"
        :standard: "Mexiko Nordwestliche Zone-Normalzeit"
    :Mexico_Pacific: 
      :long: 
        :daylight: "Mexiko Pazifikzone-Sommerzeit"
        :generic: "Mexiko Pazifikzone-Zeit"
        :standard: "Mexiko Pazifikzone-Normalzeit"
    :Mongolia: 
      :long: 
        :daylight: Ulaanbaatar-Sommerzeit
        :generic: Ulaanbaatar-Zeit
        :standard: Ulaanbaatar-Normalzeit
    :Moscow: 
      :long: 
        :daylight: "Moskauer Sommerzeit"
        :generic: "Moskauer Zeit"
        :standard: "Moskauer Normalzeit"
    :Myanmar: 
      :long: 
        :standard: Myanmar-Zeit
    :Nauru: 
      :long: 
        :standard: Nauru-Zeit
    :Nepal: 
      :long: 
        :standard: "Nepalesische Zeit"
    :New_Caledonia: 
      :long: 
        :daylight: "Neukaledonische Sommerzeit"
        :generic: "Neukaledonische Zeit"
        :standard: "Neukaledonische Normalzeit"
    :New_Zealand: 
      :long: 
        :daylight: Neuseeland-Sommerzeit
        :generic: Neuseeland-Zeit
        :standard: Neuseeland-Normalzeit
    :Newfoundland: 
      :long: 
        :daylight: Neufundland-Sommerzeit
        :generic: Neufundland-Zeit
        :standard: Neufundland-Normalzeit
    :Niue: 
      :long: 
        :standard: Niue-Zeit
    :Norfolk: 
      :long: 
        :daylight: Norfolkinsel-Sommerzeit
        :generic: Norfolkinsel-Zeit
        :standard: Norfolkinsel-Normalzeit
    :Noronha: 
      :long: 
        :daylight: Fernando-de-Noronha-Sommerzeit
        :generic: Fernando-de-Noronha-Zeit
        :standard: Fernando-de-Noronha-Normalzeit
    :North_Mariana: 
      :long: 
        :standard: Nördliche-Marianen-Zeit
    :Novosibirsk: 
      :long: 
        :daylight: Nowosibirsk-Sommerzeit
        :generic: Nowosibirsk-Zeit
        :standard: Nowosibirsk-Normalzeit
    :Omsk: 
      :long: 
        :daylight: "Omsker Sommerzeit"
        :generic: "Omsker Zeit"
        :standard: "Omsker Normalzeit"
    :Pakistan: 
      :long: 
        :daylight: "Pakistanische Sommerzeit"
        :generic: "Pakistanische Zeit"
        :standard: "Pakistanische Normalzeit"
    :Palau: 
      :long: 
        :standard: Palau-Zeit
    :Papua_New_Guinea: 
      :long: 
        :standard: Papua-Neuguinea-Zeit
    :Paraguay: 
      :long: 
        :daylight: "Paraguayanische Sommerzeit"
        :generic: "Paraguayanische Zeit"
        :standard: "Paraguayanische Normalzeit"
    :Peru: 
      :long: 
        :daylight: "Peruanische Sommerzeit"
        :generic: "Peruanische Zeit"
        :standard: "Peruanische Normalzeit"
    :Philippines: 
      :long: 
        :daylight: "Philippinische Sommerzeit"
        :generic: "Philippinische Zeit"
        :standard: "Philippinische Normalzeit"
    :Phoenix_Islands: 
      :long: 
        :standard: Phoenixinseln-Zeit
    :Pierre_Miquelon: 
      :long: 
        :daylight: St.-Pierre-und-Miquelon-Sommerzeit
        :generic: St.-Pierre-und-Miquelon-Zeit
        :standard: St.-Pierre-und-Miquelon-Normalzeit
    :Pitcairn: 
      :long: 
        :standard: Pitcairninseln-Zeit
    :Ponape: 
      :long: 
        :standard: Ponape-Zeit
    :Pyongyang: 
      :long: 
        :standard: Pjöngjang-Zeit
    :Qyzylorda: 
      :long: 
        :daylight: Qysylorda-Sommerzeit
        :generic: Quysylorda-Zeit
        :standard: Quysylorda-Normalzeit
    :Reunion: 
      :long: 
        :standard: Réunion-Zeit
    :Rothera: 
      :long: 
        :standard: Rothera-Zeit
    :Sakhalin: 
      :long: 
        :daylight: Sachalin-Sommerzeit
        :generic: Sachalin-Zeit
        :standard: Sachalin-Normalzeit
    :Samara: 
      :long: 
        :daylight: Samara-Sommerzeit
        :generic: Samara-Zeit
        :standard: Samara-Normalzeit
    :Samoa: 
      :long: 
        :daylight: Samoa-Sommerzeit
        :generic: Samoa-Zeit
        :standard: Samoa-Normalzeit
    :Seychelles: 
      :long: 
        :standard: Seychellen-Zeit
    :Singapore: 
      :long: 
        :standard: "Singapurische Normalzeit"
    :Solomon: 
      :long: 
        :standard: Salomonen-Zeit
    :South_Georgia: 
      :long: 
        :standard: "Südgeorgische Zeit"
    :Suriname: 
      :long: 
        :standard: Suriname-Zeit
    :Syowa: 
      :long: 
        :standard: Syowa-Zeit
    :Tahiti: 
      :long: 
        :standard: Tahiti-Zeit
    :Taipei: 
      :long: 
        :daylight: Taipeh-Sommerzeit
        :generic: Taipeh-Zeit
        :standard: Taipeh-Normalzeit
    :Tajikistan: 
      :long: 
        :standard: Tadschikistan-Zeit
    :Tokelau: 
      :long: 
        :standard: Tokelau-Zeit
    :Tonga: 
      :long: 
        :daylight: "Tonganische Sommerzeit"
        :generic: "Tonganische Zeit"
        :standard: "Tonganische Normalzeit"
    :Truk: 
      :long: 
        :standard: Chuuk-Zeit
    :Turkmenistan: 
      :long: 
        :daylight: Turkmenistan-Sommerzeit
        :generic: Turkmenistan-Zeit
        :standard: Turkmenistan-Normalzeit
    :Tuvalu: 
      :long: 
        :standard: Tuvalu-Zeit
    :Uruguay: 
      :long: 
        :daylight: "Uruguayanische Sommerzeit"
        :generic: "Uruguayanische Zeit"
        :standard: "Uruguyanische Normalzeit"
    :Uzbekistan: 
      :long: 
        :daylight: Usbekistan-Sommerzeit
        :generic: Usbekistan-Zeit
        :standard: Usbekistan-Normalzeit
    :Vanuatu: 
      :long: 
        :daylight: Vanuatu-Sommerzeit
        :generic: Vanuatu-Zeit
        :standard: Vanuatu-Normalzeit
    :Venezuela: 
      :long: 
        :standard: Venezuela-Zeit
    :Vladivostok: 
      :long: 
        :daylight: Wladiwostok-Sommerzeit
        :generic: Wladiwostok-Zeit
        :standard: Wladiwostok-Normalzeit
    :Volgograd: 
      :long: 
        :daylight: Wolgograd-Sommerzeit
        :generic: Wolgograd-Zeit
        :standard: Wolgograd-Normalzeit
    :Vostok: 
      :long: 
        :standard: Wostok-Zeit
    :Wake: 
      :long: 
        :standard: Wake-Insel-Zeit
    :Wallis: 
      :long: 
        :standard: Wallis-und-Futuna-Zeit
    :Yakutsk: 
      :long: 
        :daylight: "Jakutsker Sommerzeit"
        :generic: "Jakutsker Zeit"
        :standard: "Jakutsker Normalzeit"
    :Yekaterinburg: 
      :long: 
        :daylight: Jekaterinburg-Sommerzeit
        :generic: Jekaterinburg-Zeit
        :standard: Jekaterinburg-Normalzeit
  :timezones: 
    :Africa/Abidjan: 
      :city: Abidjan
    :Africa/Accra: 
      :city: Accra
    :Africa/Addis_Ababa: 
      :city: "Addis Abeba"
    :Africa/Algiers: 
      :city: Algier
    :Africa/Asmera: 
      :city: Asmara
    :Africa/Bamako: 
      :city: Bamako
    :Africa/Bangui: 
      :city: Bangui
    :Africa/Banjul: 
      :city: Banjul
    :Africa/Bissau: 
      :city: Bissau
    :Africa/Blantyre: 
      :city: Blantyre
    :Africa/Brazzaville: 
      :city: Brazzaville
    :Africa/Bujumbura: 
      :city: Bujumbura
    :Africa/Cairo: 
      :city: Kairo
    :Africa/Casablanca: 
      :city: Casablanca
    :Africa/Ceuta: 
      :city: Ceuta
    :Africa/Conakry: 
      :city: Conakry
    :Africa/Dakar: 
      :city: Dakar
    :Africa/Dar_es_Salaam: 
      :city: Daressalam
    :Africa/Djibouti: 
      :city: Dschibuti
    :Africa/Douala: 
      :city: Douala
    :Africa/El_Aaiun: 
      :city: "El Aaiún"
    :Africa/Freetown: 
      :city: Freetown
    :Africa/Gaborone: 
      :city: Gaborone
    :Africa/Harare: 
      :city: Harare
    :Africa/Johannesburg: 
      :city: Johannesburg
    :Africa/Juba: 
      :city: Juba
    :Africa/Kampala: 
      :city: Kampala
    :Africa/Khartoum: 
      :city: Khartum
    :Africa/Kigali: 
      :city: Kigali
    :Africa/Kinshasa: 
      :city: Kinshasa
    :Africa/Lagos: 
      :city: Lagos
    :Africa/Libreville: 
      :city: Libreville
    :Africa/Lome: 
      :city: Lomé
    :Africa/Luanda: 
      :city: Luanda
    :Africa/Lubumbashi: 
      :city: Lubumbashi
    :Africa/Lusaka: 
      :city: Lusaka
    :Africa/Malabo: 
      :city: Malabo
    :Africa/Maputo: 
      :city: Maputo
    :Africa/Maseru: 
      :city: Maseru
    :Africa/Mbabane: 
      :city: Mbabane
    :Africa/Mogadishu: 
      :city: Mogadischu
    :Africa/Monrovia: 
      :city: Monrovia
    :Africa/Nairobi: 
      :city: Nairobi
    :Africa/Ndjamena: 
      :city: N’Djamena
    :Africa/Niamey: 
      :city: Niamey
    :Africa/Nouakchott: 
      :city: Nouakchott
    :Africa/Ouagadougou: 
      :city: Ouagadougou
    :Africa/Porto-Novo: 
      :city: "Porto Novo"
    :Africa/Sao_Tome: 
      :city: "São Tomé"
    :Africa/Tripoli: 
      :city: Tripolis
    :Africa/Tunis: 
      :city: Tunis
    :Africa/Windhoek: 
      :city: Windhoek
    :America/Adak: 
      :city: Adak
    :America/Anchorage: 
      :city: Anchorage
    :America/Anguilla: 
      :city: Anguilla
    :America/Antigua: 
      :city: Antigua
    :America/Araguaina: 
      :city: Araguaina
    :America/Argentina/La_Rioja: 
      :city: "La Rioja"
    :America/Argentina/Rio_Gallegos: 
      :city: "Rio Gallegos"
    :America/Argentina/Salta: 
      :city: Salta
    :America/Argentina/San_Juan: 
      :city: "San Juan"
    :America/Argentina/San_Luis: 
      :city: "San Luis"
    :America/Argentina/Tucuman: 
      :city: Tucuman
    :America/Argentina/Ushuaia: 
      :city: Ushuaia
    :America/Aruba: 
      :city: Aruba
    :America/Asuncion: 
      :city: Asunción
    :America/Bahia: 
      :city: Bahia
    :America/Bahia_Banderas: 
      :city: "Bahia Banderas"
    :America/Barbados: 
      :city: Barbados
    :America/Belem: 
      :city: Belem
    :America/Belize: 
      :city: Belize
    :America/Blanc-Sablon: 
      :city: Blanc-Sablon
    :America/Boa_Vista: 
      :city: "Boa Vista"
    :America/Bogota: 
      :city: Bogotá
    :America/Boise: 
      :city: Boise
    :America/Buenos_Aires: 
      :city: "Buenos Aires"
    :America/Cambridge_Bay: 
      :city: "Cambridge Bay"
    :America/Campo_Grande: 
      :city: "Campo Grande"
    :America/Cancun: 
      :city: Cancún
    :America/Caracas: 
      :city: Caracas
    :America/Catamarca: 
      :city: Catamarca
    :America/Cayenne: 
      :city: Cayenne
    :America/Cayman: 
      :city: Kaimaninseln
    :America/Chicago: 
      :city: Chicago
    :America/Chihuahua: 
      :city: Chihuahua
    :America/Coral_Harbour: 
      :city: Atikokan
    :America/Cordoba: 
      :city: Córdoba
    :America/Costa_Rica: 
      :city: "Costa Rica"
    :America/Creston: 
      :city: Creston
    :America/Cuiaba: 
      :city: Cuiaba
    :America/Curacao: 
      :city: Curaçao
    :America/Danmarkshavn: 
      :city: Danmarkshavn
    :America/Dawson: 
      :city: Dawson
    :America/Dawson_Creek: 
      :city: "Dawson Creek"
    :America/Denver: 
      :city: Denver
    :America/Detroit: 
      :city: Detroit
    :America/Dominica: 
      :city: Dominica
    :America/Edmonton: 
      :city: Edmonton
    :America/Eirunepe: 
      :city: Eirunepe
    :America/El_Salvador: 
      :city: "El Salvador"
    :America/Fort_Nelson: 
      :city: "Fort Nelson"
    :America/Fortaleza: 
      :city: Fortaleza
    :America/Glace_Bay: 
      :city: "Glace Bay"
    :America/Godthab: 
      :city: Nuuk
    :America/Goose_Bay: 
      :city: "Goose Bay"
    :America/Grand_Turk: 
      :city: "Grand Turk"
    :America/Grenada: 
      :city: Grenada
    :America/Guadeloupe: 
      :city: Guadeloupe
    :America/Guatemala: 
      :city: Guatemala
    :America/Guayaquil: 
      :city: Guayaquil
    :America/Guyana: 
      :city: Guyana
    :America/Halifax: 
      :city: Halifax
    :America/Havana: 
      :city: Havanna
    :America/Hermosillo: 
      :city: Hermosillo
    :America/Indiana/Knox: 
      :city: "Knox, Indiana"
    :America/Indiana/Marengo: 
      :city: "Marengo, Indiana"
    :America/Indiana/Petersburg: 
      :city: "Petersburg, Indiana"
    :America/Indiana/Tell_City: 
      :city: "Tell City, Indiana"
    :America/Indiana/Vevay: 
      :city: "Vevay, Indiana"
    :America/Indiana/Vincennes: 
      :city: "Vincennes, Indiana"
    :America/Indiana/Winamac: 
      :city: "Winamac, Indiana"
    :America/Indianapolis: 
      :city: Indianapolis
    :America/Inuvik: 
      :city: Inuvik
    :America/Iqaluit: 
      :city: Iqaluit
    :America/Jamaica: 
      :city: Jamaika
    :America/Jujuy: 
      :city: Jujuy
    :America/Juneau: 
      :city: Juneau
    :America/Kentucky/Monticello: 
      :city: "Monticello, Kentucky"
    :America/Kralendijk: 
      :city: Kralendijk
    :America/La_Paz: 
      :city: "La Paz"
    :America/Lima: 
      :city: Lima
    :America/Los_Angeles: 
      :city: "Los Angeles"
    :America/Louisville: 
      :city: Louisville
    :America/Lower_Princes: 
      :city: "Lower Prince’s Quarter"
    :America/Maceio: 
      :city: Maceio
    :America/Managua: 
      :city: Managua
    :America/Manaus: 
      :city: Manaus
    :America/Marigot: 
      :city: Marigot
    :America/Martinique: 
      :city: Martinique
    :America/Matamoros: 
      :city: Matamoros
    :America/Mazatlan: 
      :city: Mazatlan
    :America/Mendoza: 
      :city: Mendoza
    :America/Menominee: 
      :city: Menominee
    :America/Merida: 
      :city: Merida
    :America/Metlakatla: 
      :city: Metlakatla
    :America/Mexico_City: 
      :city: Mexiko-Stadt
    :America/Miquelon: 
      :city: Miquelon
    :America/Moncton: 
      :city: Moncton
    :America/Monterrey: 
      :city: Monterrey
    :America/Montevideo: 
      :city: Montevideo
    :America/Montserrat: 
      :city: Montserrat
    :America/Nassau: 
      :city: Nassau
    :America/New_York: 
      :city: "New York"
    :America/Nipigon: 
      :city: Nipigon
    :America/Nome: 
      :city: Nome
    :America/Noronha: 
      :city: Noronha
    :America/North_Dakota/Beulah: 
      :city: "Beulah, North Dakota"
    :America/North_Dakota/Center: 
      :city: "Center, North Dakota"
    :America/North_Dakota/New_Salem: 
      :city: "New Salem, North Dakota"
    :America/Ojinaga: 
      :city: Ojinaga
    :America/Panama: 
      :city: Panama
    :America/Pangnirtung: 
      :city: Pangnirtung
    :America/Paramaribo: 
      :city: Paramaribo
    :America/Phoenix: 
      :city: Phoenix
    :America/Port-au-Prince: 
      :city: Port-au-Prince
    :America/Port_of_Spain: 
      :city: "Port of Spain"
    :America/Porto_Velho: 
      :city: "Porto Velho"
    :America/Puerto_Rico: 
      :city: "Puerto Rico"
    :America/Punta_Arenas: 
      :city: "Punta Arenas"
    :America/Rainy_River: 
      :city: "Rainy River"
    :America/Rankin_Inlet: 
      :city: "Rankin Inlet"
    :America/Recife: 
      :city: Recife
    :America/Regina: 
      :city: Regina
    :America/Resolute: 
      :city: Resolute
    :America/Rio_Branco: 
      :city: "Rio Branco"
    :America/Santa_Isabel: 
      :city: "Santa Isabel"
    :America/Santarem: 
      :city: Santarem
    :America/Santiago: 
      :city: Santiago
    :America/Santo_Domingo: 
      :city: "Santo Domingo"
    :America/Sao_Paulo: 
      :city: "São Paulo"
    :America/Scoresbysund: 
      :city: Ittoqqortoormiit
    :America/Sitka: 
      :city: Sitka
    :America/St_Barthelemy: 
      :city: Saint-Barthélemy
    :America/St_Johns: 
      :city: "St. John’s"
    :America/St_Kitts: 
      :city: "St. Kitts"
    :America/St_Lucia: 
      :city: "St. Lucia"
    :America/St_Thomas: 
      :city: "St. Thomas"
    :America/St_Vincent: 
      :city: "St. Vincent"
    :America/Swift_Current: 
      :city: "Swift Current"
    :America/Tegucigalpa: 
      :city: Tegucigalpa
    :America/Thule: 
      :city: Thule
    :America/Thunder_Bay: 
      :city: "Thunder Bay"
    :America/Tijuana: 
      :city: Tijuana
    :America/Toronto: 
      :city: Toronto
    :America/Tortola: 
      :city: Tortola
    :America/Vancouver: 
      :city: Vancouver
    :America/Whitehorse: 
      :city: Whitehorse
    :America/Winnipeg: 
      :city: Winnipeg
    :America/Yakutat: 
      :city: Yakutat
    :America/Yellowknife: 
      :city: Yellowknife
    :Antarctica/Casey: 
      :city: Casey
    :Antarctica/Davis: 
      :city: Davis
    :Antarctica/DumontDUrville: 
      :city: "Dumont d’Urville"
    :Antarctica/Macquarie: 
      :city: Macquarie
    :Antarctica/Mawson: 
      :city: Mawson
    :Antarctica/McMurdo: 
      :city: McMurdo
    :Antarctica/Palmer: 
      :city: Palmer
    :Antarctica/Rothera: 
      :city: Rothera
    :Antarctica/Syowa: 
      :city: Syowa
    :Antarctica/Troll: 
      :city: Troll
    :Antarctica/Vostok: 
      :city: Wostok
    :Arctic/Longyearbyen: 
      :city: Longyearbyen
    :Asia/Aden: 
      :city: Aden
    :Asia/Almaty: 
      :city: Almaty
    :Asia/Amman: 
      :city: Amman
    :Asia/Anadyr: 
      :city: Anadyr
    :Asia/Aqtau: 
      :city: Aqtau
    :Asia/Aqtobe: 
      :city: Aktobe
    :Asia/Ashgabat: 
      :city: Aşgabat
    :Asia/Atyrau: 
      :city: Atyrau
    :Asia/Baghdad: 
      :city: Bagdad
    :Asia/Bahrain: 
      :city: Bahrain
    :Asia/Baku: 
      :city: Baku
    :Asia/Bangkok: 
      :city: Bangkok
    :Asia/Barnaul: 
      :city: Barnaul
    :Asia/Beirut: 
      :city: Beirut
    :Asia/Bishkek: 
      :city: Bischkek
    :Asia/Brunei: 
      :city: "Brunei Darussalam"
    :Asia/Calcutta: 
      :city: Kalkutta
    :Asia/Chita: 
      :city: Tschita
    :Asia/Choibalsan: 
      :city: Tschoibalsan
    :Asia/Colombo: 
      :city: Colombo
    :Asia/Damascus: 
      :city: Damaskus
    :Asia/Dhaka: 
      :city: Dhaka
    :Asia/Dili: 
      :city: Dili
    :Asia/Dubai: 
      :city: Dubai
    :Asia/Dushanbe: 
      :city: Duschanbe
    :Asia/Famagusta: 
      :city: Famagusta
    :Asia/Gaza: 
      :city: Gaza
    :Asia/Hebron: 
      :city: Hebron
    :Asia/Hong_Kong: 
      :city: Hongkong
    :Asia/Hovd: 
      :city: Chowd
    :Asia/Irkutsk: 
      :city: Irkutsk
    :Asia/Jakarta: 
      :city: Jakarta
    :Asia/Jayapura: 
      :city: Jayapura
    :Asia/Jerusalem: 
      :city: Jerusalem
    :Asia/Kabul: 
      :city: Kabul
    :Asia/Kamchatka: 
      :city: Kamtschatka
    :Asia/Karachi: 
      :city: Karatschi
    :Asia/Katmandu: 
      :city: Kathmandu
    :Asia/Khandyga: 
      :city: Chandyga
    :Asia/Krasnoyarsk: 
      :city: Krasnojarsk
    :Asia/Kuala_Lumpur: 
      :city: "Kuala Lumpur"
    :Asia/Kuching: 
      :city: Kuching
    :Asia/Kuwait: 
      :city: Kuwait
    :Asia/Macau: 
      :city: Macau
    :Asia/Magadan: 
      :city: Magadan
    :Asia/Makassar: 
      :city: Makassar
    :Asia/Manila: 
      :city: Manila
    :Asia/Muscat: 
      :city: Maskat
    :Asia/Nicosia: 
      :city: Nikosia
    :Asia/Novokuznetsk: 
      :city: Nowokuznetsk
    :Asia/Novosibirsk: 
      :city: Nowosibirsk
    :Asia/Omsk: 
      :city: Omsk
    :Asia/Oral: 
      :city: Oral
    :Asia/Phnom_Penh: 
      :city: "Phnom Penh"
    :Asia/Pontianak: 
      :city: Pontianak
    :Asia/Pyongyang: 
      :city: Pjöngjang
    :Asia/Qatar: 
      :city: Katar
    :Asia/Qostanay: 
      :city: Qostanai
    :Asia/Qyzylorda: 
      :city: Qysylorda
    :Asia/Rangoon: 
      :city: Rangun
    :Asia/Riyadh: 
      :city: Riad
    :Asia/Saigon: 
      :city: Ho-Chi-Minh-Stadt
    :Asia/Sakhalin: 
      :city: Sachalin
    :Asia/Samarkand: 
      :city: Samarkand
    :Asia/Seoul: 
      :city: Seoul
    :Asia/Shanghai: 
      :city: Shanghai
    :Asia/Singapore: 
      :city: Singapur
    :Asia/Srednekolymsk: 
      :city: Srednekolymsk
    :Asia/Taipei: 
      :city: Taipeh
    :Asia/Tashkent: 
      :city: Taschkent
    :Asia/Tbilisi: 
      :city: Tiflis
    :Asia/Tehran: 
      :city: Teheran
    :Asia/Thimphu: 
      :city: Thimphu
    :Asia/Tokyo: 
      :city: Tokio
    :Asia/Tomsk: 
      :city: Tomsk
    :Asia/Ulaanbaatar: 
      :city: Ulaanbaatar
    :Asia/Urumqi: 
      :city: Ürümqi
    :Asia/Ust-Nera: 
      :city: Ust-Nera
    :Asia/Vientiane: 
      :city: Vientiane
    :Asia/Vladivostok: 
      :city: Wladiwostok
    :Asia/Yakutsk: 
      :city: Jakutsk
    :Asia/Yekaterinburg: 
      :city: Jekaterinburg
    :Asia/Yerevan: 
      :city: Eriwan
    :Atlantic/Azores: 
      :city: Azoren
    :Atlantic/Bermuda: 
      :city: Bermuda
    :Atlantic/Canary: 
      :city: Kanaren
    :Atlantic/Cape_Verde: 
      :city: "Cabo Verde"
    :Atlantic/Faeroe: 
      :city: Färöer
    :Atlantic/Madeira: 
      :city: Madeira
    :Atlantic/Reykjavik: 
      :city: Reyk­ja­vík
    :Atlantic/South_Georgia: 
      :city: Südgeorgien
    :Atlantic/St_Helena: 
      :city: "St. Helena"
    :Atlantic/Stanley: 
      :city: Stanley
    :Australia/Adelaide: 
      :city: Adelaide
    :Australia/Brisbane: 
      :city: Brisbane
    :Australia/Broken_Hill: 
      :city: "Broken Hill"
    :Australia/Currie: 
      :city: Currie
    :Australia/Darwin: 
      :city: Darwin
    :Australia/Eucla: 
      :city: Eucla
    :Australia/Hobart: 
      :city: Hobart
    :Australia/Lindeman: 
      :city: Lindeman
    :Australia/Lord_Howe: 
      :city: "Lord Howe"
    :Australia/Melbourne: 
      :city: Melbourne
    :Australia/Perth: 
      :city: Perth
    :Australia/Sydney: 
      :city: Sydney
    :Etc/UTC: 
      :long: 
        :standard: "Koordinierte Weltzeit"
      :short: 
        :standard: UTC
    :Etc/Unknown: 
      :city: Unbekannt
    :Europe/Amsterdam: 
      :city: Amsterdam
    :Europe/Andorra: 
      :city: Andorra
    :Europe/Astrakhan: 
      :city: Astrachan
    :Europe/Athens: 
      :city: Athen
    :Europe/Belgrade: 
      :city: Belgrad
    :Europe/Berlin: 
      :city: Berlin
    :Europe/Bratislava: 
      :city: Bratislava
    :Europe/Brussels: 
      :city: Brüssel
    :Europe/Bucharest: 
      :city: Bukarest
    :Europe/Budapest: 
      :city: Budapest
    :Europe/Busingen: 
      :city: Büsingen
    :Europe/Chisinau: 
      :city: Kischinau
    :Europe/Copenhagen: 
      :city: Kopenhagen
    :Europe/Dublin: 
      :city: Dublin
      :long: 
        :daylight: "Irische Sommerzeit"
    :Europe/Gibraltar: 
      :city: Gibraltar
    :Europe/Guernsey: 
      :city: Guernsey
    :Europe/Helsinki: 
      :city: Helsinki
    :Europe/Isle_of_Man: 
      :city: "Isle of Man"
    :Europe/Istanbul: 
      :city: Istanbul
    :Europe/Jersey: 
      :city: Jersey
    :Europe/Kaliningrad: 
      :city: Kaliningrad
    :Europe/Kiev: 
      :city: Kiew
    :Europe/Kirov: 
      :city: Kirow
    :Europe/Lisbon: 
      :city: Lissabon
    :Europe/Ljubljana: 
      :city: Ljubljana
    :Europe/London: 
      :city: London
      :long: 
        :daylight: "Britische Sommerzeit"
    :Europe/Luxembourg: 
      :city: Luxemburg
    :Europe/Madrid: 
      :city: Madrid
    :Europe/Malta: 
      :city: Malta
    :Europe/Mariehamn: 
      :city: Mariehamn
    :Europe/Minsk: 
      :city: Minsk
    :Europe/Monaco: 
      :city: Monaco
    :Europe/Moscow: 
      :city: Moskau
    :Europe/Oslo: 
      :city: Oslo
    :Europe/Paris: 
      :city: Paris
    :Europe/Podgorica: 
      :city: Podgorica
    :Europe/Prague: 
      :city: Prag
    :Europe/Riga: 
      :city: Riga
    :Europe/Rome: 
      :city: Rom
    :Europe/Samara: 
      :city: Samara
    :Europe/San_Marino: 
      :city: "San Marino"
    :Europe/Sarajevo: 
      :city: Sarajevo
    :Europe/Saratov: 
      :city: Saratow
    :Europe/Simferopol: 
      :city: Simferopol
    :Europe/Skopje: 
      :city: Skopje
    :Europe/Sofia: 
      :city: Sofia
    :Europe/Stockholm: 
      :city: Stockholm
    :Europe/Tallinn: 
      :city: Tallinn
    :Europe/Tirane: 
      :city: Tirana
    :Europe/Ulyanovsk: 
      :city: Uljanowsk
    :Europe/Uzhgorod: 
      :city: Uschgorod
    :Europe/Vaduz: 
      :city: Vaduz
    :Europe/Vatican: 
      :city: Vatikan
    :Europe/Vienna: 
      :city: Wien
    :Europe/Vilnius: 
      :city: Vilnius
    :Europe/Volgograd: 
      :city: Wolgograd
    :Europe/Warsaw: 
      :city: Warschau
    :Europe/Zagreb: 
      :city: Zagreb
    :Europe/Zaporozhye: 
      :city: Saporischja
    :Europe/Zurich: 
      :city: Zürich
    :Indian/Antananarivo: 
      :city: Antananarivo
    :Indian/Chagos: 
      :city: Chagos
    :Indian/Christmas: 
      :city: Weihnachtsinsel
    :Indian/Cocos: 
      :city: Cocos
    :Indian/Comoro: 
      :city: Komoren
    :Indian/Kerguelen: 
      :city: Kerguelen
    :Indian/Mahe: 
      :city: Mahe
    :Indian/Maldives: 
      :city: Malediven
    :Indian/Mauritius: 
      :city: Mauritius
    :Indian/Mayotte: 
      :city: Mayotte
    :Indian/Reunion: 
      :city: Réunion
    :Pacific/Apia: 
      :city: Apia
    :Pacific/Auckland: 
      :city: Auckland
    :Pacific/Bougainville: 
      :city: Bougainville
    :Pacific/Chatham: 
      :city: Chatham
    :Pacific/Easter: 
      :city: Osterinsel
    :Pacific/Efate: 
      :city: Efate
    :Pacific/Enderbury: 
      :city: Enderbury
    :Pacific/Fakaofo: 
      :city: Fakaofo
    :Pacific/Fiji: 
      :city: Fidschi
    :Pacific/Funafuti: 
      :city: Funafuti
    :Pacific/Galapagos: 
      :city: Galapagos
    :Pacific/Gambier: 
      :city: Gambier
    :Pacific/Guadalcanal: 
      :city: Guadalcanal
    :Pacific/Guam: 
      :city: Guam
    :Pacific/Honolulu: 
      :city: Honolulu
    :Pacific/Johnston: 
      :city: Johnston
    :Pacific/Kiritimati: 
      :city: Kiritimati
    :Pacific/Kosrae: 
      :city: Kosrae
    :Pacific/Kwajalein: 
      :city: Kwajalein
    :Pacific/Majuro: 
      :city: Majuro
    :Pacific/Marquesas: 
      :city: Marquesas
    :Pacific/Midway: 
      :city: Midway
    :Pacific/Nauru: 
      :city: Nauru
    :Pacific/Niue: 
      :city: Niue
    :Pacific/Norfolk: 
      :city: Norfolk
    :Pacific/Noumea: 
      :city: Noumea
    :Pacific/Pago_Pago: 
      :city: "Pago Pago"
    :Pacific/Palau: 
      :city: Palau
    :Pacific/Pitcairn: 
      :city: Pitcairn
    :Pacific/Ponape: 
      :city: Pohnpei
    :Pacific/Port_Moresby: 
      :city: "Port Moresby"
    :Pacific/Rarotonga: 
      :city: Rarotonga
    :Pacific/Saipan: 
      :city: Saipan
    :Pacific/Tahiti: 
      :city: Tahiti
    :Pacific/Tarawa: 
      :city: Tarawa
    :Pacific/Tongatapu: 
      :city: Tongatapu
    :Pacific/Truk: 
      :city: Chuuk
    :Pacific/Wake: 
      :city: Wake
    :Pacific/Wallis: 
      :city: Wallis
