--- 
:es-MX: 
  :formats: 
    :fallback_format: 
      :generic: "{1} ({0})"
    :gmt_format: 
      :generic: "GMT{0}"
    :gmt_zero_format: 
      :generic: GMT
    :hour_format: 
      :generic: "+HH:mm;-HH:mm"
    :region_format: 
      :daylight: "hora de verano de {0}"
      :generic: "hora de {0}"
      :standard: "hora estándar de {0}"
  :metazones: 
    :Acre: 
      :long: 
        :daylight: "Hora de verano de Acre"
        :generic: "Hora de Acre"
        :standard: "Hora estándar de Acre"
    :Afghanistan: 
      :long: 
        :standard: "Hora de Afganistán"
    :Africa_Central: 
      :long: 
        :standard: "Hora de África Central"
    :Africa_Eastern: 
      :long: 
        :standard: "Hora de África Oriental"
    :Africa_Southern: 
      :long: 
        :standard: "Hora de Sudáfrica"
    :Africa_Western: 
      :long: 
        :daylight: "Hora de verano de África Occidental"
        :generic: "Hora de África Occidental"
        :standard: "Hora estándar de África Occidental"
    :Alaska: 
      :long: 
        :daylight: "Hora de verano de Alaska"
        :generic: "Hora de Alaska"
        :standard: "Hora estándar de Alaska"
    :Amazon: 
      :long: 
        :daylight: "Hora de verano del Amazonas"
        :generic: "Hora del Amazonas"
        :standard: "Hora estándar del Amazonas"
    :America_Central: 
      :long: 
        :daylight: "Hora de verano del centro de Norteamérica"
        :generic: "Hora del centro de Norteamérica"
        :standard: "Hora estándar del centro de Norteamérica"
    :America_Eastern: 
      :long: 
        :daylight: "Hora de verano del este de Norteamérica"
        :generic: "Hora del este de Norteamérica"
        :standard: "Hora estándar del este de Norteamérica"
    :America_Mountain: 
      :long: 
        :daylight: "Hora de verano de la montaña de Norteamérica"
        :generic: "Hora de la montaña de Norteamérica"
        :standard: "Hora estándar de la montaña de Norteamérica"
    :America_Pacific: 
      :long: 
        :daylight: "Hora de verano del Pacífico de Norteamérica"
        :generic: "Hora del Pacífico de Norteamérica"
        :standard: "Hora estándar del Pacífico de Norteamérica"
    :Anadyr: 
      :long: 
        :daylight: "Hora de verano de Anadyr"
        :generic: "Hora de Anadyr"
        :standard: "Hora estándar de Anadyr"
    :Apia: 
      :long: 
        :daylight: "Hora de verano de Apia"
        :generic: "Hora de Apia"
        :standard: "Hora estándar de Apia"
    :Aqtau: 
      :long: 
        :daylight: "Hora de verano de Aktau"
        :generic: "Hora de Aktau"
        :standard: "Hora estándar de Aktau"
    :Aqtobe: 
      :long: 
        :daylight: "Hora de verano de Aktobe"
        :generic: "Hora de Aktobe"
        :standard: "Hora estándar de Aktobe"
    :Arabian: 
      :long: 
        :daylight: "Hora de verano de Arabia"
        :generic: "Hora de Arabia"
        :standard: "Hora estándar de Arabia"
    :Argentina: 
      :long: 
        :daylight: "Hora de verano de Argentina"
        :generic: "Hora de Argentina"
        :standard: "Hora estándar de Argentina"
    :Argentina_Western: 
      :long: 
        :daylight: "Hora de verano de Argentina Occidental"
        :generic: "Hora de Argentina Occidental"
        :standard: "Hora estándar de Argentina Occidental"
    :Armenia: 
      :long: 
        :daylight: "Hora de verano de Armenia"
        :generic: "Hora de Armenia"
        :standard: "Hora estándar de Armenia"
    :Atlantic: 
      :long: 
        :daylight: "Hora de verano del Atlántico"
        :generic: "Hora del Atlántico"
        :standard: "Hora estándar del Atlántico"
    :Australia_Central: 
      :long: 
        :daylight: "Hora de verano de Australia Central"
        :generic: "Hora de Australia Central"
        :standard: "Hora estándar de Australia Central"
    :Australia_CentralWestern: 
      :long: 
        :daylight: "Hora de verano de Australia Centroccidental"
        :generic: "Hora de Australia Centroccidental"
        :standard: "Hora estándar de Australia Centroccidental"
    :Australia_Eastern: 
      :long: 
        :daylight: "Hora de verano de Australia Oriental"
        :generic: "Hora de Australia Oriental"
        :standard: "Hora estándar de Australia Oriental"
    :Australia_Western: 
      :long: 
        :daylight: "Hora de verano de Australia Occidental"
        :generic: "Hora de Australia Occidental"
        :standard: "Hora estándar de Australia Occidental"
    :Azerbaijan: 
      :long: 
        :daylight: "Hora de verano de Azerbaiyán"
        :generic: "Hora de Azerbaiyán"
        :standard: "Hora estándar de Azerbaiyán"
    :Azores: 
      :long: 
        :daylight: "Hora de verano de las Azores"
        :generic: "Hora de las Azores"
        :standard: "Hora estándar de las Azores"
    :Bangladesh: 
      :long: 
        :daylight: "Hora de verano de Bangladesh"
        :generic: "Hora de Bangladesh"
        :standard: "Hora estándar de Bangladesh"
    :Bhutan: 
      :long: 
        :standard: "Hora de Bután"
    :Bolivia: 
      :long: 
        :standard: "Hora de Bolivia"
    :Brasilia: 
      :long: 
        :daylight: "Hora de verano de Brasilia"
        :generic: "Hora de Brasilia"
        :standard: "Hora estándar de Brasilia"
    :Brunei: 
      :long: 
        :standard: "Hora de Brunéi"
    :Cape_Verde: 
      :long: 
        :daylight: "Hora de verano de Cabo Verde"
        :generic: "Hora de Cabo Verde"
        :standard: "Hora estándar de Cabo Verde"
    :Chamorro: 
      :long: 
        :standard: "Hora estándar de Chamorro"
    :Chatham: 
      :long: 
        :daylight: "Hora de verano de Chatham"
        :generic: "Hora de Chatham"
        :standard: "Hora estándar de Chatham"
    :Chile: 
      :long: 
        :daylight: "Hora de verano de Chile"
        :generic: "Hora de Chile"
        :standard: "Hora estándar de Chile"
    :China: 
      :long: 
        :daylight: "Hora de verano de China"
        :generic: "Hora de China"
        :standard: "Hora estándar de China"
    :Choibalsan: 
      :long: 
        :daylight: "Hora de verano de Choybalsan"
        :generic: "Hora de Choybalsan"
        :standard: "Hora estándar de Choybalsan"
    :Christmas: 
      :long: 
        :standard: "Hora de la isla de Navidad"
    :Cocos: 
      :long: 
        :standard: "Hora de las islas Cocos"
    :Colombia: 
      :long: 
        :daylight: "Hora de verano de Colombia"
        :generic: "Hora de Colombia"
        :standard: "Hora estándar de Colombia"
    :Cook: 
      :long: 
        :daylight: "Hora de verano media de las islas Cook"
        :generic: "Hora de las islas Cook"
        :standard: "Hora estándar de las islas Cook"
    :Cuba: 
      :long: 
        :daylight: "Hora de verano de Cuba"
        :generic: "Hora de Cuba"
        :standard: "Hora estándar de Cuba"
    :Davis: 
      :long: 
        :standard: "Hora de Davis"
    :DumontDUrville: 
      :long: 
        :standard: "Hora de Dumont-d’Urville"
    :East_Timor: 
      :long: 
        :standard: "Hora de Timor Oriental"
    :Easter: 
      :long: 
        :daylight: "Hora de verano de la isla de Pascua"
        :generic: "Hora de la isla de Pascua"
        :standard: "Hora estándar de la isla de Pascua"
    :Ecuador: 
      :long: 
        :standard: "Hora de Ecuador"
    :Europe_Central: 
      :long: 
        :daylight: "Hora de verano de Europa Central"
        :generic: "Hora de Europa Central"
        :standard: "Hora estándar de Europa Central"
      :short: 
        :daylight: ∅∅∅
        :generic: ∅∅∅
        :standard: ∅∅∅
    :Europe_Eastern: 
      :long: 
        :daylight: "Hora de verano de Europa del Este"
        :generic: "Hora de Europa del Este"
        :standard: "Hora estándar de Europa del Este"
      :short: 
        :daylight: ∅∅∅
        :generic: ∅∅∅
        :standard: ∅∅∅
    :Europe_Further_Eastern: 
      :long: 
        :standard: "Hora del Extremo Oriental de Europa"
    :Europe_Western: 
      :long: 
        :daylight: "Hora de verano de Europa Occidental"
        :generic: "Hora de Europa Occidental"
        :standard: "Hora estándar de Europa Occidental"
      :short: 
        :daylight: ∅∅∅
        :generic: ∅∅∅
        :standard: ∅∅∅
    :Falkland: 
      :long: 
        :daylight: "Hora de verano de las islas Malvinas"
        :generic: "Hora de las islas Malvinas"
        :standard: "Hora estándar de las islas Malvinas"
    :Fiji: 
      :long: 
        :daylight: "Hora de verano de Fiyi"
        :generic: "Hora de Fiyi"
        :standard: "Hora estándar de Fiyi"
    :French_Guiana: 
      :long: 
        :standard: "Hora de la Guayana Francesa"
    :French_Southern: 
      :long: 
        :standard: "Hora de las Tierras Australes y Antárticas Francesas"
    :GMT: 
      :long: 
        :standard: "Hora del meridiano de Greenwich"
      :short: 
        :standard: ∅∅∅
    :Galapagos: 
      :long: 
        :standard: "Hora de Galápagos"
    :Gambier: 
      :long: 
        :standard: "Hora de Gambier"
    :Georgia: 
      :long: 
        :daylight: "Hora de verano de Georgia"
        :generic: "Hora de Georgia"
        :standard: "Hora estándar de Georgia"
    :Gilbert_Islands: 
      :long: 
        :standard: "Hora de las islas Gilbert"
    :Greenland_Eastern: 
      :long: 
        :daylight: "Hora de verano de Groenlandia Oriental"
        :generic: "Hora de Groenlandia Oriental"
        :standard: "Hora estándar de Groenlandia Oriental"
    :Greenland_Western: 
      :long: 
        :daylight: "Hora de verano de Groenlandia Occidental"
        :generic: "Hora de Groenlandia Occidental"
        :standard: "Hora estándar de Groenlandia Occidental"
    :Guam: 
      :long: 
        :standard: "Hora estándar de Guam"
    :Gulf: 
      :long: 
        :standard: "Hora estándar del Golfo"
    :Guyana: 
      :long: 
        :standard: "Hora de Guyana"
    :Hawaii_Aleutian: 
      :long: 
        :daylight: "Hora de verano de Hawái-Aleutiano"
        :generic: "Hora de Hawái-Aleutiano"
        :standard: "Hora estándar de Hawái-Aleutiano"
    :Hong_Kong: 
      :long: 
        :daylight: "Hora de verano de Hong Kong"
        :generic: "Hora de Hong Kong"
        :standard: "Hora estándar de Hong Kong"
    :Hovd: 
      :long: 
        :daylight: "Hora de verano de Hovd"
        :generic: "Hora de Hovd"
        :standard: "Hora estándar de Hovd"
    :India: 
      :long: 
        :standard: "Hora estándar de la India"
    :Indian_Ocean: 
      :long: 
        :standard: "Hora del Océano Índico"
    :Indochina: 
      :long: 
        :standard: "Hora de Indochina"
    :Indonesia_Central: 
      :long: 
        :standard: "Hora de Indonesia Central"
    :Indonesia_Eastern: 
      :long: 
        :standard: "Hora de Indonesia Oriental"
    :Indonesia_Western: 
      :long: 
        :standard: "Hora de Indonesia Occidental"
    :Iran: 
      :long: 
        :daylight: "Hora de verano de Irán"
        :generic: "Hora de Irán"
        :standard: "Hora estándar de Irán"
    :Irkutsk: 
      :long: 
        :daylight: "Hora de verano de Irkutsk"
        :generic: "Hora de Irkutsk"
        :standard: "Hora estándar de Irkutsk"
    :Israel: 
      :long: 
        :daylight: "Hora de verano de Israel"
        :generic: "Hora de Israel"
        :standard: "Hora estándar de Israel"
    :Japan: 
      :long: 
        :daylight: "Hora de verano de Japón"
        :generic: "Hora de Japón"
        :standard: "Hora estándar de Japón"
    :Kamchatka: 
      :long: 
        :daylight: "Hora de verano de Kamchatka"
        :generic: "Hora de Kamchatka"
        :standard: "Hora de estándar de Kamchatka"
    :Kazakhstan_Eastern: 
      :long: 
        :standard: "Hora de Kazajistán Oriental"
    :Kazakhstan_Western: 
      :long: 
        :standard: "Hora de Kazajistán Occidental"
    :Korea: 
      :long: 
        :daylight: "Hora de verano de Corea"
        :generic: "Hora de Corea"
        :standard: "Hora estándar de Corea"
    :Kosrae: 
      :long: 
        :standard: "Hora de Kosrae"
    :Krasnoyarsk: 
      :long: 
        :daylight: "Hora de verano de Krasnoyarsk"
        :generic: "Hora de Krasnoyarsk"
        :standard: "Hora estándar de Krasnoyarsk"
    :Kyrgystan: 
      :long: 
        :standard: "Hora de Kirguistán"
    :Lanka: 
      :long: 
        :standard: "Hora de Sri Lanka"
    :Line_Islands: 
      :long: 
        :standard: "Hora de las Espóradas Ecuatoriales"
    :Lord_Howe: 
      :long: 
        :daylight: "Hora de verano de Lord Howe"
        :generic: "Hora de Lord Howe"
        :standard: "Hora estándar de Lord Howe"
    :Macau: 
      :long: 
        :daylight: "Hora de verano de Macao"
        :generic: "Hora de Macao"
        :standard: "Hora estándar de Macao"
    :Macquarie: 
      :long: 
        :standard: "Hora de la isla Macquarie"
    :Magadan: 
      :long: 
        :daylight: "Hora de verano de Magadán"
        :generic: "Hora de Magadán"
        :standard: "Hora estándar de Magadán"
    :Malaysia: 
      :long: 
        :standard: "Hora de Malasia"
    :Maldives: 
      :long: 
        :standard: "Hora de Maldivas"
    :Marquesas: 
      :long: 
        :standard: "Hora de las islas Marquesas"
    :Marshall_Islands: 
      :long: 
        :standard: "Hora de las Islas Marshall"
    :Mauritius: 
      :long: 
        :daylight: "Hora de verano de Mauricio"
        :generic: "Hora de Mauricio"
        :standard: "Hora estándar de Mauricio"
    :Mawson: 
      :long: 
        :standard: "Hora de Mawson"
    :Mexico_Northwest: 
      :long: 
        :daylight: "Hora de verano del noroeste"
        :generic: "Hora del noroeste"
        :standard: "Hora estándar del noroeste"
    :Mexico_Pacific: 
      :long: 
        :daylight: "Hora de verano del Pacífico"
        :generic: "Hora del Pacífico"
        :standard: "Hora estándar del Pacífico"
    :Mongolia: 
      :long: 
        :daylight: "Hora de verano de Ulán Bator"
        :generic: "Hora de Ulán Bator"
        :standard: "Hora estándar de Ulán Bator"
    :Moscow: 
      :long: 
        :daylight: "Hora de verano de Moscú"
        :generic: "Hora de Moscú"
        :standard: "Hora estándar de Moscú"
    :Myanmar: 
      :long: 
        :standard: "Hora de Myanmar"
    :Nauru: 
      :long: 
        :standard: "Hora de Nauru"
    :Nepal: 
      :long: 
        :standard: "Hora de Nepal"
    :New_Caledonia: 
      :long: 
        :daylight: "Hora de verano de Nueva Caledonia"
        :generic: "Hora de Nueva Caledonia"
        :standard: "Hora estándar de Nueva Caledonia"
    :New_Zealand: 
      :long: 
        :daylight: "Hora de verano de Nueva Zelanda"
        :generic: "Hora de Nueva Zelanda"
        :standard: "Hora estándar de Nueva Zelanda"
    :Newfoundland: 
      :long: 
        :daylight: "Hora de verano de Terranova"
        :generic: "Hora de Terranova"
        :standard: "Hora estándar de Terranova"
    :Niue: 
      :long: 
        :standard: "Hora de Niue"
    :Norfolk: 
      :long: 
        :standard: "Hora de las islas Norfolk"
    :Noronha: 
      :long: 
        :daylight: "Hora de verano de Fernando de Noronha"
        :generic: "Hora de Fernando de Noronha"
        :standard: "Hora estándar de Fernando de Noronha"
    :North_Mariana: 
      :long: 
        :standard: "Hora de las Islas Marianas del Norte"
    :Novosibirsk: 
      :long: 
        :daylight: "Hora de verano de Novosibirsk"
        :generic: "Hora de Novosibirsk"
        :standard: "Hora estándar de Novosibirsk"
    :Omsk: 
      :long: 
        :daylight: "Hora de verano de Omsk"
        :generic: "Hora de Omsk"
        :standard: "Hora estándar de Omsk"
    :Pakistan: 
      :long: 
        :daylight: "Hora de verano de Pakistán"
        :generic: "Hora de Pakistán"
        :standard: "Hora estándar de Pakistán"
    :Palau: 
      :long: 
        :standard: "Hora de Palaos"
    :Papua_New_Guinea: 
      :long: 
        :standard: "Hora de Papúa Nueva Guinea"
    :Paraguay: 
      :long: 
        :daylight: "Hora de verano de Paraguay"
        :generic: "Hora de Paraguay"
        :standard: "Hora estándar de Paraguay"
    :Peru: 
      :long: 
        :daylight: "Hora de verano de Perú"
        :generic: "Hora de Perú"
        :standard: "Hora estándar de Perú"
    :Philippines: 
      :long: 
        :daylight: "Hora de verano de Filipinas"
        :generic: "Hora de Filipinas"
        :standard: "Hora estándar de Filipinas"
    :Phoenix_Islands: 
      :long: 
        :standard: "Hora de las islas Fénix"
    :Pierre_Miquelon: 
      :long: 
        :daylight: "Hora de verano de San Pedro y Miquelón"
        :generic: "Hora de San Pedro y Miquelón"
        :standard: "Hora estándar de San Pedro y Miquelón"
    :Pitcairn: 
      :long: 
        :standard: "Hora de Pitcairn"
    :Ponape: 
      :long: 
        :standard: "Hora de Pohnpei"
    :Qyzylorda: 
      :long: 
        :daylight: "Hora de verano de Qyzylorda"
        :generic: "Hora de Qyzylorda"
        :standard: "Hora estándar de Qyzylorda"
    :Reunion: 
      :long: 
        :standard: "Hora de Reunión"
    :Rothera: 
      :long: 
        :standard: "Hora de Rothera"
    :Sakhalin: 
      :long: 
        :daylight: "Hora de verano de Sajalín"
        :generic: "Hora de Sajalín"
        :standard: "Hora estándar de Sajalín"
    :Samara: 
      :long: 
        :daylight: "Hora de verano de Samara"
        :generic: "Hora de Samara"
        :standard: "Hora estándar de Samara"
    :Samoa: 
      :long: 
        :daylight: "Hora de verano de Samoa"
        :generic: "Hora de Samoa"
        :standard: "Hora estándar de Samoa"
    :Seychelles: 
      :long: 
        :standard: "Hora de Seychelles"
    :Singapore: 
      :long: 
        :standard: "Hora de Singapur"
    :Solomon: 
      :long: 
        :standard: "Hora de las islas Salomón"
    :South_Georgia: 
      :long: 
        :standard: "Hora de Georgia meridional"
    :Suriname: 
      :long: 
        :standard: "Hora de Surinam"
    :Syowa: 
      :long: 
        :standard: "Hora de Syowa"
    :Tahiti: 
      :long: 
        :standard: "Hora de Tahití"
    :Taipei: 
      :long: 
        :daylight: "Hora de verano de Taipéi"
        :generic: "Hora de Taipéi"
        :standard: "Hora estándar de Taipéi"
    :Tajikistan: 
      :long: 
        :standard: "Hora de Tayikistán"
    :Tokelau: 
      :long: 
        :standard: "Hora de Tokelau"
    :Tonga: 
      :long: 
        :daylight: "Hora de verano de Tonga"
        :generic: "Hora de Tonga"
        :standard: "Hora estándar de Tonga"
    :Truk: 
      :long: 
        :standard: "Hora de Chuuk"
    :Turkmenistan: 
      :long: 
        :daylight: "Hora de verano de Turkmenistán"
        :generic: "Hora de Turkmenistán"
        :standard: "Hora estándar de Turkmenistán"
    :Tuvalu: 
      :long: 
        :standard: "Hora de Tuvalu"
    :Uruguay: 
      :long: 
        :daylight: "Hora de verano de Uruguay"
        :generic: "Hora de Uruguay"
        :standard: "Hora estándar de Uruguay"
    :Uzbekistan: 
      :long: 
        :daylight: "Hora de verano de Uzbekistán"
        :generic: "Hora de Uzbekistán"
        :standard: "Hora estándar de Uzbekistán"
    :Vanuatu: 
      :long: 
        :daylight: "Hora de verano de Vanuatu"
        :generic: "Hora de Vanuatu"
        :standard: "Hora estándar de Vanuatu"
    :Venezuela: 
      :long: 
        :standard: "Hora de Venezuela"
    :Vladivostok: 
      :long: 
        :daylight: "Hora de verano de Vladivostok"
        :generic: "Hora de Vladivostok"
        :standard: "Hora estándar de Vladivostok"
    :Volgograd: 
      :long: 
        :daylight: "Hora de verano de Volgogrado"
        :generic: "Hora de Volgogrado"
        :standard: "Hora estándar de Volgogrado"
    :Vostok: 
      :long: 
        :standard: "Hora de Vostok"
    :Wake: 
      :long: 
        :standard: "Hora de la isla Wake"
    :Wallis: 
      :long: 
        :standard: "Hora de Wallis y Futuna"
    :Yakutsk: 
      :long: 
        :daylight: "Hora de verano de Yakutsk"
        :generic: "Hora de Yakutsk"
        :standard: "Hora estándar de Yakutsk"
    :Yekaterinburg: 
      :long: 
        :daylight: "Hora de verano de Ekaterimburgo"
        :generic: "Hora de Ekaterimburgo"
        :standard: "Hora estándar de Ekaterimburgo"
  :timezones: 
    :Africa/Abidjan: 
      :city: Abiyán
    :Africa/Accra: 
      :city: Acra
    :Africa/Addis_Ababa: 
      :city: "Addis Abeba"
    :Africa/Algiers: 
      :city: Argel
    :Africa/Asmera: 
      :city: Asmara
    :Africa/Bamako: 
      :city: Bamako
    :Africa/Bangui: 
      :city: Bangui
    :Africa/Banjul: 
      :city: Banjul
    :Africa/Bissau: 
      :city: Bisáu
    :Africa/Blantyre: 
      :city: Blantyre
    :Africa/Brazzaville: 
      :city: Brazzaville
    :Africa/Bujumbura: 
      :city: Buyumbura
    :Africa/Cairo: 
      :city: "El Cairo"
    :Africa/Casablanca: 
      :city: Casablanca
    :Africa/Ceuta: 
      :city: Ceuta
    :Africa/Conakry: 
      :city: Conakri
    :Africa/Dakar: 
      :city: Dakar
    :Africa/Dar_es_Salaam: 
      :city: "Dar es-Salaam"
    :Africa/Djibouti: 
      :city: Yibuti
    :Africa/Douala: 
      :city: Duala
    :Africa/El_Aaiun: 
      :city: "El Aaiún"
    :Africa/Freetown: 
      :city: Freetown
    :Africa/Gaborone: 
      :city: Gaborone
    :Africa/Harare: 
      :city: Harare
    :Africa/Johannesburg: 
      :city: Johannesburgo
    :Africa/Juba: 
      :city: Juba
    :Africa/Kampala: 
      :city: Kampala
    :Africa/Khartoum: 
      :city: Jartum
    :Africa/Kigali: 
      :city: Kigali
    :Africa/Kinshasa: 
      :city: Kinshasa
    :Africa/Lagos: 
      :city: Lagos
    :Africa/Libreville: 
      :city: Libreville
    :Africa/Lome: 
      :city: Lomé
    :Africa/Luanda: 
      :city: Luanda
    :Africa/Lubumbashi: 
      :city: Lubumbashi
    :Africa/Lusaka: 
      :city: Lusaka
    :Africa/Malabo: 
      :city: Malabo
    :Africa/Maputo: 
      :city: Maputo
    :Africa/Maseru: 
      :city: Maseru
    :Africa/Mbabane: 
      :city: Mbabane
    :Africa/Mogadishu: 
      :city: Mogadiscio
    :Africa/Monrovia: 
      :city: Monrovia
    :Africa/Nairobi: 
      :city: Nairobi
    :Africa/Ndjamena: 
      :city: Yamena
    :Africa/Niamey: 
      :city: Niamey
    :Africa/Nouakchott: 
      :city: Nuakchot
    :Africa/Ouagadougou: 
      :city: Uagadugú
    :Africa/Porto-Novo: 
      :city: Portonovo
    :Africa/Sao_Tome: 
      :city: "Santo Tomé"
    :Africa/Tripoli: 
      :city: Trípoli
    :Africa/Tunis: 
      :city: Túnez
    :Africa/Windhoek: 
      :city: Windhoek
    :America/Adak: 
      :city: Adak
    :America/Anchorage: 
      :city: Anchorage
    :America/Anguilla: 
      :city: Anguila
    :America/Antigua: 
      :city: Antigua
    :America/Araguaina: 
      :city: Araguaína
    :America/Argentina/La_Rioja: 
      :city: "La Rioja"
    :America/Argentina/Rio_Gallegos: 
      :city: "Río Gallegos"
    :America/Argentina/Salta: 
      :city: Salta
    :America/Argentina/San_Juan: 
      :city: "San Juan"
    :America/Argentina/San_Luis: 
      :city: "San Luis"
    :America/Argentina/Tucuman: 
      :city: Tucumán
    :America/Argentina/Ushuaia: 
      :city: Ushuaia
    :America/Aruba: 
      :city: Aruba
    :America/Asuncion: 
      :city: Asunción
    :America/Bahia: 
      :city: Bahía
    :America/Bahia_Banderas: 
      :city: "Bahía de Banderas"
    :America/Barbados: 
      :city: Barbados
    :America/Belem: 
      :city: Belém
    :America/Belize: 
      :city: Belice
    :America/Blanc-Sablon: 
      :city: Blanc-Sablon
    :America/Boa_Vista: 
      :city: "Boa Vista"
    :America/Bogota: 
      :city: Bogotá
    :America/Boise: 
      :city: Boise
    :America/Buenos_Aires: 
      :city: "Buenos Aires"
    :America/Cambridge_Bay: 
      :city: "Cambridge Bay"
    :America/Campo_Grande: 
      :city: "Campo Grande"
    :America/Cancun: 
      :city: Cancún
    :America/Caracas: 
      :city: Caracas
    :America/Catamarca: 
      :city: Catamarca
    :America/Cayenne: 
      :city: Cayena
    :America/Cayman: 
      :city: Caimán
    :America/Chicago: 
      :city: Chicago
    :America/Chihuahua: 
      :city: Chihuahua
    :America/Coral_Harbour: 
      :city: Atikokan
    :America/Cordoba: 
      :city: Córdoba
    :America/Costa_Rica: 
      :city: "Costa Rica"
    :America/Creston: 
      :city: Creston
    :America/Cuiaba: 
      :city: Cuiabá
    :America/Curacao: 
      :city: Curazao
    :America/Danmarkshavn: 
      :city: Danmarkshavn
    :America/Dawson: 
      :city: Dawson
    :America/Dawson_Creek: 
      :city: "Dawson Creek"
    :America/Denver: 
      :city: Denver
    :America/Detroit: 
      :city: Detroit
    :America/Dominica: 
      :city: Dominica
    :America/Edmonton: 
      :city: Edmonton
    :America/Eirunepe: 
      :city: Eirunepé
    :America/El_Salvador: 
      :city: "El Salvador"
    :America/Fortaleza: 
      :city: Fortaleza
    :America/Glace_Bay: 
      :city: "Glace Bay"
    :America/Godthab: 
      :city: Nuuk
    :America/Goose_Bay: 
      :city: "Goose Bay"
    :America/Grand_Turk: 
      :city: "Gran Turca"
    :America/Grenada: 
      :city: Granada
    :America/Guadeloupe: 
      :city: Guadalupe
    :America/Guatemala: 
      :city: Guatemala
    :America/Guayaquil: 
      :city: Guayaquil
    :America/Guyana: 
      :city: Guyana
    :America/Halifax: 
      :city: Halifax
    :America/Havana: 
      :city: "La Habana"
    :America/Hermosillo: 
      :city: Hermosillo
    :America/Indiana/Knox: 
      :city: "Knox, Indiana"
    :America/Indiana/Marengo: 
      :city: "Marengo, Indiana"
    :America/Indiana/Petersburg: 
      :city: "Petersburg, Indiana"
    :America/Indiana/Tell_City: 
      :city: "Tell City, Indiana"
    :America/Indiana/Vevay: 
      :city: "Vevay, Indiana"
    :America/Indiana/Vincennes: 
      :city: "Vincennes, Indiana"
    :America/Indiana/Winamac: 
      :city: "Winamac, Indiana"
    :America/Indianapolis: 
      :city: Indianápolis
    :America/Inuvik: 
      :city: Inuvik
    :America/Iqaluit: 
      :city: Iqaluit
    :America/Jamaica: 
      :city: Jamaica
    :America/Jujuy: 
      :city: Jujuy
    :America/Juneau: 
      :city: Juneau
    :America/Kentucky/Monticello: 
      :city: "Monticello, Kentucky"
    :America/Kralendijk: 
      :city: Kralendijk
    :America/La_Paz: 
      :city: "La Paz"
    :America/Lima: 
      :city: Lima
    :America/Los_Angeles: 
      :city: "Los Ángeles"
    :America/Louisville: 
      :city: Louisville
    :America/Lower_Princes: 
      :city: "Lower Prince’s Quarter"
    :America/Maceio: 
      :city: Maceió
    :America/Managua: 
      :city: Managua
    :America/Manaus: 
      :city: Manaos
    :America/Marigot: 
      :city: Marigot
    :America/Martinique: 
      :city: Martinica
    :America/Matamoros: 
      :city: Matamoros
    :America/Mazatlan: 
      :city: Mazatlán
    :America/Mendoza: 
      :city: Mendoza
    :America/Menominee: 
      :city: Menominee
    :America/Merida: 
      :city: Mérida
    :America/Metlakatla: 
      :city: Metlakatla
    :America/Mexico_City: 
      :city: "Ciudad de México"
    :America/Miquelon: 
      :city: Miquelón
    :America/Moncton: 
      :city: Moncton
    :America/Monterrey: 
      :city: Monterrey
    :America/Montevideo: 
      :city: Montevideo
    :America/Montserrat: 
      :city: Montserrat
    :America/Nassau: 
      :city: Nassau
    :America/New_York: 
      :city: "Nueva York"
    :America/Nipigon: 
      :city: Nipigon
    :America/Nome: 
      :city: Nome
    :America/Noronha: 
      :city: Noronha
    :America/North_Dakota/Beulah: 
      :city: "Beulah, Dakota del Norte"
    :America/North_Dakota/Center: 
      :city: "Center, Dakota del Norte"
    :America/North_Dakota/New_Salem: 
      :city: "New Salem, Dakota del Norte"
    :America/Ojinaga: 
      :city: Ojinaga
    :America/Panama: 
      :city: Panamá
    :America/Pangnirtung: 
      :city: Pangnirtung
    :America/Paramaribo: 
      :city: Paramaribo
    :America/Phoenix: 
      :city: Phoenix
    :America/Port-au-Prince: 
      :city: "Puerto Príncipe"
    :America/Port_of_Spain: 
      :city: "Puerto España"
    :America/Porto_Velho: 
      :city: "Porto Velho"
    :America/Puerto_Rico: 
      :city: "Puerto Rico"
    :America/Rainy_River: 
      :city: "Rainy River"
    :America/Rankin_Inlet: 
      :city: "Rankin Inlet"
    :America/Recife: 
      :city: Recife
    :America/Regina: 
      :city: Regina
    :America/Resolute: 
      :city: Resolute
    :America/Rio_Branco: 
      :city: "Rio Branco"
    :America/Santa_Isabel: 
      :city: "Santa Isabel"
    :America/Santarem: 
      :city: Santarém
    :America/Santiago: 
      :city: Santiago
    :America/Santo_Domingo: 
      :city: "Santo Domingo"
    :America/Sao_Paulo: 
      :city: "São Paulo"
    :America/Scoresbysund: 
      :city: Ittoqqortoormiit
    :America/Sitka: 
      :city: Sitka
    :America/St_Barthelemy: 
      :city: "San Bartolomé"
    :America/St_Johns: 
      :city: "San Juan de Terranova"
    :America/St_Kitts: 
      :city: "San Cristóbal"
    :America/St_Lucia: 
      :city: "Santa Lucía"
    :America/St_Thomas: 
      :city: "St. Thomas"
    :America/St_Vincent: 
      :city: "San Vicente"
    :America/Swift_Current: 
      :city: "Swift Current"
    :America/Tegucigalpa: 
      :city: Tegucigalpa
    :America/Thule: 
      :city: Thule
    :America/Thunder_Bay: 
      :city: "Thunder Bay"
    :America/Tijuana: 
      :city: Tijuana
    :America/Toronto: 
      :city: Toronto
    :America/Tortola: 
      :city: Tórtola
    :America/Vancouver: 
      :city: Vancouver
    :America/Whitehorse: 
      :city: Whitehorse
    :America/Winnipeg: 
      :city: Winnipeg
    :America/Yakutat: 
      :city: Yakutat
    :America/Yellowknife: 
      :city: Yellowknife
    :Antarctica/Casey: 
      :city: Casey
    :Antarctica/Davis: 
      :city: Davis
    :Antarctica/DumontDUrville: 
      :city: "Dumont d’Urville"
    :Antarctica/Macquarie: 
      :city: Macquarie
    :Antarctica/Mawson: 
      :city: Mawson
    :Antarctica/McMurdo: 
      :city: McMurdo
    :Antarctica/Palmer: 
      :city: Palmer
    :Antarctica/Rothera: 
      :city: Rothera
    :Antarctica/Syowa: 
      :city: Syowa
    :Antarctica/Troll: 
      :city: Troll
    :Antarctica/Vostok: 
      :city: Vostok
    :Arctic/Longyearbyen: 
      :city: Longyearbyen
    :Asia/Aden: 
      :city: Adén
    :Asia/Almaty: 
      :city: Almatý
    :Asia/Amman: 
      :city: Ammán
    :Asia/Anadyr: 
      :city: Anádyr
    :Asia/Aqtau: 
      :city: Aktau
    :Asia/Aqtobe: 
      :city: Aktobe
    :Asia/Ashgabat: 
      :city: Asjabad
    :Asia/Baghdad: 
      :city: Bagdad
    :Asia/Bahrain: 
      :city: Baréin
    :Asia/Baku: 
      :city: Bakú
    :Asia/Bangkok: 
      :city: Bangkok
    :Asia/Beirut: 
      :city: Beirut
    :Asia/Bishkek: 
      :city: Bishkek
    :Asia/Brunei: 
      :city: Brunéi
    :Asia/Calcutta: 
      :city: Calcuta
    :Asia/Chita: 
      :city: Chitá
    :Asia/Choibalsan: 
      :city: Choybalsan
    :Asia/Colombo: 
      :city: Colombo
    :Asia/Damascus: 
      :city: Damasco
    :Asia/Dhaka: 
      :city: Daca
    :Asia/Dili: 
      :city: Dili
    :Asia/Dubai: 
      :city: Dubái
    :Asia/Dushanbe: 
      :city: Dusambé
    :Asia/Gaza: 
      :city: Gaza
    :Asia/Hebron: 
      :city: Hebrón
    :Asia/Hong_Kong: 
      :city: "Hong Kong"
    :Asia/Hovd: 
      :city: Hovd
    :Asia/Irkutsk: 
      :city: Irkutsk
    :Asia/Jakarta: 
      :city: Yakarta
    :Asia/Jayapura: 
      :city: Jayapura
    :Asia/Jerusalem: 
      :city: Jerusalén
    :Asia/Kabul: 
      :city: Kabul
    :Asia/Kamchatka: 
      :city: Kamchatka
    :Asia/Karachi: 
      :city: Karachi
    :Asia/Katmandu: 
      :city: Katmandú
    :Asia/Khandyga: 
      :city: Khandyga
    :Asia/Krasnoyarsk: 
      :city: Krasnoyarsk
    :Asia/Kuala_Lumpur: 
      :city: "Kuala Lumpur"
    :Asia/Kuching: 
      :city: Kuching
    :Asia/Kuwait: 
      :city: Kuwait
    :Asia/Macau: 
      :city: Macao
    :Asia/Magadan: 
      :city: Magadán
    :Asia/Makassar: 
      :city: Makasar
    :Asia/Manila: 
      :city: Manila
    :Asia/Muscat: 
      :city: Mascate
    :Asia/Nicosia: 
      :city: Nicosia
    :Asia/Novokuznetsk: 
      :city: Novokuznetsk
    :Asia/Novosibirsk: 
      :city: Novosibirsk
    :Asia/Omsk: 
      :city: Omsk
    :Asia/Oral: 
      :city: Oral
    :Asia/Phnom_Penh: 
      :city: "Phnom Penh"
    :Asia/Pontianak: 
      :city: Pontianak
    :Asia/Pyongyang: 
      :city: Piongyang
    :Asia/Qatar: 
      :city: Qatar
    :Asia/Qyzylorda: 
      :city: Kyzylorda
    :Asia/Rangoon: 
      :city: Rangún
    :Asia/Riyadh: 
      :city: Riad
    :Asia/Saigon: 
      :city: "Ciudad Ho Chi Minh"
    :Asia/Sakhalin: 
      :city: Sajalín
    :Asia/Samarkand: 
      :city: Samarcanda
    :Asia/Seoul: 
      :city: Seúl
    :Asia/Shanghai: 
      :city: Shanghái
    :Asia/Singapore: 
      :city: Singapur
    :Asia/Srednekolymsk: 
      :city: Srednekolymsk
    :Asia/Taipei: 
      :city: Taipéi
    :Asia/Tashkent: 
      :city: Taskent
    :Asia/Tbilisi: 
      :city: Tiflis
    :Asia/Tehran: 
      :city: Teherán
    :Asia/Thimphu: 
      :city: Timbu
    :Asia/Tokyo: 
      :city: Tokio
    :Asia/Ulaanbaatar: 
      :city: "Ulán Bator"
    :Asia/Urumqi: 
      :city: Ürümqi
    :Asia/Ust-Nera: 
      :city: Ust-Nera
    :Asia/Vientiane: 
      :city: Vientián
    :Asia/Vladivostok: 
      :city: Vladivostok
    :Asia/Yakutsk: 
      :city: Yakutsk
    :Asia/Yekaterinburg: 
      :city: Ekaterinburgo
    :Asia/Yerevan: 
      :city: Ereván
    :Atlantic/Azores: 
      :city: Azores
    :Atlantic/Bermuda: 
      :city: Bermudas
    :Atlantic/Canary: 
      :city: "Islas Canarias"
    :Atlantic/Cape_Verde: 
      :city: "Cabo Verde"
    :Atlantic/Faeroe: 
      :city: "Islas Feroe"
    :Atlantic/Madeira: 
      :city: Madeira
    :Atlantic/Reykjavik: 
      :city: Reikiavik
    :Atlantic/South_Georgia: 
      :city: "Georgia del Sur"
    :Atlantic/St_Helena: 
      :city: "Santa Helena"
    :Atlantic/Stanley: 
      :city: Stanley
    :Australia/Adelaide: 
      :city: Adelaida
    :Australia/Brisbane: 
      :city: Brisbane
    :Australia/Broken_Hill: 
      :city: "Broken Hill"
    :Australia/Currie: 
      :city: Currie
    :Australia/Darwin: 
      :city: Darwin
    :Australia/Eucla: 
      :city: Eucla
    :Australia/Hobart: 
      :city: Hobart
    :Australia/Lindeman: 
      :city: Lindeman
    :Australia/Lord_Howe: 
      :city: "Lord Howe"
    :Australia/Melbourne: 
      :city: Melbourne
    :Australia/Perth: 
      :city: Perth
    :Australia/Sydney: 
      :city: Sídney
    :Etc/Unknown: 
      :city: "Ciudad desconocida"
    :Europe/Amsterdam: 
      :city: Ámsterdam
    :Europe/Andorra: 
      :city: Andorra
    :Europe/Athens: 
      :city: Atenas
    :Europe/Belgrade: 
      :city: Belgrado
    :Europe/Berlin: 
      :city: Berlín
    :Europe/Bratislava: 
      :city: Bratislava
    :Europe/Brussels: 
      :city: Bruselas
    :Europe/Bucharest: 
      :city: Bucarest
    :Europe/Budapest: 
      :city: Budapest
    :Europe/Busingen: 
      :city: Büsingen
    :Europe/Chisinau: 
      :city: Chisináu
    :Europe/Copenhagen: 
      :city: Copenhague
    :Europe/Dublin: 
      :city: Dublín
      :long: 
        :daylight: "Hora de verano irlandesa"
    :Europe/Gibraltar: 
      :city: Gibraltar
    :Europe/Guernsey: 
      :city: Guernsey
    :Europe/Helsinki: 
      :city: Helsinki
    :Europe/Isle_of_Man: 
      :city: "Isla de Man"
    :Europe/Istanbul: 
      :city: Estambul
    :Europe/Jersey: 
      :city: Jersey
    :Europe/Kaliningrad: 
      :city: Kaliningrado
    :Europe/Kiev: 
      :city: Kiev
    :Europe/Lisbon: 
      :city: Lisboa
    :Europe/Ljubljana: 
      :city: Liubliana
    :Europe/London: 
      :city: Londres
      :long: 
        :daylight: "Hora de verano británica"
    :Europe/Luxembourg: 
      :city: Luxemburgo
    :Europe/Madrid: 
      :city: Madrid
    :Europe/Malta: 
      :city: Malta
    :Europe/Mariehamn: 
      :city: Mariehamn
    :Europe/Minsk: 
      :city: Minsk
    :Europe/Monaco: 
      :city: Mónaco
    :Europe/Moscow: 
      :city: Moscú
    :Europe/Oslo: 
      :city: Oslo
    :Europe/Paris: 
      :city: París
    :Europe/Podgorica: 
      :city: Podgorica
    :Europe/Prague: 
      :city: Praga
    :Europe/Riga: 
      :city: Riga
    :Europe/Rome: 
      :city: Roma
    :Europe/Samara: 
      :city: Samara
    :Europe/San_Marino: 
      :city: "San Marino"
    :Europe/Sarajevo: 
      :city: Sarajevo
    :Europe/Simferopol: 
      :city: Simferópol
    :Europe/Skopje: 
      :city: Skopie
    :Europe/Sofia: 
      :city: Sofía
    :Europe/Stockholm: 
      :city: Estocolmo
    :Europe/Tallinn: 
      :city: Tallin
    :Europe/Tirane: 
      :city: Tirana
    :Europe/Uzhgorod: 
      :city: Úzhgorod
    :Europe/Vaduz: 
      :city: Vaduz
    :Europe/Vatican: 
      :city: "El Vaticano"
    :Europe/Vienna: 
      :city: Viena
    :Europe/Vilnius: 
      :city: Vilna
    :Europe/Volgograd: 
      :city: Volgogrado
    :Europe/Warsaw: 
      :city: Varsovia
    :Europe/Zagreb: 
      :city: Zagreb
    :Europe/Zaporozhye: 
      :city: Zaporiyia
    :Europe/Zurich: 
      :city: Zúrich
    :Indian/Antananarivo: 
      :city: Antananarivo
    :Indian/Chagos: 
      :city: Chagos
    :Indian/Christmas: 
      :city: Navidad
    :Indian/Cocos: 
      :city: Cocos
    :Indian/Comoro: 
      :city: Comoras
    :Indian/Kerguelen: 
      :city: Kerguelen
    :Indian/Mahe: 
      :city: Mahé
    :Indian/Maldives: 
      :city: Maldivas
    :Indian/Mauritius: 
      :city: Mauricio
    :Indian/Mayotte: 
      :city: Mayotte
    :Indian/Reunion: 
      :city: Reunión
    :Pacific/Apia: 
      :city: Apia
    :Pacific/Auckland: 
      :city: Auckland
    :Pacific/Bougainville: 
      :city: Bougainville
    :Pacific/Chatham: 
      :city: Chatham
    :Pacific/Easter: 
      :city: "Isla de Pascua"
    :Pacific/Efate: 
      :city: Efate
    :Pacific/Enderbury: 
      :city: Enderbury
    :Pacific/Fakaofo: 
      :city: Fakaofo
    :Pacific/Fiji: 
      :city: Fiyi
    :Pacific/Funafuti: 
      :city: Funafuti
    :Pacific/Galapagos: 
      :city: Galápagos
    :Pacific/Gambier: 
      :city: Gambier
    :Pacific/Guadalcanal: 
      :city: Guadalcanal
    :Pacific/Guam: 
      :city: Guam
    :Pacific/Honolulu: 
      :city: Honolulu
    :Pacific/Johnston: 
      :city: Johnston
    :Pacific/Kiritimati: 
      :city: Kiritimati
    :Pacific/Kosrae: 
      :city: Kosrae
    :Pacific/Kwajalein: 
      :city: Kwajalein
    :Pacific/Majuro: 
      :city: Majuro
    :Pacific/Marquesas: 
      :city: Marquesas
    :Pacific/Midway: 
      :city: Midway
    :Pacific/Nauru: 
      :city: Nauru
    :Pacific/Niue: 
      :city: Niue
    :Pacific/Norfolk: 
      :city: Norfolk
    :Pacific/Noumea: 
      :city: Numea
    :Pacific/Pago_Pago: 
      :city: "Pago Pago"
    :Pacific/Palau: 
      :city: Palaos
    :Pacific/Pitcairn: 
      :city: Pitcairn
    :Pacific/Ponape: 
      :city: Pohnpei
    :Pacific/Port_Moresby: 
      :city: "Port Moresby"
    :Pacific/Rarotonga: 
      :city: Rarotonga
    :Pacific/Saipan: 
      :city: Saipán
    :Pacific/Tahiti: 
      :city: Tahití
    :Pacific/Tarawa: 
      :city: Tarawa
    :Pacific/Tongatapu: 
      :city: Tongatapu
    :Pacific/Truk: 
      :city: Chuuk
    :Pacific/Wake: 
      :city: "Isla Wake"
    :Pacific/Wallis: 
      :city: Wallis
