--- 
:af: 
  :formats: 
    :fallback_formats: 
      :generic: "{1} ({0})"
    :gmt_formats: 
      :generic: "GMT{0}"
    :gmt_zero_formats: 
      :generic: GMT
    :hour_formats: 
      :generic: "+HH:mm;-HH:mm"
    :region_formats: 
      :daylight: "{0}-dagligtyd"
      :generic: "{0}-tyd"
      :standard: "{0}-standaardtyd"
  :metazones: 
    :Afghanistan: 
      :long: 
        :standard: Afganistan-tyd
    :Africa_Central: 
      :long: 
        :standard: Sentraal-Afrika-tyd
      :short: 
        :standard: CAT
    :Africa_Eastern: 
      :long: 
        :standard: Oos-Afrika-tyd
      :short: 
        :standard: EAT
    :Africa_Southern: 
      :long: 
        :standard: Suid-Afrika-standaardtyd
      :short: 
        :standard: SAST
    :Africa_Western: 
      :long: 
        :daylight: Wes-Afrika-somertyd
        :generic: Wes-Afrika-tyd
        :standard: Wes-Afrika-standaardtyd
      :short: 
        :daylight: WAST
        :generic: WAT
        :standard: WAT
    :Alaska: 
      :long: 
        :daylight: Alaska-dagligtyd
        :generic: Alaska-tyd
        :standard: Alaska-standaardtyd
    :Amazon: 
      :long: 
        :daylight: Amasone-somertyd
        :generic: Amasone-tyd
        :standard: Amasone-standaardtyd
    :America_Central: 
      :long: 
        :daylight: "Noord-Amerikaanse sentrale dagligtyd"
        :generic: "Noord-Amerikaanse sentrale tyd"
        :standard: "Noord-Amerikaanse sentrale standaardtyd"
    :America_Eastern: 
      :long: 
        :daylight: "Noord-Amerikaanse oostelike dagligtyd"
        :generic: "Noord-Amerikaanse oostelike tyd"
        :standard: "Noord-Amerikaanse oostelike standaardtyd"
    :America_Mountain: 
      :long: 
        :daylight: "Noord-Amerikaanse berg-dagligtyd"
        :generic: "Noord-Amerikaanse bergtyd"
        :standard: "Noord-Amerikaanse berg-standaardtyd"
    :America_Pacific: 
      :long: 
        :daylight: "Pasifiese dagligtyd"
        :generic: "Pasifiese tyd"
        :standard: "Pasifiese standaardtyd"
    :Anadyr: 
      :long: 
        :daylight: Anadyr-somertyd
        :generic: Anadyr-tyd
        :standard: Anadyr-standaardtyd
    :Apia: 
      :long: 
        :daylight: Apia-dagligtyd
        :generic: Apia-tyd
        :standard: Apia-standaardtyd
    :Arabian: 
      :long: 
        :daylight: "Arabiese dagligtyd"
        :generic: "Arabiese tyd"
        :standard: "Arabiese standaardtyd"
    :Argentina: 
      :long: 
        :daylight: Argentinië-somertyd
        :generic: Argentinië-tyd
        :standard: Argentinië-standaardtyd
    :Argentina_Western: 
      :long: 
        :daylight: Wes-Argentinië-somertyd
        :generic: Wes-Argentinië-tyd
        :standard: Wes-Argentinië-standaardtyd
    :Armenia: 
      :long: 
        :daylight: Armenië-somertyd
        :generic: Armenië-tyd
        :standard: Armenië-standaardtyd
    :Atlantic: 
      :long: 
        :daylight: "Atlantiese dagligtyd"
        :generic: "Atlantiese tyd"
        :standard: "Atlantiese standaardtyd"
    :Australia_Central: 
      :long: 
        :daylight: "Sentraal-Australiese dagligtyd"
        :generic: "Sentraal-Australiese tyd"
        :standard: "Sentraal-Australiese standaardtyd"
    :Australia_CentralWestern: 
      :long: 
        :daylight: "Sentraal-westelike Australiese dagligtyd"
        :generic: "Sentraal-westelike Australiese tyd"
        :standard: "Sentraal-westelike Australiese standaard-tyd"
    :Australia_Eastern: 
      :long: 
        :daylight: "Oostelike Australiese dagligtyd"
        :generic: "Oostelike Australiese tyd"
        :standard: "Oostelike Australiese standaardtyd"
    :Australia_Western: 
      :long: 
        :daylight: "Westelike Australiese dagligtyd"
        :generic: "Westelike Australiese tyd"
        :standard: "Westelike Australiese standaardtyd"
    :Azerbaijan: 
      :long: 
        :daylight: Aserbeidjan-somertyd
        :generic: Aserbeidjan-tyd
        :standard: Aserbeidjan-standaardtyd
    :Azores: 
      :long: 
        :daylight: Asore-somertyd
        :generic: Asore-tyd
        :standard: Asore-standaardtyd
    :Bangladesh: 
      :long: 
        :daylight: Bangladesj-somertyd
        :generic: Bangladesj-tyd
        :standard: Bangladesj-standaardtyd
    :Bhutan: 
      :long: 
        :standard: Bhoetan-tyd
    :Bolivia: 
      :long: 
        :standard: Bolivië-tyd
    :Brasilia: 
      :long: 
        :daylight: Brasilia-somertyd
        :generic: Brasilia-tyd
        :standard: Brasilia-standaardtyd
    :Brunei: 
      :long: 
        :standard: "Broenei Darussalam-tyd"
    :Cape_Verde: 
      :long: 
        :daylight: "Kaap Verde-somertyd"
        :generic: "Kaap Verde-tyd"
        :standard: "Kaap Verde-standaardtyd"
    :Chamorro: 
      :long: 
        :standard: Chamorro-standaardtyd
    :Chatham: 
      :long: 
        :daylight: Chatham-dagligtyd
        :generic: Chatham-tyd
        :standard: Chatham-standaardtyd
    :Chile: 
      :long: 
        :daylight: Chili-somertyd
        :generic: Chili-tyd
        :standard: Chili-standaardtyd
    :China: 
      :long: 
        :daylight: China-dagligtyd
        :generic: China-tyd
        :standard: China-standaardtyd
    :Choibalsan: 
      :long: 
        :daylight: Choibalsan-somertyd
        :generic: Choibalsan-tyd
        :standard: Choibalsan-standaardtyd
    :Christmas: 
      :long: 
        :standard: Christmaseiland-tyd
    :Cocos: 
      :long: 
        :standard: Kokoseilande-tyd
    :Colombia: 
      :long: 
        :daylight: Colombia-somertyd
        :generic: Colombië-tyd
        :standard: Colombië-standaardtyd
    :Cook: 
      :long: 
        :daylight: Cookeilande-halfsomertyd
        :generic: Cookeilande-tyd
        :standard: Cookeilande-standaardtyd
    :Cuba: 
      :long: 
        :daylight: Kuba-dagligtyd
        :generic: Kuba-tyd
        :standard: Kuba-standaardtyd
    :Davis: 
      :long: 
        :standard: Davis-tyd
    :DumontDUrville: 
      :long: 
        :standard: Dumont-d’Urville-tyd
    :East_Timor: 
      :long: 
        :standard: Oos-Timor-tyd
    :Easter: 
      :long: 
        :daylight: Paaseiland-somertyd
        :generic: Paaseiland-tyd
        :standard: Paaseiland-standaardtyd
    :Ecuador: 
      :long: 
        :standard: Ecuador-tyd
    :Europe_Central: 
      :long: 
        :daylight: "Sentraal-Europese somertyd"
        :generic: "Sentraal-Europese tyd"
        :standard: "Sentraal-Europese standaardtyd"
    :Europe_Eastern: 
      :long: 
        :daylight: "Oos-Europese somertyd"
        :generic: "Oos-Europese tyd"
        :standard: "Oos-Europese standaardtyd"
    :Europe_Further_Eastern: 
      :long: 
        :standard: "Verder-oos-Europese tyd"
    :Europe_Western: 
      :long: 
        :daylight: "Wes-Europese somertyd"
        :generic: "Wes-Europese tyd"
        :standard: "Wes-Europese standaardtyd"
    :Falkland: 
      :long: 
        :daylight: Falklandeilande-somertyd
        :generic: Falklandeilande-tyd
        :standard: Falklandeilande-standaardtyd
    :Fiji: 
      :long: 
        :daylight: Fidji-somertyd
        :generic: Fidji-tyd
        :standard: Fidji-standaardtyd
    :French_Guiana: 
      :long: 
        :standard: Frans-Guiana-tyd
    :French_Southern: 
      :long: 
        :standard: "Franse Suider- en Antarktiese tyd"
    :GMT: 
      :long: 
        :standard: Greenwich-tyd
    :Galapagos: 
      :long: 
        :standard: Galapagos-tyd
    :Gambier: 
      :long: 
        :standard: Gambier-tyd
    :Georgia: 
      :long: 
        :daylight: Georgië-somertyd
        :generic: Georgië-tyd
        :standard: Georgië-standaardtyd
    :Gilbert_Islands: 
      :long: 
        :standard: Gilberteilande-tyd
    :Greenland_Eastern: 
      :long: 
        :daylight: Oos-Groenland-somertyd
        :generic: Oos-Groenland-tyd
        :standard: Oos-Groenland-standaardtyd
    :Greenland_Western: 
      :long: 
        :daylight: Wes-Groenland-somertyd
        :generic: Wes-Groenland-tyd
        :standard: Wes-Groenland-standaardtyd
    :Gulf: 
      :long: 
        :standard: "Persiese Golf-standaardtyd"
    :Guyana: 
      :long: 
        :standard: Guiana-tyd
    :Hawaii_Aleutian: 
      :long: 
        :daylight: Hawaii-Aleoete-dagligtyd
        :generic: Hawaii-Aleoete-tyd
        :standard: Hawaii-Aleoete-standaardtyd
    :Hong_Kong: 
      :long: 
        :daylight: Hongkong-somertyd
        :generic: Hongkong-tyd
        :standard: Hongkong-standaardtyd
    :Hovd: 
      :long: 
        :daylight: Hovd-somertyd
        :generic: Hovd-tyd
        :standard: Hovd-standaardtyd
    :India: 
      :long: 
        :standard: Indië-standaardtyd
    :Indian_Ocean: 
      :long: 
        :standard: "Indiese Oseaan-tyd"
    :Indochina: 
      :long: 
        :standard: Indosjina-tyd
    :Indonesia_Central: 
      :long: 
        :standard: "Sentraal-Indonesiese tyd"
    :Indonesia_Eastern: 
      :long: 
        :standard: Oos-Indonesië-tyd
    :Indonesia_Western: 
      :long: 
        :standard: Wes-Indonesië-tyd
    :Iran: 
      :long: 
        :daylight: Iran-dagligtyd
        :generic: Iran-tyd
        :standard: Iran-standaardtyd
    :Irkutsk: 
      :long: 
        :daylight: Irkoetsk-somertyd
        :generic: Irkoetsk-tyd
        :standard: Irkoetsk-standaardtyd
    :Israel: 
      :long: 
        :daylight: Israel-dagligtyd
        :generic: Israel-tyd
        :standard: Israel-standaardtyd
    :Japan: 
      :long: 
        :daylight: Japan-dagligtyd
        :generic: Japan-tyd
        :standard: Japan-standaardtyd
    :Kamchatka: 
      :long: 
        :daylight: Petropavlovsk-Kamchatski-somertyd
        :generic: Petropavlovsk-Kamchatski-tyd
        :standard: Petropavlovsk-Kamchatski-standaardtyd
    :Kazakhstan_Eastern: 
      :long: 
        :standard: Oos-Kazakstan-tyd
    :Kazakhstan_Western: 
      :long: 
        :standard: Wes-Kazakstan-tyd
    :Korea: 
      :long: 
        :daylight: "Koreaanse dagligtyd"
        :generic: "Koreaanse tyd"
        :standard: "Koreaanse standaardtyd"
    :Kosrae: 
      :long: 
        :standard: Kosrae-tyd
    :Krasnoyarsk: 
      :long: 
        :daylight: Krasnojarsk-somertyd
        :generic: Krasnojarsk-tyd
        :standard: Krasnojarsk-standaardtyd
    :Kyrgystan: 
      :long: 
        :standard: Kirgistan-tyd
    :Line_Islands: 
      :long: 
        :standard: Line-eilande-tyd
    :Lord_Howe: 
      :long: 
        :daylight: "Lord Howe-dagligtyd"
        :generic: "Lord Howe-tyd"
        :standard: "Lord Howe-standaardtyd"
    :Macquarie: 
      :long: 
        :standard: Macquarie-eiland-tyd
    :Magadan: 
      :long: 
        :daylight: Magadan-somertyd
        :generic: Magadan-tyd
        :standard: Magadan-standaardtyd
    :Malaysia: 
      :long: 
        :standard: Maleisië-tyd
    :Maldives: 
      :long: 
        :standard: Maledive-tyd
    :Marquesas: 
      :long: 
        :standard: Marquesas-tyd
    :Marshall_Islands: 
      :long: 
        :standard: Marshalleilande-tyd
    :Mauritius: 
      :long: 
        :daylight: Mauritius-somertyd
        :generic: Mauritius-tyd
        :standard: Mauritius-standaardtyd
    :Mawson: 
      :long: 
        :standard: Mawson-tyd
    :Mexico_Northwest: 
      :long: 
        :daylight: Noordwes-Meksiko-dagligtyd
        :generic: Noordwes-Meksiko-tyd
        :standard: Noordwes-Meksiko-standaardtyd
    :Mexico_Pacific: 
      :long: 
        :daylight: "Meksikaanse Pasifiese dagligtyd"
        :generic: "Meksikaanse Pasifiese tyd"
        :standard: "Meksikaanse Pasifiese standaardtyd"
    :Mongolia: 
      :long: 
        :daylight: Ulaanbaatar-somertyd
        :generic: Ulaanbaatar-tyd
        :standard: Ulaanbaatar-standaardtyd
    :Moscow: 
      :long: 
        :daylight: Moskou-somertyd
        :generic: Moskou-tyd
        :standard: Moskou-standaardtyd
    :Myanmar: 
      :long: 
        :standard: Mianmar-tyd
    :Nauru: 
      :long: 
        :standard: Nauru-tyd
    :Nepal: 
      :long: 
        :standard: Nepal-tyd
    :New_Caledonia: 
      :long: 
        :daylight: Nieu-Kaledonië-somertyd
        :generic: Nieu-Kaledonië-tyd
        :standard: Nieu-Kaledonië-standaardtyd
    :New_Zealand: 
      :long: 
        :daylight: Nieu-Seeland-dagligtyd
        :generic: Nieu-Seeland-tyd
        :standard: Nieu-Seeland-standaardtyd
    :Newfoundland: 
      :long: 
        :daylight: Newfoundland-dagligtyd
        :generic: Newfoundland-tyd
        :standard: Newfoundland-standaardtyd
    :Niue: 
      :long: 
        :standard: Niue-tyd
    :Norfolk: 
      :long: 
        :daylight: Norfolkeiland-dagligtyd
        :generic: Norfolkeiland-tyd
        :standard: Norfolkeiland-standaardtyd
    :Noronha: 
      :long: 
        :daylight: "Fernando de Noronha-somertyd"
        :generic: "Fernando de Noronha-tyd"
        :standard: "Fernando de Noronha-standaardtyd"
    :Novosibirsk: 
      :long: 
        :daylight: Novosibirsk-somertyd
        :generic: Novosibirsk-tyd
        :standard: Novosibirsk-standaardtyd
    :Omsk: 
      :long: 
        :daylight: Omsk-somertyd
        :generic: Omsk-tyd
        :standard: Omsk-standaardtyd
    :Pakistan: 
      :long: 
        :daylight: Pakistan-somertyd
        :generic: Pakistan-tyd
        :standard: Pakistan-standaardtyd
    :Palau: 
      :long: 
        :standard: Palau-tyd
    :Papua_New_Guinea: 
      :long: 
        :standard: Papoea-Nieu-Guinee-tyd
    :Paraguay: 
      :long: 
        :daylight: Paraguay-somertyd
        :generic: Paraguay-tyd
        :standard: Paraguay-standaardtyd
    :Peru: 
      :long: 
        :daylight: Peru-somertyd
        :generic: Peru-tyd
        :standard: Peru-standaardtyd
    :Philippines: 
      :long: 
        :daylight: "Filippynse somertyd"
        :generic: "Filippynse tyd"
        :standard: "Filippynse standaardtyd"
    :Phoenix_Islands: 
      :long: 
        :standard: Fenikseilande-tyd
    :Pierre_Miquelon: 
      :long: 
        :daylight: "Sint-Pierre en Miquelon-dagligtyd"
        :generic: "Sint-Pierre en Miquelon-tyd"
        :standard: "Sint-Pierre en Miquelon-standaardtyd"
    :Pitcairn: 
      :long: 
        :standard: Pitcairn-tyd
    :Ponape: 
      :long: 
        :standard: Ponape-tyd
    :Pyongyang: 
      :long: 
        :standard: Pyongyang-tyd
    :Reunion: 
      :long: 
        :standard: Réunion-tyd
    :Rothera: 
      :long: 
        :standard: Rothera-tyd
    :Sakhalin: 
      :long: 
        :daylight: Sakhalin-somertyd
        :generic: Sakhalin-tyd
        :standard: Sakhalin-standaardtyd
    :Samara: 
      :long: 
        :daylight: Samara-dagligtyd
        :generic: Samara-tyd
        :standard: Samara-standaardtyd
    :Samoa: 
      :long: 
        :daylight: Samoa-dagligtyd
        :generic: Samoa-tyd
        :standard: Samoa-standaardtyd
    :Seychelles: 
      :long: 
        :standard: Seychelle-tyd
    :Singapore: 
      :long: 
        :standard: Singapoer-standaardtyd
    :Solomon: 
      :long: 
        :standard: Salomonseilande-tyd
    :South_Georgia: 
      :long: 
        :standard: Suid-Georgië-tyd
    :Suriname: 
      :long: 
        :standard: Suriname-tyd
    :Syowa: 
      :long: 
        :standard: Syowa-tyd
    :Tahiti: 
      :long: 
        :standard: Tahiti-tyd
    :Taipei: 
      :long: 
        :daylight: Taipei-dagligtyd
        :generic: Taipei-tyd
        :standard: Taipei-standaardtyd
    :Tajikistan: 
      :long: 
        :standard: Tadjikistan-tyd
    :Tokelau: 
      :long: 
        :standard: Tokelau-tyd
    :Tonga: 
      :long: 
        :daylight: Tonga-somertyd
        :generic: Tonga-tyd
        :standard: Tonga-standaardtyd
    :Truk: 
      :long: 
        :standard: Chuuk-tyd
    :Turkmenistan: 
      :long: 
        :daylight: Turkmenistan-somertyd
        :generic: Turkmenistan-tyd
        :standard: Turkmenistan-standaardtyd
    :Tuvalu: 
      :long: 
        :standard: Tuvalu-tyd
    :Uruguay: 
      :long: 
        :daylight: Uruguay-somertyd
        :generic: Uruguay-tyd
        :standard: Uruguay-standaardtyd
    :Uzbekistan: 
      :long: 
        :daylight: Oesbekistan-somertyd
        :generic: Oesbekistan-tyd
        :standard: Oesbekistan-standaardtyd
    :Vanuatu: 
      :long: 
        :daylight: Vanuatu-somertyd
        :generic: Vanuatu-tyd
        :standard: Vanuatu-standaardtyd
    :Venezuela: 
      :long: 
        :standard: Venezuela-tyd
    :Vladivostok: 
      :long: 
        :daylight: Wladiwostok-somertyd
        :generic: Wladiwostok-tyd
        :standard: Wladiwostok-standaardtyd
    :Volgograd: 
      :long: 
        :daylight: Wolgograd-somertyd
        :generic: Wolgograd-tyd
        :standard: Wolgograd-standaardtyd
    :Vostok: 
      :long: 
        :standard: Wostok-tyd
    :Wake: 
      :long: 
        :standard: Wake-eiland-tyd
    :Wallis: 
      :long: 
        :standard: "Wallis en Futuna-tyd"
    :Yakutsk: 
      :long: 
        :daylight: Jakoetsk-somertyd
        :generic: Jakoetsk-tyd
        :standard: Jakoetsk-standaardtyd
    :Yekaterinburg: 
      :long: 
        :daylight: Jekaterinburg-somertyd
        :generic: Jekaterinburg-tyd
        :standard: Jekaterinburg-standaardtyd
  :timezones: 
    :Africa/Abidjan: 
      :city: Abidjan
    :Africa/Accra: 
      :city: Accra
    :Africa/Addis_Ababa: 
      :city: "Addis Abeba"
    :Africa/Algiers: 
      :city: Algiers
    :Africa/Asmera: 
      :city: Asmara
    :Africa/Bamako: 
      :city: Bamako
    :Africa/Bangui: 
      :city: Bangui
    :Africa/Banjul: 
      :city: Banjul
    :Africa/Bissau: 
      :city: Bissau
    :Africa/Blantyre: 
      :city: Blantyre
    :Africa/Brazzaville: 
      :city: Brazzaville
    :Africa/Bujumbura: 
      :city: Bujumbura
    :Africa/Cairo: 
      :city: Kaïro
    :Africa/Casablanca: 
      :city: Casablanca
    :Africa/Ceuta: 
      :city: Ceuta
    :Africa/Conakry: 
      :city: Conakry
    :Africa/Dakar: 
      :city: Dakar
    :Africa/Dar_es_Salaam: 
      :city: "Dar es Salaam"
    :Africa/Djibouti: 
      :city: Djiboeti
    :Africa/Douala: 
      :city: Douala
    :Africa/El_Aaiun: 
      :city: "El Aaiun"
    :Africa/Freetown: 
      :city: Freetown
    :Africa/Gaborone: 
      :city: Gaborone
    :Africa/Harare: 
      :city: Harare
    :Africa/Johannesburg: 
      :city: Johannesburg
    :Africa/Juba: 
      :city: Juba
    :Africa/Kampala: 
      :city: Kampala
    :Africa/Khartoum: 
      :city: Kartoem
    :Africa/Kigali: 
      :city: Kigali
    :Africa/Kinshasa: 
      :city: Kinshasa
    :Africa/Lagos: 
      :city: Lagos
    :Africa/Libreville: 
      :city: Libreville
    :Africa/Lome: 
      :city: Lome
    :Africa/Luanda: 
      :city: Luanda
    :Africa/Lubumbashi: 
      :city: Lubumbashi
    :Africa/Lusaka: 
      :city: Lusaka
    :Africa/Malabo: 
      :city: Malabo
    :Africa/Maputo: 
      :city: Maputo
    :Africa/Maseru: 
      :city: Maseru
    :Africa/Mbabane: 
      :city: Mbabane
    :Africa/Mogadishu: 
      :city: Mogadisjoe
    :Africa/Monrovia: 
      :city: Monrovia
    :Africa/Nairobi: 
      :city: Nairobi
    :Africa/Ndjamena: 
      :city: Ndjamena
    :Africa/Niamey: 
      :city: Niamey
    :Africa/Nouakchott: 
      :city: Nouakchott
    :Africa/Ouagadougou: 
      :city: Ouagadougou
    :Africa/Porto-Novo: 
      :city: Porto-Novo
    :Africa/Sao_Tome: 
      :city: "São Tomé"
    :Africa/Tripoli: 
      :city: Tripoli
    :Africa/Tunis: 
      :city: Tunis
    :Africa/Windhoek: 
      :city: Windhoek
    :America/Adak: 
      :city: Adak
    :America/Anchorage: 
      :city: Anchorage
    :America/Anguilla: 
      :city: Anguilla
    :America/Antigua: 
      :city: Antigua
    :America/Araguaina: 
      :city: Araguaina
    :America/Argentina/La_Rioja: 
      :city: "La Rioja"
    :America/Argentina/Rio_Gallegos: 
      :city: "Rio Gallegos"
    :America/Argentina/Salta: 
      :city: Salta
    :America/Argentina/San_Juan: 
      :city: "San Juan"
    :America/Argentina/San_Luis: 
      :city: "San Luis"
    :America/Argentina/Tucuman: 
      :city: Tucuman
    :America/Argentina/Ushuaia: 
      :city: Ushuaia
    :America/Aruba: 
      :city: Aruba
    :America/Asuncion: 
      :city: Asunción
    :America/Bahia: 
      :city: Bahia
    :America/Bahia_Banderas: 
      :city: "Bahia Banderas"
    :America/Barbados: 
      :city: Barbados
    :America/Belem: 
      :city: Belem
    :America/Belize: 
      :city: Belize
    :America/Blanc-Sablon: 
      :city: Blanc-Sablon
    :America/Boa_Vista: 
      :city: "Boa Vista"
    :America/Bogota: 
      :city: Bogota
    :America/Boise: 
      :city: Boise
    :America/Buenos_Aires: 
      :city: "Buenos Aires"
    :America/Cambridge_Bay: 
      :city: Cambridgebaai
    :America/Campo_Grande: 
      :city: "Campo Grande"
    :America/Cancun: 
      :city: Cancun
    :America/Caracas: 
      :city: Caracas
    :America/Catamarca: 
      :city: Catamarca
    :America/Cayenne: 
      :city: Cayenne
    :America/Cayman: 
      :city: Kaaiman
    :America/Chicago: 
      :city: Chicago
    :America/Chihuahua: 
      :city: Chihuahua
    :America/Coral_Harbour: 
      :city: Atikokan
    :America/Cordoba: 
      :city: Cordoba
    :America/Costa_Rica: 
      :city: "Costa Rica"
    :America/Creston: 
      :city: Creston
    :America/Cuiaba: 
      :city: Cuiaba
    :America/Curacao: 
      :city: Curaçao
    :America/Danmarkshavn: 
      :city: Danmarkshavn
    :America/Dawson: 
      :city: Dawson
    :America/Dawson_Creek: 
      :city: "Dawson Creek"
    :America/Denver: 
      :city: Denver
    :America/Detroit: 
      :city: Detroit
    :America/Dominica: 
      :city: Dominica
    :America/Edmonton: 
      :city: Edmonton
    :America/Eirunepe: 
      :city: Eirunepe
    :America/El_Salvador: 
      :city: "El Salvador"
    :America/Fort_Nelson: 
      :city: "Fort Nelson"
    :America/Fortaleza: 
      :city: Fortaleza
    :America/Glace_Bay: 
      :city: Glacebaai
    :America/Godthab: 
      :city: Nuuk
    :America/Goose_Bay: 
      :city: Goosebaai
    :America/Grand_Turk: 
      :city: "Grand Turk"
    :America/Grenada: 
      :city: Grenada
    :America/Guadeloupe: 
      :city: Guadeloupe
    :America/Guatemala: 
      :city: Guatemala
    :America/Guayaquil: 
      :city: Guayaquil
    :America/Guyana: 
      :city: Guyana
    :America/Halifax: 
      :city: Halifax
    :America/Havana: 
      :city: Havana
    :America/Hermosillo: 
      :city: Hermosillo
    :America/Indiana/Knox: 
      :city: "Knox, Indiana"
    :America/Indiana/Marengo: 
      :city: "Marengo, Indiana"
    :America/Indiana/Petersburg: 
      :city: "Petersburg, Indiana"
    :America/Indiana/Tell_City: 
      :city: "Tell City, Indiana"
    :America/Indiana/Vevay: 
      :city: "Vevay, Indiana"
    :America/Indiana/Vincennes: 
      :city: "Vincennes, Indiana"
    :America/Indiana/Winamac: 
      :city: "Winamac, Indiana"
    :America/Indianapolis: 
      :city: Indianapolis
    :America/Inuvik: 
      :city: Inuvik
    :America/Iqaluit: 
      :city: Iqaluit
    :America/Jamaica: 
      :city: Jamaika
    :America/Jujuy: 
      :city: Jujuy
    :America/Juneau: 
      :city: Juneau
    :America/Kentucky/Monticello: 
      :city: "Monticello, Kentucky"
    :America/Kralendijk: 
      :city: Kralendijk
    :America/La_Paz: 
      :city: "La Paz"
    :America/Lima: 
      :city: Lima
    :America/Los_Angeles: 
      :city: "Los Angeles"
    :America/Louisville: 
      :city: Louisville
    :America/Lower_Princes: 
      :city: "Lower Prince’s Quarter"
    :America/Maceio: 
      :city: Maceio
    :America/Managua: 
      :city: Managua
    :America/Manaus: 
      :city: Manaus
    :America/Marigot: 
      :city: Marigot
    :America/Martinique: 
      :city: Martinique
    :America/Matamoros: 
      :city: Matamoros
    :America/Mazatlan: 
      :city: Mazatlan
    :America/Mendoza: 
      :city: Mendoza
    :America/Menominee: 
      :city: Menominee
    :America/Merida: 
      :city: Merida
    :America/Metlakatla: 
      :city: Metlakatla
    :America/Mexico_City: 
      :city: Meksikostad
    :America/Miquelon: 
      :city: Miquelon
    :America/Moncton: 
      :city: Moncton
    :America/Monterrey: 
      :city: Monterrey
    :America/Montevideo: 
      :city: Montevideo
    :America/Montserrat: 
      :city: Montserrat
    :America/Nassau: 
      :city: Nassau
    :America/New_York: 
      :city: "New York"
    :America/Nipigon: 
      :city: Nipigon
    :America/Nome: 
      :city: Nome
    :America/Noronha: 
      :city: Noronha
    :America/North_Dakota/Beulah: 
      :city: "Beulah, Noord-Dakota"
    :America/North_Dakota/Center: 
      :city: "Center, Noord-Dakota"
    :America/North_Dakota/New_Salem: 
      :city: "New Salem, Noord-Dakota"
    :America/Ojinaga: 
      :city: Ojinaga
    :America/Panama: 
      :city: Panama
    :America/Pangnirtung: 
      :city: Pangnirtung
    :America/Paramaribo: 
      :city: Paramaribo
    :America/Phoenix: 
      :city: Phoenix
    :America/Port-au-Prince: 
      :city: Port-au-Prince
    :America/Port_of_Spain: 
      :city: "Port of Spain"
    :America/Porto_Velho: 
      :city: "Porto Velho"
    :America/Puerto_Rico: 
      :city: "Puerto Rico"
    :America/Punta_Arenas: 
      :city: "Punta Arenas"
    :America/Rainy_River: 
      :city: Rainyrivier
    :America/Rankin_Inlet: 
      :city: "Rankin Inlet"
    :America/Recife: 
      :city: Recife
    :America/Regina: 
      :city: Regina
    :America/Resolute: 
      :city: Resolute
    :America/Rio_Branco: 
      :city: "Rio Branco"
    :America/Santa_Isabel: 
      :city: "Santa Isabel"
    :America/Santarem: 
      :city: Santarem
    :America/Santiago: 
      :city: Santiago
    :America/Santo_Domingo: 
      :city: "Santo Domingo"
    :America/Sao_Paulo: 
      :city: "Sao Paulo"
    :America/Scoresbysund: 
      :city: Ittoqqortoormiit
    :America/Sitka: 
      :city: Sitka
    :America/St_Barthelemy: 
      :city: "Sint Barthélemy"
    :America/St_Johns: 
      :city: "Sint John’s"
    :America/St_Kitts: 
      :city: "Sint Kitts"
    :America/St_Lucia: 
      :city: "Sint Lucia"
    :America/St_Thomas: 
      :city: "Sint Thomas"
    :America/St_Vincent: 
      :city: "Sint Vincent"
    :America/Swift_Current: 
      :city: "Swift Current"
    :America/Tegucigalpa: 
      :city: Tegucigalpa
    :America/Thule: 
      :city: Thule
    :America/Thunder_Bay: 
      :city: Thunderbaai
    :America/Tijuana: 
      :city: Tijuana
    :America/Toronto: 
      :city: Toronto
    :America/Tortola: 
      :city: Tortola
    :America/Vancouver: 
      :city: Vancouver
    :America/Whitehorse: 
      :city: Whitehorse
    :America/Winnipeg: 
      :city: Winnipeg
    :America/Yakutat: 
      :city: Yakutat
    :America/Yellowknife: 
      :city: Yellowknife
    :Antarctica/Casey: 
      :city: Casey
    :Antarctica/Davis: 
      :city: Davis
    :Antarctica/DumontDUrville: 
      :city: "Dumont d’Urville"
    :Antarctica/Macquarie: 
      :city: Macquarie
    :Antarctica/Mawson: 
      :city: Mawson
    :Antarctica/McMurdo: 
      :city: McMurdo
    :Antarctica/Palmer: 
      :city: Palmer
    :Antarctica/Rothera: 
      :city: Rothera
    :Antarctica/Syowa: 
      :city: Syowa
    :Antarctica/Troll: 
      :city: Troll
    :Antarctica/Vostok: 
      :city: Wostok
    :Arctic/Longyearbyen: 
      :city: Longyearbyen
    :Asia/Aden: 
      :city: Aden
    :Asia/Almaty: 
      :city: Almaty
    :Asia/Amman: 
      :city: Amman
    :Asia/Anadyr: 
      :city: Anadyr
    :Asia/Aqtau: 
      :city: Aqtau
    :Asia/Aqtobe: 
      :city: Aqtobe
    :Asia/Ashgabat: 
      :city: Asjchabad
    :Asia/Atyrau: 
      :city: Atyrau
    :Asia/Baghdad: 
      :city: Bagdad
    :Asia/Bahrain: 
      :city: Bahrein
    :Asia/Baku: 
      :city: Bakoe
    :Asia/Bangkok: 
      :city: Bangkok
    :Asia/Barnaul: 
      :city: Barnaul
    :Asia/Beirut: 
      :city: Beiroet
    :Asia/Bishkek: 
      :city: Bisjkek
    :Asia/Brunei: 
      :city: Broenei
    :Asia/Calcutta: 
      :city: Kolkata
    :Asia/Chita: 
      :city: Chita
    :Asia/Choibalsan: 
      :city: Choibalsan
    :Asia/Colombo: 
      :city: Colombo
    :Asia/Damascus: 
      :city: Damaskus
    :Asia/Dhaka: 
      :city: Dhaka
    :Asia/Dili: 
      :city: Dili
    :Asia/Dubai: 
      :city: Doebai
    :Asia/Dushanbe: 
      :city: Dushanbe
    :Asia/Famagusta: 
      :city: Famagusta
    :Asia/Gaza: 
      :city: Gaza
    :Asia/Hebron: 
      :city: Hebron
    :Asia/Hong_Kong: 
      :city: Hongkong
    :Asia/Hovd: 
      :city: Hovd
    :Asia/Irkutsk: 
      :city: Irkoetsk
    :Asia/Jakarta: 
      :city: Djakarta
    :Asia/Jayapura: 
      :city: Jayapura
    :Asia/Jerusalem: 
      :city: Jerusalem
    :Asia/Kabul: 
      :city: Kaboel
    :Asia/Kamchatka: 
      :city: Kamtsjatka
    :Asia/Karachi: 
      :city: Karatsji
    :Asia/Katmandu: 
      :city: Katmandoe
    :Asia/Khandyga: 
      :city: Khandyga
    :Asia/Krasnoyarsk: 
      :city: Krasnojarsk
    :Asia/Kuala_Lumpur: 
      :city: Koeala-Loempoer
    :Asia/Kuching: 
      :city: Kuching
    :Asia/Kuwait: 
      :city: Koeweit
    :Asia/Macau: 
      :city: Macau
    :Asia/Magadan: 
      :city: Magadan
    :Asia/Makassar: 
      :city: Makassar
    :Asia/Manila: 
      :city: Manila
    :Asia/Muscat: 
      :city: Muskat
    :Asia/Nicosia: 
      :city: Nicosia
    :Asia/Novokuznetsk: 
      :city: Novokuznetsk
    :Asia/Novosibirsk: 
      :city: Novosibirsk
    :Asia/Omsk: 
      :city: Omsk
    :Asia/Oral: 
      :city: Oral
    :Asia/Phnom_Penh: 
      :city: "Phnom Penh"
    :Asia/Pontianak: 
      :city: Pontianak
    :Asia/Pyongyang: 
      :city: Pyongyang
    :Asia/Qatar: 
      :city: Katar
    :Asia/Qostanay: 
      :city: Kostanay
    :Asia/Qyzylorda: 
      :city: Qyzylorda
    :Asia/Rangoon: 
      :city: Yangon
    :Asia/Riyadh: 
      :city: Riaad
    :Asia/Saigon: 
      :city: "Ho Tsji Minhstad"
    :Asia/Sakhalin: 
      :city: Sakhalin
    :Asia/Samarkand: 
      :city: Samarkand
    :Asia/Seoul: 
      :city: Seoel
    :Asia/Shanghai: 
      :city: Shanghai
    :Asia/Singapore: 
      :city: Singapoer
    :Asia/Srednekolymsk: 
      :city: Srednekolymsk
    :Asia/Taipei: 
      :city: Taipei
    :Asia/Tashkent: 
      :city: Tashkent
    :Asia/Tbilisi: 
      :city: Tbilisi
    :Asia/Tehran: 
      :city: Tehran
    :Asia/Thimphu: 
      :city: Thimphu
    :Asia/Tokyo: 
      :city: Tokio
    :Asia/Tomsk: 
      :city: Tomsk
    :Asia/Ulaanbaatar: 
      :city: Ulaanbaatar
    :Asia/Urumqi: 
      :city: Urumqi
    :Asia/Ust-Nera: 
      :city: Ust-Nera
    :Asia/Vientiane: 
      :city: Vientiane
    :Asia/Vladivostok: 
      :city: Wladiwostok
    :Asia/Yakutsk: 
      :city: Jakoetsk
    :Asia/Yekaterinburg: 
      :city: Jekaterinburg
    :Asia/Yerevan: 
      :city: Yerevan
    :Atlantic/Azores: 
      :city: Asore
    :Atlantic/Bermuda: 
      :city: Bermuda
    :Atlantic/Canary: 
      :city: Kanarie
    :Atlantic/Cape_Verde: 
      :city: "Kaap Verde"
    :Atlantic/Faeroe: 
      :city: Faroe
    :Atlantic/Madeira: 
      :city: Madeira
    :Atlantic/Reykjavik: 
      :city: Reykjavik
    :Atlantic/South_Georgia: 
      :city: Suid-Georgië
    :Atlantic/St_Helena: 
      :city: "Sint Helena"
    :Atlantic/Stanley: 
      :city: Stanley
    :Australia/Adelaide: 
      :city: Adelaide
    :Australia/Brisbane: 
      :city: Brisbane
    :Australia/Broken_Hill: 
      :city: "Broken Hill"
    :Australia/Currie: 
      :city: Currie
    :Australia/Darwin: 
      :city: Darwin
    :Australia/Eucla: 
      :city: Eucla
    :Australia/Hobart: 
      :city: Hobart
    :Australia/Lindeman: 
      :city: Lindeman
    :Australia/Lord_Howe: 
      :city: "Lord Howe"
    :Australia/Melbourne: 
      :city: Melbourne
    :Australia/Perth: 
      :city: Perth
    :Australia/Sydney: 
      :city: Sydney
    :Etc/UTC: 
      :long: 
        :standard: "Gekoördineerde universele tyd"
      :short: 
        :standard: UTC
    :Etc/Unknown: 
      :city: "Onbekende stad"
    :Europe/Amsterdam: 
      :city: Amsterdam
    :Europe/Andorra: 
      :city: Andorra
    :Europe/Astrakhan: 
      :city: Astrakhan
    :Europe/Athens: 
      :city: Athene
    :Europe/Belgrade: 
      :city: Belgrade
    :Europe/Berlin: 
      :city: Berlyn
    :Europe/Bratislava: 
      :city: Bratislava
    :Europe/Brussels: 
      :city: Brussel
    :Europe/Bucharest: 
      :city: Boekarest
    :Europe/Budapest: 
      :city: Boedapest
    :Europe/Busingen: 
      :city: Busingen
    :Europe/Chisinau: 
      :city: Chisinau
    :Europe/Copenhagen: 
      :city: Kopenhagen
    :Europe/Dublin: 
      :city: Dublin
      :long: 
        :daylight: "Ierse standaardtyd"
    :Europe/Gibraltar: 
      :city: Gibraltar
    :Europe/Guernsey: 
      :city: Guernsey
    :Europe/Helsinki: 
      :city: Helsinki
    :Europe/Isle_of_Man: 
      :city: "Eiland Man"
    :Europe/Istanbul: 
      :city: Istanbul
    :Europe/Jersey: 
      :city: Jersey
    :Europe/Kaliningrad: 
      :city: Kaliningrad
    :Europe/Kiev: 
      :city: Kiëf
    :Europe/Kirov: 
      :city: Kirov
    :Europe/Lisbon: 
      :city: Lissabon
    :Europe/Ljubljana: 
      :city: Ljubljana
    :Europe/London: 
      :city: Londen
      :long: 
        :daylight: "Britse somertyd"
    :Europe/Luxembourg: 
      :city: Luxemburg
    :Europe/Madrid: 
      :city: Madrid
    :Europe/Malta: 
      :city: Malta
    :Europe/Mariehamn: 
      :city: Mariehamn
    :Europe/Minsk: 
      :city: Minsk
    :Europe/Monaco: 
      :city: Monaco
    :Europe/Moscow: 
      :city: Moskou
    :Europe/Oslo: 
      :city: Oslo
    :Europe/Paris: 
      :city: Parys
    :Europe/Podgorica: 
      :city: Podgorica
    :Europe/Prague: 
      :city: Praag
    :Europe/Riga: 
      :city: Riga
    :Europe/Rome: 
      :city: Rome
    :Europe/Samara: 
      :city: Samara
    :Europe/San_Marino: 
      :city: "San Marino"
    :Europe/Sarajevo: 
      :city: Sarajevo
    :Europe/Saratov: 
      :city: Saratof
    :Europe/Simferopol: 
      :city: Simferopol
    :Europe/Skopje: 
      :city: Skopje
    :Europe/Sofia: 
      :city: Sofia
    :Europe/Stockholm: 
      :city: Stockholm
    :Europe/Tallinn: 
      :city: Tallinn
    :Europe/Tirane: 
      :city: Tirane
    :Europe/Ulyanovsk: 
      :city: Ulyanovsk
    :Europe/Uzhgorod: 
      :city: Uzhgorod
    :Europe/Vaduz: 
      :city: Vaduz
    :Europe/Vatican: 
      :city: Vatikaanstad
    :Europe/Vienna: 
      :city: Wene
    :Europe/Vilnius: 
      :city: Vilnius
    :Europe/Volgograd: 
      :city: Wolgograd
    :Europe/Warsaw: 
      :city: Warskou
    :Europe/Zagreb: 
      :city: Zagreb
    :Europe/Zaporozhye: 
      :city: Zaporozhye
    :Europe/Zurich: 
      :city: Zürich
    :Indian/Antananarivo: 
      :city: Antananarivo
    :Indian/Chagos: 
      :city: Chagos
    :Indian/Christmas: 
      :city: Christmas
    :Indian/Cocos: 
      :city: Kokos
    :Indian/Comoro: 
      :city: Comore
    :Indian/Kerguelen: 
      :city: Kerguelen
    :Indian/Mahe: 
      :city: Mahe
    :Indian/Maldives: 
      :city: Maledive
    :Indian/Mauritius: 
      :city: Mauritius
    :Indian/Mayotte: 
      :city: Mayotte
    :Indian/Reunion: 
      :city: Réunion
    :Pacific/Apia: 
      :city: Apia
    :Pacific/Auckland: 
      :city: Auckland
    :Pacific/Bougainville: 
      :city: Bougainville
    :Pacific/Chatham: 
      :city: Chatham
    :Pacific/Easter: 
      :city: Paas
    :Pacific/Efate: 
      :city: Efate
    :Pacific/Enderbury: 
      :city: Enderbury
    :Pacific/Fakaofo: 
      :city: Fakaofo
    :Pacific/Fiji: 
      :city: Fidji
    :Pacific/Funafuti: 
      :city: Funafuti
    :Pacific/Galapagos: 
      :city: Galapagos
    :Pacific/Gambier: 
      :city: Gambier
    :Pacific/Guadalcanal: 
      :city: Guadalcanal
    :Pacific/Guam: 
      :city: Guam
    :Pacific/Honolulu: 
      :city: Honolulu
    :Pacific/Johnston: 
      :city: Johnston
    :Pacific/Kiritimati: 
      :city: Kiritimati
    :Pacific/Kosrae: 
      :city: Kosrae
    :Pacific/Kwajalein: 
      :city: Kwajalein
    :Pacific/Majuro: 
      :city: Majuro
    :Pacific/Marquesas: 
      :city: Marquesas
    :Pacific/Midway: 
      :city: Midway
    :Pacific/Nauru: 
      :city: Nauru
    :Pacific/Niue: 
      :city: Niue
    :Pacific/Norfolk: 
      :city: Norfolk
    :Pacific/Noumea: 
      :city: Nouméa
    :Pacific/Pago_Pago: 
      :city: "Pago Pago"
    :Pacific/Palau: 
      :city: Palau
    :Pacific/Pitcairn: 
      :city: Pitcairn
    :Pacific/Ponape: 
      :city: Pohnpei
    :Pacific/Port_Moresby: 
      :city: "Port Moresby"
    :Pacific/Rarotonga: 
      :city: Rarotonga
    :Pacific/Saipan: 
      :city: Saipan
    :Pacific/Tahiti: 
      :city: Tahiti
    :Pacific/Tarawa: 
      :city: Tarawa
    :Pacific/Tongatapu: 
      :city: Tongatapu
    :Pacific/Truk: 
      :city: Chuuk
    :Pacific/Wake: 
      :city: Wake
    :Pacific/Wallis: 
      :city: Mata-Utu
