--- 
:sw: 
  :formats: 
    :fallback_formats: 
      :generic: "{1} ({0})"
    :gmt_formats: 
      :generic: "GMT {0}"
    :gmt_zero_formats: 
      :generic: GMT
    :hour_formats: 
      :generic: "+HH:mm;-HH:mm"
    :region_formats: 
      :daylight: "Saa za Mchana za {0}"
      :generic: "Saa za {0}"
      :standard: "Saa za wastani za {0}"
  :metazones: 
    :Afghanistan: 
      :long: 
        :standard: "Saa za Afghanistan"
    :Africa_Central: 
      :long: 
        :standard: "Saa za Afrika ya Kati"
    :Africa_Eastern: 
      :long: 
        :standard: "Saa za Afrika Mashariki"
    :Africa_Southern: 
      :long: 
        :standard: "Saa za Wastani za Afrika Kusini"
    :Africa_Western: 
      :long: 
        :daylight: "Saa za Majira ya joto za Afrika Magharibi"
        :generic: "Saa za Afrika Magharibi"
        :standard: "Saa za Wastani za Afrika Magharibi"
    :Alaska: 
      :long: 
        :daylight: "Saa za Mchana za Alaska"
        :generic: "Saa za Alaska"
        :standard: "Saa za Wastani za Alaska"
    :Amazon: 
      :long: 
        :daylight: "Saa za Majira ya joto za Amazon"
        :generic: "Saa za Amazon"
        :standard: "Saa za Wastani za Amazon"
    :America_Central: 
      :long: 
        :daylight: "Saa za Mchana za Kati"
        :generic: "Saa za Kati"
        :standard: "Saa za Wastani za Kati"
    :America_Eastern: 
      :long: 
        :daylight: "Saa za Mchana za Mashariki"
        :generic: "Saa za Mashariki"
        :standard: "Saa za Wastani za Mashariki"
    :America_Mountain: 
      :long: 
        :daylight: "Saa za Mchana za Mountain"
        :generic: "Saa za Mountain"
        :standard: "Saa za Wastani za Mountain"
    :America_Pacific: 
      :long: 
        :daylight: "Saa za Mchana za Pasifiki"
        :generic: "Saa za Pasifiki"
        :standard: "Saa za Wastani za Pasifiki"
    :Anadyr: 
      :long: 
        :daylight: "Saa za Kiangazi za Anadyr"
        :generic: "Saa za Anadyr"
        :standard: "Saa za Wastani za Anadyr"
    :Apia: 
      :long: 
        :daylight: "Saa za Mchana za Apia"
        :generic: "Saa za Apia"
        :standard: "Saa za Wastani za Apia"
    :Arabian: 
      :long: 
        :daylight: "Saa za Mchana za Arabiani"
        :generic: "Saa za Uarabuni"
        :standard: "Saa za Wastani za Uarabuni"
    :Argentina: 
      :long: 
        :daylight: "Saa za Majira ya joto za Argentina"
        :generic: "Saa za Argentina"
        :standard: "Saa za Wastani za Argentina"
    :Argentina_Western: 
      :long: 
        :daylight: "Saa za Majira ya joto za Magharibi mwa Argentina"
        :generic: "Saa za Magharibi mwa Argentina"
        :standard: "Saa za Wastani za Magharibi mwa Argentina"
    :Armenia: 
      :long: 
        :daylight: "Saa za Majira ya joto za Armenia"
        :generic: "Saa za Armenia"
        :standard: "Saa za Wastani za Armenia"
    :Atlantic: 
      :long: 
        :daylight: "Saa za Mchana za Atlantiki"
        :generic: "Saa za Atlantiki"
        :standard: "Saa za Wastani za Atlantiki"
    :Australia_Central: 
      :long: 
        :daylight: "Saa za Mchana za Australia ya Kati"
        :generic: "Saa za Australia ya Kati"
        :standard: "Saa za Wastani za Australia ya Kati"
    :Australia_CentralWestern: 
      :long: 
        :daylight: "Saa za Mchana za Magharibi ya Kati ya Australia"
        :generic: "Saa za Magharibi ya Kati ya Australia"
        :standard: "Saa za Wastani za Magharibi ya Kati ya Australia"
    :Australia_Eastern: 
      :long: 
        :daylight: "Saa za Mchana za Mashariki mwa Australia"
        :generic: "Saa za Australia Mashariki"
        :standard: "Saa za Wastani za Mashariki mwa Australia"
    :Australia_Western: 
      :long: 
        :daylight: "Saa za Mchana za Australia Magharibi"
        :generic: "Saa za Australia Magharibi"
        :standard: "Saa za Wastani za Australia Magharibi"
    :Azerbaijan: 
      :long: 
        :daylight: "Saa za Majira ya joto za Azerbaijan"
        :generic: "Saa za Azerbaijan"
        :standard: "Saa za Wastani za Azerbaijan"
    :Azores: 
      :long: 
        :daylight: "Saa za Majira ya joto za Azores"
        :generic: "Saa za Azores"
        :standard: "Saa za Wastani za Azores"
    :Bangladesh: 
      :long: 
        :daylight: "Saa za Majira ya joto za Bangladesh"
        :generic: "Saa za Bangladesh"
        :standard: "Saa za Wastani za Bangladesh"
    :Bhutan: 
      :long: 
        :standard: "Saa za Bhutan"
    :Bolivia: 
      :long: 
        :standard: "Saa za Bolivia"
    :Brasilia: 
      :long: 
        :daylight: "Saa za Majira ya joto za Brasilia"
        :generic: "Saa za Brasilia"
        :standard: "Saa za Wastani za Brasilia"
    :Brunei: 
      :long: 
        :standard: "Saa za Brunei Darussalam"
    :Cape_Verde: 
      :long: 
        :daylight: "Saa za Majira ya joto za Cape Verde"
        :generic: "Saa za Cape Verde"
        :standard: "Saa za Wastani za Cape Verde"
    :Chamorro: 
      :long: 
        :standard: "Saa za Wastani za Chamorro"
    :Chatham: 
      :long: 
        :daylight: "Saa za Mchana za Chatham"
        :generic: "Saa za Chatham"
        :standard: "Saa za Wastani za Chatham"
    :Chile: 
      :long: 
        :daylight: "Saa za Majira ya joto za Chile"
        :generic: "Saa za Chile"
        :standard: "Saa za Wastani za Chile"
    :China: 
      :long: 
        :daylight: "Saa za Mchana za Uchina"
        :generic: "Saa za Uchina"
        :standard: "Saa za Wastani za Uchina"
    :Choibalsan: 
      :long: 
        :daylight: "Saa za Majira ya joto za Choibalsan"
        :generic: "Saa za Choibalsan"
        :standard: "Saa za Wastani za Choibalsan"
    :Christmas: 
      :long: 
        :standard: "Saa za Kisiwa cha Krismasi"
    :Cocos: 
      :long: 
        :standard: "Saa za Visiwa vya Cocos"
    :Colombia: 
      :long: 
        :daylight: "Saa za Majira ya joto za Kolombia"
        :generic: "Saa za Kolombia"
        :standard: "Saa za Wastani za Kolombia"
    :Cook: 
      :long: 
        :daylight: "Saa za Majira nusu ya joto za Visiwa Cook"
        :generic: "Saa za Visiwa vya Cook"
        :standard: "Saa za Wastani za Visiwa vya Cook"
    :Cuba: 
      :long: 
        :daylight: "Saa za Mchana za Kuba"
        :generic: "Saa za Kuba"
        :standard: "Saa za Wastani ya Kuba"
    :Davis: 
      :long: 
        :standard: "Saa za Davis"
    :DumontDUrville: 
      :long: 
        :standard: "Saa za Dumont-d’Urville"
    :East_Timor: 
      :long: 
        :standard: "Saa za Timor Mashariki"
    :Easter: 
      :long: 
        :daylight: "Saa za Majira ya joto za Kisiwa cha Easter"
        :generic: "Saa za Kisiwa cha Easter"
        :standard: "Saa za Wastani za Kisiwa cha Easter"
    :Ecuador: 
      :long: 
        :standard: "Saa za Ekwado"
    :Europe_Central: 
      :long: 
        :daylight: "Saa za Majira ya joto za Ulaya ya Kati"
        :generic: "Saa za Ulaya ya Kati"
        :standard: "Saa za Wastani za Ulaya ya Kati"
    :Europe_Eastern: 
      :long: 
        :daylight: "Saa za Majira ya joto za Mashariki mwa Ulaya"
        :generic: "Saa za Mashariki mwa Ulaya"
        :standard: "Saa za Wastani za Mashariki mwa Ulaya"
    :Europe_Further_Eastern: 
      :long: 
        :standard: "Saa za Mashariki zaidi mwa Ulaya"
    :Europe_Western: 
      :long: 
        :daylight: "Saa za Majira ya joto za Magharibi mwa Ulaya"
        :generic: "Saa za Magharibi mwa Ulaya"
        :standard: "Saa za Wastani za Magharibi mwa Ulaya"
    :Falkland: 
      :long: 
        :daylight: "Saa za Majira ya joto za Visiwa vya Falkland"
        :generic: "Saa za Visiwa vya Falkland"
        :standard: "Saa za Wastani za Visiwa vya Falkland"
    :Fiji: 
      :long: 
        :daylight: "Saa za Majira ya joto za Fiji"
        :generic: "Saa za Fiji"
        :standard: "Saa za Wastani za Fiji"
    :French_Guiana: 
      :long: 
        :standard: "Saa za Guiana ya Ufaransa"
    :French_Southern: 
      :long: 
        :standard: "Saa za Kusini mwa Ufaransa na Antaktiki"
    :GMT: 
      :long: 
        :standard: "Saa za Greenwich"
    :Galapagos: 
      :long: 
        :standard: "Saa za Galapagos"
    :Gambier: 
      :long: 
        :standard: "Saa za Gambier"
    :Georgia: 
      :long: 
        :daylight: "Saa za Majira ya joto za Jojia"
        :generic: "Saa za Jojia"
        :standard: "Saa za Wastani za Jojia"
    :Gilbert_Islands: 
      :long: 
        :standard: "Saa za Visiwa vya Gilbert"
    :Greenland_Eastern: 
      :long: 
        :daylight: "Saa za Majira ya joto za Greenland Mashariki"
        :generic: "Saa za Greenland Mashariki"
        :standard: "Saa za Wastani za Greenland Mashariki"
    :Greenland_Western: 
      :long: 
        :daylight: "Saa za Majira ya joto za Greenland Magharibi"
        :generic: "Saa za Greenland Magharibi"
        :standard: "Saa za Wastani za Greenland Magharibi"
    :Gulf: 
      :long: 
        :standard: "Saa za Wastani za Gulf"
    :Guyana: 
      :long: 
        :standard: "Saa za Guyana"
    :Hawaii_Aleutian: 
      :long: 
        :daylight: "Saa za Mchana za Hawaii-Aleutian"
        :generic: "Saa za Hawaii-Aleutian"
        :standard: "Saa za Wastani za Hawaii-Aleutian"
    :Hong_Kong: 
      :long: 
        :daylight: "Saa za Majira ya joto za Hong Kong"
        :generic: "Saa za Hong Kong"
        :standard: "Saa za Wastani za Hong Kong"
    :Hovd: 
      :long: 
        :daylight: "Saa za Majira ya joto za Hovd"
        :generic: "Saa za Hovd"
        :standard: "Saa za Wastani za Hovd"
    :India: 
      :long: 
        :standard: "Saa za Wastani za India"
    :Indian_Ocean: 
      :long: 
        :standard: "Saa za Bahari Hindi"
    :Indochina: 
      :long: 
        :standard: "Saa za Indochina"
    :Indonesia_Central: 
      :long: 
        :standard: "Saa za Indonesia ya Kati"
    :Indonesia_Eastern: 
      :long: 
        :standard: "Saa za Mashariki mwa Indonesia"
    :Indonesia_Western: 
      :long: 
        :standard: "Saa za Magharibi mwa Indonesia"
    :Iran: 
      :long: 
        :daylight: "Saa za Mchana za Iran"
        :generic: "Saa za Iran"
        :standard: "Saa za Wastani za Iran"
    :Irkutsk: 
      :long: 
        :daylight: "Saa za Majira ya joto za Irkutsk"
        :generic: "Saa za Irkutsk"
        :standard: "Saa za Wastani za Irkutsk"
    :Israel: 
      :long: 
        :daylight: "Saa za Mchana za Israeli"
        :generic: "Saa za Israeli"
        :standard: "Saa za Wastani za Israeli"
    :Japan: 
      :long: 
        :daylight: "Saa za Mchana za Japan"
        :generic: "Saa za Japan"
        :standard: "Saa za Wastani za Japani"
    :Kamchatka: 
      :long: 
        :daylight: "Saa za Kiangazi za Petropavlovsk-Kamchatski"
        :generic: "Saa za Petropavlovsk-Kamchatski"
        :standard: "Saa za Wastani za Petropavlovsk-Kamchatski"
    :Kazakhstan_Eastern: 
      :long: 
        :standard: "Saa za Kazakhstan Mashariki"
    :Kazakhstan_Western: 
      :long: 
        :standard: "Saa za Kazakhstan Magharibi"
    :Korea: 
      :long: 
        :daylight: "Saa za Mchana za Korea"
        :generic: "Saa za Korea"
        :standard: "Saa za Wastani za Korea"
    :Kosrae: 
      :long: 
        :standard: "Saa za Kosrae"
    :Krasnoyarsk: 
      :long: 
        :daylight: "Saa za Majira ya joto za Krasnoyarsk"
        :generic: "Saa za Krasnoyarsk"
        :standard: "Saa za Wastani za Krasnoyask"
    :Kyrgystan: 
      :long: 
        :standard: "Saa za Kyrgystan"
    :Line_Islands: 
      :long: 
        :standard: "Saa za Visiwa vya Line"
    :Lord_Howe: 
      :long: 
        :daylight: "Saa za Mchana za Lord Howe"
        :generic: "Saa za Lord Howe"
        :standard: "Saa za Wastani za Lord Howe"
    :Macquarie: 
      :long: 
        :standard: "Saa za kisiwa cha Macquarie"
    :Magadan: 
      :long: 
        :daylight: "Saa za Majira ya joto za Magadan"
        :generic: "Saa za Magadan"
        :standard: "Saa za Wastani za Magadan"
    :Malaysia: 
      :long: 
        :standard: "Saa za Malaysia"
    :Maldives: 
      :long: 
        :standard: "Saa za Maldives"
    :Marquesas: 
      :long: 
        :standard: "Saa za Marquesas"
    :Marshall_Islands: 
      :long: 
        :standard: "Saa za Visiwa vya Marshall"
    :Mauritius: 
      :long: 
        :daylight: "Saa za Majira ya joto za Morisi"
        :generic: "Saa za Morisi"
        :standard: "Saa za Wastani za Morisi"
    :Mawson: 
      :long: 
        :standard: "Saa za Mawson"
    :Mexico_Northwest: 
      :long: 
        :daylight: "Saa za mchana za Meksiko Kaskazini Magharibi"
        :generic: "Saa za Meksiko Kaskazini Magharibi"
        :standard: "Saa za Wastani za Meksiko Kaskazini Magharibi"
    :Mexico_Pacific: 
      :long: 
        :daylight: "Saa za mchana za pasifiki za Meksiko"
        :generic: "Saa za pasifiki za Meksiko"
        :standard: "Saa za wastani za pasifiki za Meksiko"
    :Mongolia: 
      :long: 
        :daylight: "Saa za Majira ya joto za Ulan Bator"
        :generic: "Saa za Ulan Bator"
        :standard: "Saa za Wastani za Ulan Bator"
    :Moscow: 
      :long: 
        :daylight: "Saa za Majira ya joto za Moscow"
        :generic: "Saa za Moscow"
        :standard: "Saa za Wastani za Moscow"
    :Myanmar: 
      :long: 
        :standard: "Saa za Myanmar"
    :Nauru: 
      :long: 
        :standard: "Saa za Nauru"
    :Nepal: 
      :long: 
        :standard: "Saa za Nepal"
    :New_Caledonia: 
      :long: 
        :daylight: "Saa za Majira ya joto za New Caledonia"
        :generic: "Saa za New Caledonia"
        :standard: "Saa za Wastani za New Caledonia"
    :New_Zealand: 
      :long: 
        :daylight: "Saa za Mchana za New Zealand"
        :generic: "Saa za New Zealand"
        :standard: "Saa za Wastani za New Zealand"
    :Newfoundland: 
      :long: 
        :daylight: "Saa za Mchana za Newfoundland"
        :generic: "Saa za Newfoundland"
        :standard: "Saa za Wastani za Newfoundland"
    :Niue: 
      :long: 
        :standard: "Saa za Niue"
    :Norfolk: 
      :long: 
        :daylight: "Saa za Majira ya joto za Kisiwa cha Norfolk"
        :generic: "Saa za Kisiwa cha Norfolk"
        :standard: "Saa za Wastani za Kisiwa cha Norfolk"
    :Noronha: 
      :long: 
        :daylight: "Saa za Majira ya joto za Fernando de Noronha"
        :generic: "Saa za Fernando de Noronha"
        :standard: "Saa za Wastani za Fernando de Noronha"
    :Novosibirsk: 
      :long: 
        :daylight: "Saa za Majira ya joto za Novosibirsk"
        :generic: "Saa za Novosibirsk"
        :standard: "Saa za Wastani za Novosibirsk"
    :Omsk: 
      :long: 
        :daylight: "Saa za Majira ya joto za Omsk"
        :generic: "Saa za Omsk"
        :standard: "Saa za Wastani za Omsk"
    :Pakistan: 
      :long: 
        :daylight: "Saa za Majira ya joto za Pakistan"
        :generic: "Saa za Pakistan"
        :standard: "Saa za Wastani za Pakistan"
    :Palau: 
      :long: 
        :standard: "Saa za Palau"
    :Papua_New_Guinea: 
      :long: 
        :standard: "Saa za Papua New Guinea"
    :Paraguay: 
      :long: 
        :daylight: "Saa za Majira ya joto za Paragwai"
        :generic: "Saa za Paragwai"
        :standard: "Saa za Wastani za Paragwai"
    :Peru: 
      :long: 
        :daylight: "Saa za Majira ya joto za Peru"
        :generic: "Saa za Peru"
        :standard: "Saa za Wastani za Peru"
    :Philippines: 
      :long: 
        :daylight: "Saa za Majira ya joto za Ufilipino"
        :generic: "Saa za Ufilipino"
        :standard: "Saa za Wastani za Ufilipino"
    :Phoenix_Islands: 
      :long: 
        :standard: "Saa za Visiwa vya Phoenix"
    :Pierre_Miquelon: 
      :long: 
        :daylight: "Saa za Mchana za Saint-Pierre na Miquelon"
        :generic: "Saa za Saint-Pierre na Miquelon"
        :standard: "Saa za Wastani ya Saint-Pierre na Miquelon"
    :Pitcairn: 
      :long: 
        :standard: "Saa za Pitcairn"
    :Ponape: 
      :long: 
        :standard: "Saa za Ponape"
    :Pyongyang: 
      :long: 
        :standard: "Saa za Pyongyang"
    :Reunion: 
      :long: 
        :standard: "Saa za Reunion"
    :Rothera: 
      :long: 
        :standard: "Saa za Rothera"
    :Sakhalin: 
      :long: 
        :daylight: "Saa za Majira ya joto za Sakhalin"
        :generic: "Saa za Sakhalin"
        :standard: "Saa za Wastani za Sakhalin"
    :Samara: 
      :long: 
        :daylight: "Saa za Kiangazi za Samara"
        :generic: "Saa za Samara"
        :standard: "Saa za Wastani za Samara"
    :Samoa: 
      :long: 
        :daylight: "Saa za Majira ya joto za Samoa"
        :generic: "Saa za Samoa"
        :standard: "Saa za Wastani za Samoa"
    :Seychelles: 
      :long: 
        :standard: "Saa za Ushelisheli"
    :Singapore: 
      :long: 
        :standard: "Saa za Wastani za Singapore"
    :Solomon: 
      :long: 
        :standard: "Saa za Visiwa vya Solomon"
    :South_Georgia: 
      :long: 
        :standard: "Saa za Georgia Kusini"
    :Suriname: 
      :long: 
        :standard: "Saa za Suriname"
    :Syowa: 
      :long: 
        :standard: "Saa za Syowa"
    :Tahiti: 
      :long: 
        :standard: "Saa za Tahiti"
    :Taipei: 
      :long: 
        :daylight: "Saa za Mchana za Taipei"
        :generic: "Saa za Taipei"
        :standard: "Saa za Wastani za Taipei"
    :Tajikistan: 
      :long: 
        :standard: "Saa za Tajikistan"
    :Tokelau: 
      :long: 
        :standard: "Saa za Tokelau"
    :Tonga: 
      :long: 
        :daylight: "Saa za Majira ya joto za Tonga"
        :generic: "Saa za Tonga"
        :standard: "Saa za Wastani za Tonga"
    :Truk: 
      :long: 
        :standard: "Saa za Chuuk"
    :Turkmenistan: 
      :long: 
        :daylight: "Saa za Majira ya joto za Turkmenistan"
        :generic: "Saa za Turkmenistan"
        :standard: "Saa za Wastani za Turkmenistan"
    :Tuvalu: 
      :long: 
        :standard: "Saa za Tuvalu"
    :Uruguay: 
      :long: 
        :daylight: "Saa za Majira ya joto za Urugwai"
        :generic: "Saa za Urugwai"
        :standard: "Saa za Wastani za Urugwai"
    :Uzbekistan: 
      :long: 
        :daylight: "Saa za Majira ya joto za Uzbekistan"
        :generic: "Saa za Uzbekistan"
        :standard: "Saa za Wastani za Uzbekistan"
    :Vanuatu: 
      :long: 
        :daylight: "Saa za Majira ya joto za Vanuatu"
        :generic: "Saa za Vanuatu"
        :standard: "Saa za Wastani za Vanuatu"
    :Venezuela: 
      :long: 
        :standard: "Saa za Venezuela"
    :Vladivostok: 
      :long: 
        :daylight: "Saa za Majira ya joto za Vladivostok"
        :generic: "Saa za Vladivostok"
        :standard: "Saa za Wastani za Vladivostok"
    :Volgograd: 
      :long: 
        :daylight: "Saa za Majira ya joto za Volgograd"
        :generic: "Saa za Volgograd"
        :standard: "Saa za Wastani za Volgograd"
    :Vostok: 
      :long: 
        :standard: "Saa za Vostok"
    :Wake: 
      :long: 
        :standard: "Saa za Kisiwa cha Wake"
    :Wallis: 
      :long: 
        :standard: "Saa za Wallis na Futuna"
    :Yakutsk: 
      :long: 
        :daylight: "Saa za Majira ya joto za Yakutsk"
        :generic: "Saa za Yakutsk"
        :standard: "Saa za Wastani za Yakutsk"
    :Yekaterinburg: 
      :long: 
        :daylight: "Saa za Majira ya joto za Yekaterinburg"
        :generic: "Saa za Yekaterinburg"
        :standard: "Saa za Wastani za Yekaterinburg"
  :timezones: 
    :Africa/Abidjan: 
      :city: Abidjan
    :Africa/Accra: 
      :city: Accra
    :Africa/Addis_Ababa: 
      :city: "Addis Ababa"
    :Africa/Algiers: 
      :city: Algiers
    :Africa/Asmera: 
      :city: Asmara
    :Africa/Bamako: 
      :city: Bamako
    :Africa/Bangui: 
      :city: Bangui
    :Africa/Banjul: 
      :city: Banjul
    :Africa/Bissau: 
      :city: Bissau
    :Africa/Blantyre: 
      :city: Blantyre
    :Africa/Brazzaville: 
      :city: Brazzaville
    :Africa/Bujumbura: 
      :city: Bujumbura
    :Africa/Cairo: 
      :city: Cairo
    :Africa/Casablanca: 
      :city: Casablanca
    :Africa/Ceuta: 
      :city: Ceuta
    :Africa/Conakry: 
      :city: Conakry
    :Africa/Dakar: 
      :city: Dakar
    :Africa/Dar_es_Salaam: 
      :city: "Dar es Salaam"
    :Africa/Djibouti: 
      :city: Djibouti
    :Africa/Douala: 
      :city: Douala
    :Africa/El_Aaiun: 
      :city: "El Aaiun"
    :Africa/Freetown: 
      :city: Freetown
    :Africa/Gaborone: 
      :city: Gaborone
    :Africa/Harare: 
      :city: Harare
    :Africa/Johannesburg: 
      :city: Johannesburg
    :Africa/Juba: 
      :city: Juba
    :Africa/Kampala: 
      :city: Kampala
    :Africa/Khartoum: 
      :city: Khartoum
    :Africa/Kigali: 
      :city: Kigali
    :Africa/Kinshasa: 
      :city: Kinshasa
    :Africa/Lagos: 
      :city: Lagos
    :Africa/Libreville: 
      :city: Libreville
    :Africa/Lome: 
      :city: Lome
    :Africa/Luanda: 
      :city: Luanda
    :Africa/Lubumbashi: 
      :city: Lubumbashi
    :Africa/Lusaka: 
      :city: Lusaka
    :Africa/Malabo: 
      :city: Malabo
    :Africa/Maputo: 
      :city: Maputo
    :Africa/Maseru: 
      :city: Maseru
    :Africa/Mbabane: 
      :city: Mbabane
    :Africa/Mogadishu: 
      :city: Mogadishu
    :Africa/Monrovia: 
      :city: Monrovia
    :Africa/Nairobi: 
      :city: Nairobi
    :Africa/Ndjamena: 
      :city: Ndjamena
    :Africa/Niamey: 
      :city: Niamey
    :Africa/Nouakchott: 
      :city: Nouakchott
    :Africa/Ouagadougou: 
      :city: Ouagadougou
    :Africa/Porto-Novo: 
      :city: Porto-Novo
    :Africa/Sao_Tome: 
      :city: "Sao Tome"
    :Africa/Tripoli: 
      :city: Tripoli
    :Africa/Tunis: 
      :city: Tunis
    :Africa/Windhoek: 
      :city: Windhoek
    :America/Adak: 
      :city: Adak
    :America/Anchorage: 
      :city: Anchorage
    :America/Anguilla: 
      :city: Anguilla
    :America/Antigua: 
      :city: Antigua
    :America/Araguaina: 
      :city: Araguaina
    :America/Argentina/La_Rioja: 
      :city: "La Rioja"
    :America/Argentina/Rio_Gallegos: 
      :city: "Rio Gallegos"
    :America/Argentina/Salta: 
      :city: Salta
    :America/Argentina/San_Juan: 
      :city: "San Juan"
    :America/Argentina/San_Luis: 
      :city: "San Luis"
    :America/Argentina/Tucuman: 
      :city: Tucuman
    :America/Argentina/Ushuaia: 
      :city: Ushuaia
    :America/Aruba: 
      :city: Aruba
    :America/Asuncion: 
      :city: Asuncion
    :America/Bahia: 
      :city: Bahia
    :America/Bahia_Banderas: 
      :city: "Bahia Banderas"
    :America/Barbados: 
      :city: Barbados
    :America/Belem: 
      :city: Belem
    :America/Belize: 
      :city: Belize
    :America/Blanc-Sablon: 
      :city: Blanc-Sablon
    :America/Boa_Vista: 
      :city: "Boa Vista"
    :America/Bogota: 
      :city: Bogota
    :America/Boise: 
      :city: Boise
    :America/Buenos_Aires: 
      :city: "Buenos Aires"
    :America/Cambridge_Bay: 
      :city: "Cambridge Bay"
    :America/Campo_Grande: 
      :city: "Campo Grande"
    :America/Cancun: 
      :city: Cancun
    :America/Caracas: 
      :city: Caracas
    :America/Catamarca: 
      :city: Catamarca
    :America/Cayenne: 
      :city: Cayenne
    :America/Cayman: 
      :city: Cayman
    :America/Chicago: 
      :city: Chicago
    :America/Chihuahua: 
      :city: Chihuahua
    :America/Coral_Harbour: 
      :city: Atikokan
    :America/Cordoba: 
      :city: Cordoba
    :America/Costa_Rica: 
      :city: "Costa Rica"
    :America/Creston: 
      :city: Creston
    :America/Cuiaba: 
      :city: Cuiaba
    :America/Curacao: 
      :city: Curacao
    :America/Danmarkshavn: 
      :city: Danmarkshavn
    :America/Dawson: 
      :city: Dawson
    :America/Dawson_Creek: 
      :city: "Dawson Creek"
    :America/Denver: 
      :city: Denver
    :America/Detroit: 
      :city: Detroit
    :America/Dominica: 
      :city: Dominica
    :America/Edmonton: 
      :city: Edmonton
    :America/Eirunepe: 
      :city: Eirunepe
    :America/El_Salvador: 
      :city: "El Salvador"
    :America/Fort_Nelson: 
      :city: "Fort Nelson"
    :America/Fortaleza: 
      :city: Fortaleza
    :America/Glace_Bay: 
      :city: "Glace Bay"
    :America/Godthab: 
      :city: Nuuk
    :America/Goose_Bay: 
      :city: "Goose Bay"
    :America/Grand_Turk: 
      :city: "Grand Turk"
    :America/Grenada: 
      :city: Grenada
    :America/Guadeloupe: 
      :city: Guadeloupe
    :America/Guatemala: 
      :city: Guatemala
    :America/Guayaquil: 
      :city: Guayaquil
    :America/Guyana: 
      :city: Guyana
    :America/Halifax: 
      :city: Halifax
    :America/Havana: 
      :city: Havana
    :America/Hermosillo: 
      :city: Hermosillo
    :America/Indiana/Knox: 
      :city: "Knox, Indiana"
    :America/Indiana/Marengo: 
      :city: "Marengo, Indiana"
    :America/Indiana/Petersburg: 
      :city: "Petersburg, Indiana"
    :America/Indiana/Tell_City: 
      :city: "Tell City, Indiana"
    :America/Indiana/Vevay: 
      :city: "Vevay, Indiana"
    :America/Indiana/Vincennes: 
      :city: "Vincennes, Indiana"
    :America/Indiana/Winamac: 
      :city: "Winamac, Indiana"
    :America/Indianapolis: 
      :city: Indianapolis
    :America/Inuvik: 
      :city: Inuvik
    :America/Iqaluit: 
      :city: Iqaluit
    :America/Jamaica: 
      :city: Jamaica
    :America/Jujuy: 
      :city: Jujuy
    :America/Juneau: 
      :city: Juneau
    :America/Kentucky/Monticello: 
      :city: "Monticello, Kentucky"
    :America/Kralendijk: 
      :city: Kralendijk
    :America/La_Paz: 
      :city: "La Paz"
    :America/Lima: 
      :city: Lima
    :America/Los_Angeles: 
      :city: "Los Angeles"
    :America/Louisville: 
      :city: Louisville
    :America/Lower_Princes: 
      :city: "Lower Prince’s Quarter"
    :America/Maceio: 
      :city: Maceio
    :America/Managua: 
      :city: Managua
    :America/Manaus: 
      :city: Manaus
    :America/Marigot: 
      :city: Marigot
    :America/Martinique: 
      :city: Martinique
    :America/Matamoros: 
      :city: Matamoros
    :America/Mazatlan: 
      :city: Mazatlan
    :America/Mendoza: 
      :city: Mendoza
    :America/Menominee: 
      :city: Menominee
    :America/Merida: 
      :city: Merida
    :America/Metlakatla: 
      :city: Metlakatla
    :America/Mexico_City: 
      :city: "Jiji la Mexico"
    :America/Miquelon: 
      :city: Miquelon
    :America/Moncton: 
      :city: Moncton
    :America/Monterrey: 
      :city: Monterrey
    :America/Montevideo: 
      :city: Montevideo
    :America/Montserrat: 
      :city: Montserrat
    :America/Nassau: 
      :city: Nassau
    :America/New_York: 
      :city: "New York"
    :America/Nipigon: 
      :city: Nipigon
    :America/Nome: 
      :city: Nome
    :America/Noronha: 
      :city: Noronha
    :America/North_Dakota/Beulah: 
      :city: "Beulah, North Dakota"
    :America/North_Dakota/Center: 
      :city: "Center, North Dakota"
    :America/North_Dakota/New_Salem: 
      :city: "New Salem, North Dakota"
    :America/Ojinaga: 
      :city: Ojinaga
    :America/Panama: 
      :city: Panama
    :America/Pangnirtung: 
      :city: Pangnirtung
    :America/Paramaribo: 
      :city: Paramaribo
    :America/Phoenix: 
      :city: Phoenix
    :America/Port-au-Prince: 
      :city: Port-au-Prince
    :America/Port_of_Spain: 
      :city: "Port of Spain"
    :America/Porto_Velho: 
      :city: "Porto Velho"
    :America/Puerto_Rico: 
      :city: "Puerto Rico"
    :America/Punta_Arenas: 
      :city: "Punta Arenas"
    :America/Rainy_River: 
      :city: "Rainy River"
    :America/Rankin_Inlet: 
      :city: "Rankin Inlet"
    :America/Recife: 
      :city: Recife
    :America/Regina: 
      :city: Regina
    :America/Resolute: 
      :city: Resolute
    :America/Rio_Branco: 
      :city: "Rio Branco"
    :America/Santa_Isabel: 
      :city: "Santa Isabel"
    :America/Santarem: 
      :city: Santarem
    :America/Santiago: 
      :city: Santiago
    :America/Santo_Domingo: 
      :city: "Santo Domingo"
    :America/Sao_Paulo: 
      :city: "Sao Paulo"
    :America/Scoresbysund: 
      :city: Ittoqqortoormiit
    :America/Sitka: 
      :city: Sitka
    :America/St_Barthelemy: 
      :city: "St. Barthelemy"
    :America/St_Johns: 
      :city: "St. John’s"
    :America/St_Kitts: 
      :city: "St. Kitts"
    :America/St_Lucia: 
      :city: "St. Lucia"
    :America/St_Thomas: 
      :city: "St. Thomas"
    :America/St_Vincent: 
      :city: "St. Vincent"
    :America/Swift_Current: 
      :city: "Swift Current"
    :America/Tegucigalpa: 
      :city: Tegucigalpa
    :America/Thule: 
      :city: Thule
    :America/Thunder_Bay: 
      :city: "Thunder Bay"
    :America/Tijuana: 
      :city: Tijuana
    :America/Toronto: 
      :city: Toronto
    :America/Tortola: 
      :city: Tortola
    :America/Vancouver: 
      :city: Vancouver
    :America/Whitehorse: 
      :city: Whitehorse
    :America/Winnipeg: 
      :city: Winnipeg
    :America/Yakutat: 
      :city: Yakutat
    :America/Yellowknife: 
      :city: Yellowknife
    :Antarctica/Casey: 
      :city: Casey
    :Antarctica/Davis: 
      :city: Davis
    :Antarctica/DumontDUrville: 
      :city: "Dumont d’Urville"
    :Antarctica/Macquarie: 
      :city: Macquarie
    :Antarctica/Mawson: 
      :city: Mawson
    :Antarctica/McMurdo: 
      :city: McMurdo
    :Antarctica/Palmer: 
      :city: Palmer
    :Antarctica/Rothera: 
      :city: Rothera
    :Antarctica/Syowa: 
      :city: Syowa
    :Antarctica/Troll: 
      :city: Troll
    :Antarctica/Vostok: 
      :city: Vostok
    :Arctic/Longyearbyen: 
      :city: Longyearbyen
    :Asia/Aden: 
      :city: Aden
    :Asia/Almaty: 
      :city: Almaty
    :Asia/Amman: 
      :city: Amman
    :Asia/Anadyr: 
      :city: Anadyr
    :Asia/Aqtau: 
      :city: Aqtau
    :Asia/Aqtobe: 
      :city: Aqtobe
    :Asia/Ashgabat: 
      :city: Ashgabat
    :Asia/Atyrau: 
      :city: Atyrau
    :Asia/Baghdad: 
      :city: Baghdad
    :Asia/Bahrain: 
      :city: Bahrain
    :Asia/Baku: 
      :city: Baku
    :Asia/Bangkok: 
      :city: Bangkok
    :Asia/Barnaul: 
      :city: Barnaul
    :Asia/Beirut: 
      :city: Beirut
    :Asia/Bishkek: 
      :city: Bishkek
    :Asia/Brunei: 
      :city: Brunei
    :Asia/Calcutta: 
      :city: Kolkata
    :Asia/Chita: 
      :city: Chita
    :Asia/Choibalsan: 
      :city: Choibalsan
    :Asia/Colombo: 
      :city: Colombo
    :Asia/Damascus: 
      :city: Damascus
    :Asia/Dhaka: 
      :city: Dhaka
    :Asia/Dili: 
      :city: Dili
    :Asia/Dubai: 
      :city: Dubai
    :Asia/Dushanbe: 
      :city: Dushanbe
    :Asia/Famagusta: 
      :city: Famagusta
    :Asia/Gaza: 
      :city: Gaza
    :Asia/Hebron: 
      :city: Hebron
    :Asia/Hong_Kong: 
      :city: "Hong Kong"
    :Asia/Hovd: 
      :city: Hovd
    :Asia/Irkutsk: 
      :city: Irkutsk
    :Asia/Jakarta: 
      :city: Jakarta
    :Asia/Jayapura: 
      :city: Jayapura
    :Asia/Jerusalem: 
      :city: Jerusalem
    :Asia/Kabul: 
      :city: Kabul
    :Asia/Kamchatka: 
      :city: Kamchatka
    :Asia/Karachi: 
      :city: Karachi
    :Asia/Katmandu: 
      :city: Kathmandu
    :Asia/Khandyga: 
      :city: Khandyga
    :Asia/Krasnoyarsk: 
      :city: Krasnoyarsk
    :Asia/Kuala_Lumpur: 
      :city: "Kuala Lumpur"
    :Asia/Kuching: 
      :city: Kuching
    :Asia/Kuwait: 
      :city: Kuwait
    :Asia/Macau: 
      :city: Macau
    :Asia/Magadan: 
      :city: Magadan
    :Asia/Makassar: 
      :city: Makassar
    :Asia/Manila: 
      :city: Manila
    :Asia/Muscat: 
      :city: Muscat
    :Asia/Nicosia: 
      :city: Nicosia
    :Asia/Novokuznetsk: 
      :city: Novokuznetsk
    :Asia/Novosibirsk: 
      :city: Novosibirsk
    :Asia/Omsk: 
      :city: Omsk
    :Asia/Oral: 
      :city: Oral
    :Asia/Phnom_Penh: 
      :city: "Phnom Penh"
    :Asia/Pontianak: 
      :city: Pontianak
    :Asia/Pyongyang: 
      :city: Pyongyang
    :Asia/Qatar: 
      :city: Qatar
    :Asia/Qostanay: 
      :city: Kostanay
    :Asia/Qyzylorda: 
      :city: Qyzylorda
    :Asia/Rangoon: 
      :city: Rangoon
    :Asia/Riyadh: 
      :city: Riyadh
    :Asia/Saigon: 
      :city: "Ho Chi Minh"
    :Asia/Sakhalin: 
      :city: Sakhalin
    :Asia/Samarkand: 
      :city: Samarkand
    :Asia/Seoul: 
      :city: Seoul
    :Asia/Shanghai: 
      :city: Shanghai
    :Asia/Singapore: 
      :city: Singapore
    :Asia/Srednekolymsk: 
      :city: Srednekolymsk
    :Asia/Taipei: 
      :city: Taipei
    :Asia/Tashkent: 
      :city: Tashkent
    :Asia/Tbilisi: 
      :city: Tbilisi
    :Asia/Tehran: 
      :city: Tehran
    :Asia/Thimphu: 
      :city: Thimphu
    :Asia/Tokyo: 
      :city: Tokyo
    :Asia/Tomsk: 
      :city: Tomsk
    :Asia/Ulaanbaatar: 
      :city: Ulaanbaatar
    :Asia/Urumqi: 
      :city: Urumqi
    :Asia/Ust-Nera: 
      :city: Ust-Nera
    :Asia/Vientiane: 
      :city: Vientiane
    :Asia/Vladivostok: 
      :city: Vladivostok
    :Asia/Yakutsk: 
      :city: Yakutsk
    :Asia/Yekaterinburg: 
      :city: Yekaterinburg
    :Asia/Yerevan: 
      :city: Yerevan
    :Atlantic/Azores: 
      :city: Azores
    :Atlantic/Bermuda: 
      :city: Bermuda
    :Atlantic/Canary: 
      :city: Canary
    :Atlantic/Cape_Verde: 
      :city: "Cape Verde"
    :Atlantic/Faeroe: 
      :city: Faroe
    :Atlantic/Madeira: 
      :city: Madeira
    :Atlantic/Reykjavik: 
      :city: Reykjavik
    :Atlantic/South_Georgia: 
      :city: "Georgia Kusini"
    :Atlantic/St_Helena: 
      :city: "St. Helena"
    :Atlantic/Stanley: 
      :city: Stanley
    :Australia/Adelaide: 
      :city: Adelaide
    :Australia/Brisbane: 
      :city: Brisbane
    :Australia/Broken_Hill: 
      :city: "Broken Hill"
    :Australia/Currie: 
      :city: Currie
    :Australia/Darwin: 
      :city: Darwin
    :Australia/Eucla: 
      :city: Eucla
    :Australia/Hobart: 
      :city: Hobart
    :Australia/Lindeman: 
      :city: Lindeman
    :Australia/Lord_Howe: 
      :city: "Lord Howe"
    :Australia/Melbourne: 
      :city: Melbourne
    :Australia/Perth: 
      :city: Perth
    :Australia/Sydney: 
      :city: Sydney
    :Etc/UTC: 
      :long: 
        :standard: "Mfumo wa kuratibu saa ulimwenguni"
      :short: 
        :standard: UTC
    :Etc/Unknown: 
      :city: "Jiji Lisilojulikana"
    :Europe/Amsterdam: 
      :city: Amsterdam
    :Europe/Andorra: 
      :city: Andorra
    :Europe/Astrakhan: 
      :city: Astrakhan
    :Europe/Athens: 
      :city: Athens
    :Europe/Belgrade: 
      :city: Belgrade
    :Europe/Berlin: 
      :city: Berlin
    :Europe/Bratislava: 
      :city: Bratislava
    :Europe/Brussels: 
      :city: Brussels
    :Europe/Bucharest: 
      :city: Bucharest
    :Europe/Budapest: 
      :city: Budapest
    :Europe/Busingen: 
      :city: Busingen
    :Europe/Chisinau: 
      :city: Chisinau
    :Europe/Copenhagen: 
      :city: Copenhagen
    :Europe/Dublin: 
      :city: Dublin
      :long: 
        :daylight: "Saa za Majira ya Joto za Ayalandi"
    :Europe/Gibraltar: 
      :city: Gibraltar
    :Europe/Guernsey: 
      :city: Guernsey
    :Europe/Helsinki: 
      :city: Helsinki
    :Europe/Isle_of_Man: 
      :city: "Isle of Man"
    :Europe/Istanbul: 
      :city: Istanbul
    :Europe/Jersey: 
      :city: Jersey
    :Europe/Kaliningrad: 
      :city: Kaliningrad
    :Europe/Kiev: 
      :city: Kiev
    :Europe/Kirov: 
      :city: Kirov
    :Europe/Lisbon: 
      :city: Lisbon
    :Europe/Ljubljana: 
      :city: Ljubljana
    :Europe/London: 
      :city: London
      :long: 
        :daylight: "Saa za Majira ya Joto za Uingereza"
    :Europe/Luxembourg: 
      :city: Luxembourg
    :Europe/Madrid: 
      :city: Madrid
    :Europe/Malta: 
      :city: Malta
    :Europe/Mariehamn: 
      :city: Mariehamn
    :Europe/Minsk: 
      :city: Minsk
    :Europe/Monaco: 
      :city: Monaco
    :Europe/Moscow: 
      :city: Moscow
    :Europe/Oslo: 
      :city: Oslo
    :Europe/Paris: 
      :city: Paris
    :Europe/Podgorica: 
      :city: Podgorica
    :Europe/Prague: 
      :city: Prague
    :Europe/Riga: 
      :city: Riga
    :Europe/Rome: 
      :city: Rome
    :Europe/Samara: 
      :city: Samara
    :Europe/San_Marino: 
      :city: "San Marino"
    :Europe/Sarajevo: 
      :city: Sarajevo
    :Europe/Saratov: 
      :city: Saratov
    :Europe/Simferopol: 
      :city: Simferopol
    :Europe/Skopje: 
      :city: Skopje
    :Europe/Sofia: 
      :city: Sofia
    :Europe/Stockholm: 
      :city: Stockholm
    :Europe/Tallinn: 
      :city: Tallinn
    :Europe/Tirane: 
      :city: Tirane
    :Europe/Ulyanovsk: 
      :city: Ulyanovsk
    :Europe/Uzhgorod: 
      :city: Uzhgorod
    :Europe/Vaduz: 
      :city: Vaduz
    :Europe/Vatican: 
      :city: Vatican
    :Europe/Vienna: 
      :city: Vienna
    :Europe/Vilnius: 
      :city: Vilnius
    :Europe/Volgograd: 
      :city: Volgograd
    :Europe/Warsaw: 
      :city: Warsaw
    :Europe/Zagreb: 
      :city: Zagreb
    :Europe/Zaporozhye: 
      :city: Zaporozhye
    :Europe/Zurich: 
      :city: Zurich
    :Indian/Antananarivo: 
      :city: Antananarivo
    :Indian/Chagos: 
      :city: Chagos
    :Indian/Christmas: 
      :city: Christmas
    :Indian/Cocos: 
      :city: Cocos
    :Indian/Comoro: 
      :city: Comoro
    :Indian/Kerguelen: 
      :city: Kerguelen
    :Indian/Mahe: 
      :city: Mahe
    :Indian/Maldives: 
      :city: Maldives
    :Indian/Mauritius: 
      :city: Mauritius
    :Indian/Mayotte: 
      :city: Mayotte
    :Indian/Reunion: 
      :city: Reunion
    :Pacific/Apia: 
      :city: Apia
    :Pacific/Auckland: 
      :city: Auckland
    :Pacific/Bougainville: 
      :city: Bougainville
    :Pacific/Chatham: 
      :city: Chatham
    :Pacific/Easter: 
      :city: Easter
    :Pacific/Efate: 
      :city: Efate
    :Pacific/Enderbury: 
      :city: Enderbury
    :Pacific/Fakaofo: 
      :city: Fakaofo
    :Pacific/Fiji: 
      :city: Fiji
    :Pacific/Funafuti: 
      :city: Funafuti
    :Pacific/Galapagos: 
      :city: Galapagos
    :Pacific/Gambier: 
      :city: Gambier
    :Pacific/Guadalcanal: 
      :city: Guadalcanal
    :Pacific/Guam: 
      :city: Guam
    :Pacific/Honolulu: 
      :city: Honolulu
    :Pacific/Johnston: 
      :city: Johnston
    :Pacific/Kiritimati: 
      :city: Kiritimati
    :Pacific/Kosrae: 
      :city: Kosrae
    :Pacific/Kwajalein: 
      :city: Kwajalein
    :Pacific/Majuro: 
      :city: Majuro
    :Pacific/Marquesas: 
      :city: Marquesas
    :Pacific/Midway: 
      :city: Midway
    :Pacific/Nauru: 
      :city: Nauru
    :Pacific/Niue: 
      :city: Niue
    :Pacific/Norfolk: 
      :city: Norfolk
    :Pacific/Noumea: 
      :city: Noumea
    :Pacific/Pago_Pago: 
      :city: "Pago Pago"
    :Pacific/Palau: 
      :city: Palau
    :Pacific/Pitcairn: 
      :city: Pitcairn
    :Pacific/Ponape: 
      :city: Pohnpei
    :Pacific/Port_Moresby: 
      :city: "Port Moresby"
    :Pacific/Rarotonga: 
      :city: Rarotonga
    :Pacific/Saipan: 
      :city: Saipan
    :Pacific/Tahiti: 
      :city: Tahiti
    :Pacific/Tarawa: 
      :city: Tarawa
    :Pacific/Tongatapu: 
      :city: Tongatapu
    :Pacific/Truk: 
      :city: Chuuk
    :Pacific/Wake: 
      :city: Wake
    :Pacific/Wallis: 
      :city: Wallis
