--- 
:nl-BE: 
  :formats: 
    :fallback_formats: 
      :generic: "{1} ({0})"
    :gmt_formats: 
      :generic: "GMT{0}"
    :gmt_zero_formats: 
      :generic: GMT
    :hour_formats: 
      :generic: "+HH:mm;-HH:mm"
    :region_formats: 
      :daylight: "zomertijd {0}"
      :generic: "{0}-tijd"
      :standard: "standaardtijd {0}"
  :metazones: 
    :Acre: 
      :long: 
        :daylight: Acre-zomertijd
        :generic: Acre-tijd
        :standard: Acre-standaardtijd
    :Afghanistan: 
      :long: 
        :standard: "Afghaanse tijd"
    :Africa_Central: 
      :long: 
        :standard: "Centraal-Afrikaanse tijd"
    :Africa_Eastern: 
      :long: 
        :standard: "Oost-Afrikaanse tijd"
    :Africa_Southern: 
      :long: 
        :standard: "Zuid-Afrikaanse tijd"
    :Africa_Western: 
      :long: 
        :daylight: "West-Afrikaanse zomertijd"
        :generic: "West-Afrikaanse tijd"
        :standard: "West-Afrikaanse standaardtijd"
    :Alaska: 
      :long: 
        :daylight: Alaska-zomertijd
        :generic: Alaska-tijd
        :standard: Alaska-standaardtijd
      :short: 
        :daylight: AKDT
        :generic: AKT
        :standard: AKST
    :Almaty: 
      :long: 
        :daylight: Alma-Ata-zomertijd
        :generic: Alma-Ata-tijd
        :standard: Alma-Ata-standaardtijd
    :Amazon: 
      :long: 
        :daylight: Amazone-zomertijd
        :generic: Amazone-tijd
        :standard: Amazone-standaardtijd
    :America_Central: 
      :long: 
        :daylight: Central-zomertijd
        :generic: Central-tijd
        :standard: Central-standaardtijd
      :short: 
        :daylight: CDT
        :generic: CT
        :standard: CST
    :America_Eastern: 
      :long: 
        :daylight: Eastern-zomertijd
        :generic: Eastern-tijd
        :standard: Eastern-standaardtijd
      :short: 
        :daylight: EDT
        :generic: ET
        :standard: EST
    :America_Mountain: 
      :long: 
        :daylight: Mountain-zomertijd
        :generic: Mountain-tijd
        :standard: Mountain-standaardtijd
      :short: 
        :daylight: MDT
        :generic: MT
        :standard: MST
    :America_Pacific: 
      :long: 
        :daylight: Pacific-zomertijd
        :generic: Pacific-tijd
        :standard: Pacific-standaardtijd
      :short: 
        :daylight: PDT
        :generic: PT
        :standard: PST
    :Anadyr: 
      :long: 
        :daylight: Anadyr-zomertijd
        :generic: Anadyr-tijd
        :standard: Anadyr-standaardtijd
    :Apia: 
      :long: 
        :daylight: Apia-zomertijd
        :generic: Apia-tijd
        :standard: Apia-standaardtijd
    :Aqtau: 
      :long: 
        :daylight: Aqtau-zomertijd
        :generic: Aqtau-tijd
        :standard: Aqtau-standaardtijd
    :Aqtobe: 
      :long: 
        :daylight: Aqtöbe-zomertijd
        :generic: Aqtöbe-tijd
        :standard: Aqtöbe-standaardtijd
    :Arabian: 
      :long: 
        :daylight: "Arabische zomertijd"
        :generic: "Arabische tijd"
        :standard: "Arabische standaardtijd"
    :Argentina: 
      :long: 
        :daylight: "Argentijnse zomertijd"
        :generic: "Argentijnse tijd"
        :standard: "Argentijnse standaardtijd"
    :Argentina_Western: 
      :long: 
        :daylight: "West-Argentijnse zomertijd"
        :generic: "West-Argentijnse tijd"
        :standard: "West-Argentijnse standaardtijd"
    :Armenia: 
      :long: 
        :daylight: "Armeense zomertijd"
        :generic: "Armeense tijd"
        :standard: "Armeense standaardtijd"
    :Atlantic: 
      :long: 
        :daylight: Atlantic-zomertijd
        :generic: Atlantic-tijd
        :standard: Atlantic-standaardtijd
      :short: 
        :daylight: ADT
        :generic: AT
        :standard: AST
    :Australia_Central: 
      :long: 
        :daylight: "Midden-Australische zomertijd"
        :generic: "Midden-Australische tijd"
        :standard: "Midden-Australische standaardtijd"
    :Australia_CentralWestern: 
      :long: 
        :daylight: "Midden-Australische westelijke zomertijd"
        :generic: "Midden-Australische westelijke tijd"
        :standard: "Midden-Australische westelijke standaardtijd"
    :Australia_Eastern: 
      :long: 
        :daylight: "Oost-Australische zomertijd"
        :generic: "Oost-Australische tijd"
        :standard: "Oost-Australische standaardtijd"
    :Australia_Western: 
      :long: 
        :daylight: "West-Australische zomertijd"
        :generic: "West-Australische tijd"
        :standard: "West-Australische standaardtijd"
    :Azerbaijan: 
      :long: 
        :daylight: "Azerbeidzjaanse zomertijd"
        :generic: "Azerbeidzjaanse tijd"
        :standard: "Azerbeidzjaanse standaardtijd"
    :Azores: 
      :long: 
        :daylight: Azoren-zomertijd
        :generic: Azoren-tijd
        :standard: Azoren-standaardtijd
    :Bangladesh: 
      :long: 
        :daylight: "Bengalese zomertijd"
        :generic: "Bengalese tijd"
        :standard: "Bengalese standaardtijd"
    :Bhutan: 
      :long: 
        :standard: "Bhutaanse tijd"
    :Bolivia: 
      :long: 
        :standard: "Boliviaanse tijd"
    :Brasilia: 
      :long: 
        :daylight: "Braziliaanse zomertijd"
        :generic: "Braziliaanse tijd"
        :standard: "Braziliaanse standaardtijd"
    :Brunei: 
      :long: 
        :standard: "Bruneise tijd"
    :Cape_Verde: 
      :long: 
        :daylight: "Kaapverdische zomertijd"
        :generic: "Kaapverdische tijd"
        :standard: "Kaapverdische standaardtijd"
    :Casey: 
      :long: 
        :standard: "Casey tijd"
    :Chamorro: 
      :long: 
        :standard: Chamorro-tijd
    :Chatham: 
      :long: 
        :daylight: Chatham-zomertijd
        :generic: Chatham-tijd
        :standard: Chatham-standaardtijd
    :Chile: 
      :long: 
        :daylight: "Chileense zomertijd"
        :generic: "Chileense tijd"
        :standard: "Chileense standaardtijd"
    :China: 
      :long: 
        :daylight: "Chinese zomertijd"
        :generic: "Chinese tijd"
        :standard: "Chinese standaardtijd"
    :Choibalsan: 
      :long: 
        :daylight: Tsjojbalsan-zomertijd
        :generic: Tsjojbalsan-tijd
        :standard: Tsjojbalsan-standaardtijd
    :Christmas: 
      :long: 
        :standard: "Christmaseilandse tijd"
    :Cocos: 
      :long: 
        :standard: "Cocoseilandse tijd"
    :Colombia: 
      :long: 
        :daylight: "Colombiaanse zomertijd"
        :generic: "Colombiaanse tijd"
        :standard: "Colombiaanse standaardtijd"
    :Cook: 
      :long: 
        :daylight: "Cookeilandse halve zomertijd"
        :generic: "Cookeilandse tijd"
        :standard: "Cookeilandse standaardtijd"
    :Cuba: 
      :long: 
        :daylight: "Cubaanse zomertijd"
        :generic: "Cubaanse tijd"
        :standard: "Cubaanse standaardtijd"
    :Davis: 
      :long: 
        :standard: Davis-tijd
    :DumontDUrville: 
      :long: 
        :standard: Dumont-d’Urville-tijd
    :East_Timor: 
      :long: 
        :standard: "Oost-Timorese tijd"
    :Easter: 
      :long: 
        :daylight: "Paaseilandse zomertijd"
        :generic: "Paaseilandse tijd"
        :standard: "Paaseilandse standaardtijd"
    :Ecuador: 
      :long: 
        :standard: "Ecuadoraanse tijd"
    :Europe_Central: 
      :long: 
        :daylight: "Midden-Europese zomertijd"
        :generic: "Midden-Europese tijd"
        :standard: "Midden-Europese standaardtijd"
      :short: 
        :daylight: CEST
        :generic: CET
        :standard: CET
    :Europe_Eastern: 
      :long: 
        :daylight: "Oost-Europese zomertijd"
        :generic: "Oost-Europese tijd"
        :standard: "Oost-Europese standaardtijd"
      :short: 
        :daylight: EEST
        :generic: EET
        :standard: EET
    :Europe_Further_Eastern: 
      :long: 
        :standard: "Verder-oostelijk-Europese tijd"
    :Europe_Western: 
      :long: 
        :daylight: "West-Europese zomertijd"
        :generic: "West-Europese tijd"
        :standard: "West-Europese standaardtijd"
      :short: 
        :daylight: WEST
        :generic: WET
        :standard: WET
    :Falkland: 
      :long: 
        :daylight: "Falklandeilandse zomertijd"
        :generic: "Falklandeilandse tijd"
        :standard: "Falklandeilandse standaardtijd"
    :Fiji: 
      :long: 
        :daylight: "Fijische zomertijd"
        :generic: "Fijische tijd"
        :standard: "Fijische standaardtijd"
    :French_Guiana: 
      :long: 
        :standard: "Frans-Guyaanse tijd"
    :French_Southern: 
      :long: 
        :standard: "Franse zuidelijke en Antarctische tijd"
    :GMT: 
      :long: 
        :standard: "Greenwich Mean Time"
      :short: 
        :standard: GMT
    :Galapagos: 
      :long: 
        :standard: "Galapagoseilandse tijd"
    :Gambier: 
      :long: 
        :standard: "Gambiereilandse tijd"
    :Georgia: 
      :long: 
        :daylight: "Georgische zomertijd"
        :generic: "Georgische tijd"
        :standard: "Georgische standaardtijd"
    :Gilbert_Islands: 
      :long: 
        :standard: "Gilberteilandse tijd"
    :Greenland_Eastern: 
      :long: 
        :daylight: "Oost-Groenlandse zomertijd"
        :generic: "Oost-Groenlandse tijd"
        :standard: "Oost-Groenlandse standaardtijd"
    :Greenland_Western: 
      :long: 
        :daylight: "West-Groenlandse zomertijd"
        :generic: "West-Groenlandse tijd"
        :standard: "West-Groenlandse standaardtijd"
    :Guam: 
      :long: 
        :standard: "Guamese standaardtijd"
    :Gulf: 
      :long: 
        :standard: Golf-standaardtijd
    :Guyana: 
      :long: 
        :standard: "Guyaanse tijd"
    :Hawaii_Aleutian: 
      :long: 
        :daylight: "Hawaii-Aleoetische zomertijd"
        :generic: "Hawaii-Aleoetische tijd"
        :standard: "Hawaii-Aleoetische standaardtijd"
      :short: 
        :daylight: HADT
        :generic: HAT
        :standard: HAST
    :Hong_Kong: 
      :long: 
        :daylight: "Hongkongse zomertijd"
        :generic: "Hongkongse tijd"
        :standard: "Hongkongse standaardtijd"
    :Hovd: 
      :long: 
        :daylight: Hovd-zomertijd
        :generic: Hovd-tijd
        :standard: Hovd-standaardtijd
    :India: 
      :long: 
        :standard: "Indiase tijd"
    :Indian_Ocean: 
      :long: 
        :standard: "Indische Oceaan-tijd"
    :Indochina: 
      :long: 
        :standard: "Indochinese tijd"
    :Indonesia_Central: 
      :long: 
        :standard: "Centraal-Indonesische tijd"
    :Indonesia_Eastern: 
      :long: 
        :standard: "Oost-Indonesische tijd"
    :Indonesia_Western: 
      :long: 
        :standard: "West-Indonesische tijd"
    :Iran: 
      :long: 
        :daylight: "Iraanse zomertijd"
        :generic: "Iraanse tijd"
        :standard: "Iraanse standaardtijd"
    :Irkutsk: 
      :long: 
        :daylight: Irkoetsk-zomertijd
        :generic: Irkoetsk-tijd
        :standard: Irkoetsk-standaardtijd
    :Israel: 
      :long: 
        :daylight: "Israëlische zomertijd"
        :generic: "Israëlische tijd"
        :standard: "Israëlische standaardtijd"
    :Japan: 
      :long: 
        :daylight: "Japanse zomertijd"
        :generic: "Japanse tijd"
        :standard: "Japanse standaardtijd"
    :Kamchatka: 
      :long: 
        :daylight: Petropavlovsk-Kamtsjatski-zomertijd
        :generic: Petropavlovsk-Kamtsjatski-tijd
        :standard: Petropavlovsk-Kamtsjatski-standaardtijd
    :Kazakhstan_Eastern: 
      :long: 
        :standard: "Oost-Kazachse tijd"
    :Kazakhstan_Western: 
      :long: 
        :standard: "West-Kazachse tijd"
    :Korea: 
      :long: 
        :daylight: "Koreaanse zomertijd"
        :generic: "Koreaanse tijd"
        :standard: "Koreaanse standaardtijd"
    :Kosrae: 
      :long: 
        :standard: "Kosraese tijd"
    :Krasnoyarsk: 
      :long: 
        :daylight: Krasnojarsk-zomertijd
        :generic: Krasnojarsk-tijd
        :standard: Krasnojarsk-standaardtijd
    :Kyrgystan: 
      :long: 
        :standard: "Kirgizische tijd"
    :Lanka: 
      :long: 
        :standard: Lanka-tijd
    :Line_Islands: 
      :long: 
        :standard: "Line-eilandse tijd"
    :Lord_Howe: 
      :long: 
        :daylight: "Lord Howe-eilandse zomertijd"
        :generic: "Lord Howe-eilandse tijd"
        :standard: "Lord Howe-eilandse standaardtijd"
    :Macau: 
      :long: 
        :daylight: "Macause zomertijd"
        :generic: "Macause tijd"
        :standard: "Macause standaardtijd"
    :Macquarie: 
      :long: 
        :standard: "Macquarie-eilandse tijd"
    :Magadan: 
      :long: 
        :daylight: Magadan-zomertijd
        :generic: Magadan-tijd
        :standard: Magadan-standaardtijd
    :Malaysia: 
      :long: 
        :standard: "Maleisische tijd"
    :Maldives: 
      :long: 
        :standard: "Maldivische tijd"
    :Marquesas: 
      :long: 
        :standard: "Marquesaseilandse tijd"
    :Marshall_Islands: 
      :long: 
        :standard: "Marshalleilandse tijd"
    :Mauritius: 
      :long: 
        :daylight: "Mauritiaanse zomertijd"
        :generic: "Mauritiaanse tijd"
        :standard: "Mauritiaanse standaardtijd"
    :Mawson: 
      :long: 
        :standard: Mawson-tijd
    :Mexico_Northwest: 
      :long: 
        :daylight: "Noordwest-Mexicaanse zomertijd"
        :generic: "Noordwest-Mexicaanse tijd"
        :standard: "Noordwest-Mexicaanse standaardtijd"
    :Mexico_Pacific: 
      :long: 
        :daylight: "Mexicaanse Pacific-zomertijd"
        :generic: "Mexicaanse Pacific-tijd"
        :standard: "Mexicaanse Pacific-standaardtijd"
    :Mongolia: 
      :long: 
        :daylight: Ulaanbaatar-zomertijd
        :generic: Ulaanbaatar-tijd
        :standard: Ulaanbaatar-standaardtijd
    :Moscow: 
      :long: 
        :daylight: Moskou-zomertijd
        :generic: Moskou-tijd
        :standard: Moskou-standaardtijd
    :Myanmar: 
      :long: 
        :standard: "Myanmarese tijd"
    :Nauru: 
      :long: 
        :standard: "Nauruaanse tijd"
    :Nepal: 
      :long: 
        :standard: "Nepalese tijd"
    :New_Caledonia: 
      :long: 
        :daylight: "Nieuw-Caledonische zomertijd"
        :generic: "Nieuw-Caledonische tijd"
        :standard: "Nieuw-Caledonische standaardtijd"
    :New_Zealand: 
      :long: 
        :daylight: "Nieuw-Zeelandse zomertijd"
        :generic: "Nieuw-Zeelandse tijd"
        :standard: "Nieuw-Zeelandse standaardtijd"
    :Newfoundland: 
      :long: 
        :daylight: Newfoundland-zomertijd
        :generic: Newfoundland-tijd
        :standard: Newfoundland-standaardtijd
    :Niue: 
      :long: 
        :standard: "Niuese tijd"
    :Norfolk: 
      :long: 
        :daylight: "Norfolkeilandse zomertijd"
        :generic: "Norfolkeilandse tijd"
        :standard: "Norfolkeilandse standaardtijd"
    :Noronha: 
      :long: 
        :daylight: "Fernando de Noronha-zomertijd"
        :generic: "Fernando de Noronha-tijd"
        :standard: "Fernando de Noronha-standaardtijd"
    :North_Mariana: 
      :long: 
        :standard: "Noordelijk Mariaanse tijd"
    :Novosibirsk: 
      :long: 
        :daylight: Novosibirsk-zomertijd
        :generic: Novosibirsk-tijd
        :standard: Novosibirsk-standaardtijd
    :Omsk: 
      :long: 
        :daylight: Omsk-zomertijd
        :generic: Omsk-tijd
        :standard: Omsk-standaardtijd
    :Pakistan: 
      :long: 
        :daylight: "Pakistaanse zomertijd"
        :generic: "Pakistaanse tijd"
        :standard: "Pakistaanse standaardtijd"
    :Palau: 
      :long: 
        :standard: "Belause tijd"
    :Papua_New_Guinea: 
      :long: 
        :standard: "Papoea-Nieuw-Guineese tijd"
    :Paraguay: 
      :long: 
        :daylight: "Paraguayaanse zomertijd"
        :generic: "Paraguayaanse tijd"
        :standard: "Paraguayaanse standaardtijd"
    :Peru: 
      :long: 
        :daylight: "Peruaanse zomertijd"
        :generic: "Peruaanse tijd"
        :standard: "Peruaanse standaardtijd"
    :Philippines: 
      :long: 
        :daylight: "Filipijnse zomertijd"
        :generic: "Filipijnse tijd"
        :standard: "Filipijnse standaardtijd"
    :Phoenix_Islands: 
      :long: 
        :standard: "Phoenixeilandse tijd"
    :Pierre_Miquelon: 
      :long: 
        :daylight: "Saint Pierre en Miquelon-zomertijd"
        :generic: "Saint Pierre en Miquelon-tijd"
        :standard: "Saint Pierre en Miquelon-standaardtijd"
    :Pitcairn: 
      :long: 
        :standard: "Pitcairneilandse tijd"
    :Ponape: 
      :long: 
        :standard: Pohnpei-tijd
    :Pyongyang: 
      :long: 
        :standard: Pyongyang-tijd
    :Qyzylorda: 
      :long: 
        :daylight: Qyzylorda-zomertijd
        :generic: Qyzylorda-tijd
        :standard: Qyzylorda-standaardtijd
    :Reunion: 
      :long: 
        :standard: "Réunionse tijd"
    :Rothera: 
      :long: 
        :standard: Rothera-tijd
    :Sakhalin: 
      :long: 
        :daylight: Sachalin-zomertijd
        :generic: Sachalin-tijd
        :standard: Sachalin-standaardtijd
    :Samara: 
      :long: 
        :daylight: Samara-zomertijd
        :generic: Samara-tijd
        :standard: Samara-standaardtijd
    :Samoa: 
      :long: 
        :daylight: "Samoaanse zomertijd"
        :generic: "Samoaanse tijd"
        :standard: "Samoaanse standaardtijd"
    :Seychelles: 
      :long: 
        :standard: "Seychelse tijd"
    :Singapore: 
      :long: 
        :standard: "Singaporese standaardtijd"
    :Solomon: 
      :long: 
        :standard: "Salomonseilandse tijd"
    :South_Georgia: 
      :long: 
        :standard: "Zuid-Georgische tijd"
    :Suriname: 
      :long: 
        :standard: "Surinaamse tijd"
    :Syowa: 
      :long: 
        :standard: Syowa-tijd
    :Tahiti: 
      :long: 
        :standard: "Tahitiaanse tijd"
    :Taipei: 
      :long: 
        :daylight: Taipei-zomertijd
        :generic: Taipei-tijd
        :standard: Taipei-standaardtijd
    :Tajikistan: 
      :long: 
        :standard: "Tadzjiekse tijd"
    :Tokelau: 
      :long: 
        :standard: "Tokelau-eilandse tijd"
    :Tonga: 
      :long: 
        :daylight: "Tongaanse zomertijd"
        :generic: "Tongaanse tijd"
        :standard: "Tongaanse standaardtijd"
    :Truk: 
      :long: 
        :standard: "Chuukse tijd"
    :Turkmenistan: 
      :long: 
        :daylight: "Turkmeense zomertijd"
        :generic: "Turkmeense tijd"
        :standard: "Turkmeense standaardtijd"
    :Tuvalu: 
      :long: 
        :standard: "Tuvaluaanse tijd"
    :Uruguay: 
      :long: 
        :daylight: "Uruguayaanse zomertijd"
        :generic: "Uruguayaanse tijd"
        :standard: "Uruguayaanse standaardtijd"
    :Uzbekistan: 
      :long: 
        :daylight: "Oezbeekse zomertijd"
        :generic: "Oezbeekse tijd"
        :standard: "Oezbeekse standaardtijd"
    :Vanuatu: 
      :long: 
        :daylight: "Vanuatuaanse zomertijd"
        :generic: "Vanuatuaanse tijd"
        :standard: "Vanuatuaanse standaardtijd"
    :Venezuela: 
      :long: 
        :standard: "Venezolaanse tijd"
    :Vladivostok: 
      :long: 
        :daylight: Vladivostok-zomertijd
        :generic: Vladivostok-tijd
        :standard: Vladivostok-standaardtijd
    :Volgograd: 
      :long: 
        :daylight: Wolgograd-zomertijd
        :generic: Wolgograd-tijd
        :standard: Wolgograd-standaardtijd
    :Vostok: 
      :long: 
        :standard: Vostok-tijd
    :Wake: 
      :long: 
        :standard: "Wake-eilandse tijd"
    :Wallis: 
      :long: 
        :standard: "Wallis en Futunase tijd"
    :Yakutsk: 
      :long: 
        :daylight: Jakoetsk-zomertijd
        :generic: Jakoetsk-tijd
        :standard: Jakoetsk-standaardtijd
    :Yekaterinburg: 
      :long: 
        :daylight: Jekaterinenburg-zomertijd
        :generic: Jekaterinenburg-tijd
        :standard: Jekaterinenburg-standaardtijd
  :timezones: 
    :Africa/Abidjan: 
      :city: Abidjan
    :Africa/Accra: 
      :city: Accra
    :Africa/Addis_Ababa: 
      :city: "Addis Abeba"
    :Africa/Algiers: 
      :city: Algiers
    :Africa/Asmera: 
      :city: Asmara
    :Africa/Bamako: 
      :city: Bamako
    :Africa/Bangui: 
      :city: Bangui
    :Africa/Banjul: 
      :city: Banjul
    :Africa/Bissau: 
      :city: Bissau
    :Africa/Blantyre: 
      :city: Blantyre
    :Africa/Brazzaville: 
      :city: Brazzaville
    :Africa/Bujumbura: 
      :city: Bujumbura
    :Africa/Cairo: 
      :city: Caïro
    :Africa/Casablanca: 
      :city: Casablanca
    :Africa/Ceuta: 
      :city: Ceuta
    :Africa/Conakry: 
      :city: Conakry
    :Africa/Dakar: 
      :city: Dakar
    :Africa/Dar_es_Salaam: 
      :city: "Dar es Salaam"
    :Africa/Djibouti: 
      :city: Djibouti
    :Africa/Douala: 
      :city: Douala
    :Africa/El_Aaiun: 
      :city: "El Aaiun"
    :Africa/Freetown: 
      :city: Freetown
    :Africa/Gaborone: 
      :city: Gaborone
    :Africa/Harare: 
      :city: Harare
    :Africa/Johannesburg: 
      :city: Johannesburg
    :Africa/Juba: 
      :city: Juba
    :Africa/Kampala: 
      :city: Kampala
    :Africa/Khartoum: 
      :city: Khartoem
    :Africa/Kigali: 
      :city: Kigali
    :Africa/Kinshasa: 
      :city: Kinshasa
    :Africa/Lagos: 
      :city: Lagos
    :Africa/Libreville: 
      :city: Libreville
    :Africa/Lome: 
      :city: Lomé
    :Africa/Luanda: 
      :city: Luanda
    :Africa/Lubumbashi: 
      :city: Lubumbashi
    :Africa/Lusaka: 
      :city: Lusaka
    :Africa/Malabo: 
      :city: Malabo
    :Africa/Maputo: 
      :city: Maputo
    :Africa/Maseru: 
      :city: Maseru
    :Africa/Mbabane: 
      :city: Mbabane
    :Africa/Mogadishu: 
      :city: Mogadishu
    :Africa/Monrovia: 
      :city: Monrovia
    :Africa/Nairobi: 
      :city: Nairobi
    :Africa/Ndjamena: 
      :city: Ndjamena
    :Africa/Niamey: 
      :city: Niamey
    :Africa/Nouakchott: 
      :city: Nouakchott
    :Africa/Ouagadougou: 
      :city: Ouagadougou
    :Africa/Porto-Novo: 
      :city: Porto-Novo
    :Africa/Sao_Tome: 
      :city: "Sao Tomé"
    :Africa/Tripoli: 
      :city: Tripoli
    :Africa/Tunis: 
      :city: Tunis
    :Africa/Windhoek: 
      :city: Windhoek
    :America/Adak: 
      :city: Adak
    :America/Anchorage: 
      :city: Anchorage
    :America/Anguilla: 
      :city: Anguilla
    :America/Antigua: 
      :city: Antigua
    :America/Araguaina: 
      :city: Araguaina
    :America/Argentina/La_Rioja: 
      :city: "La Rioja"
    :America/Argentina/Rio_Gallegos: 
      :city: "Río Gallegos"
    :America/Argentina/Salta: 
      :city: Salta
    :America/Argentina/San_Juan: 
      :city: "San Juan"
    :America/Argentina/San_Luis: 
      :city: "San Luis"
    :America/Argentina/Tucuman: 
      :city: Tucumán
    :America/Argentina/Ushuaia: 
      :city: Ushuaia
    :America/Aruba: 
      :city: Aruba
    :America/Asuncion: 
      :city: Asunción
    :America/Bahia: 
      :city: Bahia
    :America/Bahia_Banderas: 
      :city: "Bahía de Banderas"
    :America/Barbados: 
      :city: Barbados
    :America/Belem: 
      :city: Belém
    :America/Belize: 
      :city: Belize
    :America/Blanc-Sablon: 
      :city: Blanc-Sablon
    :America/Boa_Vista: 
      :city: "Boa Vista"
    :America/Bogota: 
      :city: Bogota
    :America/Boise: 
      :city: Boise
    :America/Buenos_Aires: 
      :city: "Buenos Aires"
    :America/Cambridge_Bay: 
      :city: "Cambridge Bay"
    :America/Campo_Grande: 
      :city: "Campo Grande"
    :America/Cancun: 
      :city: Cancun
    :America/Caracas: 
      :city: Caracas
    :America/Catamarca: 
      :city: Catamarca
    :America/Cayenne: 
      :city: Cayenne
    :America/Cayman: 
      :city: Cayman
    :America/Chicago: 
      :city: Chicago
    :America/Chihuahua: 
      :city: Chihuahua
    :America/Coral_Harbour: 
      :city: Atikokan
    :America/Cordoba: 
      :city: Córdoba
    :America/Costa_Rica: 
      :city: "Costa Rica"
    :America/Creston: 
      :city: Creston
    :America/Cuiaba: 
      :city: Cuiabá
    :America/Curacao: 
      :city: Curaçao
    :America/Danmarkshavn: 
      :city: Danmarkshavn
    :America/Dawson: 
      :city: Dawson
    :America/Dawson_Creek: 
      :city: "Dawson Creek"
    :America/Denver: 
      :city: Denver
    :America/Detroit: 
      :city: Detroit
    :America/Dominica: 
      :city: Dominica
    :America/Edmonton: 
      :city: Edmonton
    :America/Eirunepe: 
      :city: Eirunepe
    :America/El_Salvador: 
      :city: "El Salvador"
    :America/Fort_Nelson: 
      :city: "Fort Nelson"
    :America/Fortaleza: 
      :city: Fortaleza
    :America/Glace_Bay: 
      :city: "Glace Bay"
    :America/Godthab: 
      :city: Nuuk
    :America/Goose_Bay: 
      :city: "Goose Bay"
    :America/Grand_Turk: 
      :city: "Grand Turk"
    :America/Grenada: 
      :city: Grenada
    :America/Guadeloupe: 
      :city: Guadeloupe
    :America/Guatemala: 
      :city: Guatemala
    :America/Guayaquil: 
      :city: Guayaquil
    :America/Guyana: 
      :city: Guyana
    :America/Halifax: 
      :city: Halifax
    :America/Havana: 
      :city: Havana
    :America/Hermosillo: 
      :city: Hermosillo
    :America/Indiana/Knox: 
      :city: "Knox, Indiana"
    :America/Indiana/Marengo: 
      :city: "Marengo, Indiana"
    :America/Indiana/Petersburg: 
      :city: "Petersburg, Indiana"
    :America/Indiana/Tell_City: 
      :city: "Tell City, Indiana"
    :America/Indiana/Vevay: 
      :city: "Vevay, Indiana"
    :America/Indiana/Vincennes: 
      :city: "Vincennes, Indiana"
    :America/Indiana/Winamac: 
      :city: "Winamac, Indiana"
    :America/Indianapolis: 
      :city: Indianapolis
    :America/Inuvik: 
      :city: Inuvik
    :America/Iqaluit: 
      :city: Iqaluit
    :America/Jamaica: 
      :city: Jamaica
    :America/Jujuy: 
      :city: Jujuy
    :America/Juneau: 
      :city: Juneau
    :America/Kentucky/Monticello: 
      :city: "Monticello, Kentucky"
    :America/Kralendijk: 
      :city: Kralendijk
    :America/La_Paz: 
      :city: "La Paz"
    :America/Lima: 
      :city: Lima
    :America/Los_Angeles: 
      :city: "Los Angeles"
    :America/Louisville: 
      :city: Louisville
    :America/Lower_Princes: 
      :city: "Beneden Prinsen Kwartier"
    :America/Maceio: 
      :city: Maceió
    :America/Managua: 
      :city: Managua
    :America/Manaus: 
      :city: Manaus
    :America/Marigot: 
      :city: Marigot
    :America/Martinique: 
      :city: Martinique
    :America/Matamoros: 
      :city: Matamoros
    :America/Mazatlan: 
      :city: Mazatlán
    :America/Mendoza: 
      :city: Mendoza
    :America/Menominee: 
      :city: Menominee
    :America/Merida: 
      :city: Mérida
    :America/Metlakatla: 
      :city: Metlakatla
    :America/Mexico_City: 
      :city: Mexico-Stad
    :America/Miquelon: 
      :city: Miquelon
    :America/Moncton: 
      :city: Moncton
    :America/Monterrey: 
      :city: Monterrey
    :America/Montevideo: 
      :city: Montevideo
    :America/Montserrat: 
      :city: Montserrat
    :America/Nassau: 
      :city: Nassau
    :America/New_York: 
      :city: "New York"
    :America/Nipigon: 
      :city: Nipigon
    :America/Nome: 
      :city: Nome
    :America/Noronha: 
      :city: Noronha
    :America/North_Dakota/Beulah: 
      :city: "Beulah, Noord-Dakota"
    :America/North_Dakota/Center: 
      :city: "Center, Noord-Dakota"
    :America/North_Dakota/New_Salem: 
      :city: "New Salem, Noord-Dakota"
    :America/Ojinaga: 
      :city: Ojinaga
    :America/Panama: 
      :city: Panama
    :America/Pangnirtung: 
      :city: Pangnirtung
    :America/Paramaribo: 
      :city: Paramaribo
    :America/Phoenix: 
      :city: Phoenix
    :America/Port-au-Prince: 
      :city: Port-au-Prince
    :America/Port_of_Spain: 
      :city: "Port of Spain"
    :America/Porto_Velho: 
      :city: "Porto Velho"
    :America/Puerto_Rico: 
      :city: "Puerto Rico"
    :America/Punta_Arenas: 
      :city: "Punta Arenas"
    :America/Rainy_River: 
      :city: "Rainy River"
    :America/Rankin_Inlet: 
      :city: "Rankin Inlet"
    :America/Recife: 
      :city: Recife
    :America/Regina: 
      :city: Regina
    :America/Resolute: 
      :city: Resolute
    :America/Rio_Branco: 
      :city: "Rio Branco"
    :America/Santa_Isabel: 
      :city: "Santa Isabel"
    :America/Santarem: 
      :city: Santarem
    :America/Santiago: 
      :city: Santiago
    :America/Santo_Domingo: 
      :city: "Santo Domingo"
    :America/Sao_Paulo: 
      :city: "São Paulo"
    :America/Scoresbysund: 
      :city: Ittoqqortoormiit
    :America/Sitka: 
      :city: Sitka
    :America/St_Barthelemy: 
      :city: Saint-Barthélemy
    :America/St_Johns: 
      :city: "Saint John’s"
    :America/St_Kitts: 
      :city: "Saint Kitts"
    :America/St_Lucia: 
      :city: "Saint Lucia"
    :America/St_Thomas: 
      :city: "Saint Thomas"
    :America/St_Vincent: 
      :city: "Saint Vincent"
    :America/Swift_Current: 
      :city: "Swift Current"
    :America/Tegucigalpa: 
      :city: Tegucigalpa
    :America/Thule: 
      :city: Thule
    :America/Thunder_Bay: 
      :city: "Thunder Bay"
    :America/Tijuana: 
      :city: Tijuana
    :America/Toronto: 
      :city: Toronto
    :America/Tortola: 
      :city: Tortola
    :America/Vancouver: 
      :city: Vancouver
    :America/Whitehorse: 
      :city: Whitehorse
    :America/Winnipeg: 
      :city: Winnipeg
    :America/Yakutat: 
      :city: Yakutat
    :America/Yellowknife: 
      :city: Yellowknife
    :Antarctica/Casey: 
      :city: Casey
    :Antarctica/Davis: 
      :city: Davis
    :Antarctica/DumontDUrville: 
      :city: "Dumont d’Urville"
    :Antarctica/Macquarie: 
      :city: Macquarie
    :Antarctica/Mawson: 
      :city: Mawson
    :Antarctica/McMurdo: 
      :city: McMurdo
    :Antarctica/Palmer: 
      :city: Palmer
    :Antarctica/Rothera: 
      :city: Rothera
    :Antarctica/Syowa: 
      :city: Syowa
    :Antarctica/Troll: 
      :city: Troll
    :Antarctica/Vostok: 
      :city: Vostok
    :Arctic/Longyearbyen: 
      :city: Longyearbyen
    :Asia/Aden: 
      :city: Aden
    :Asia/Almaty: 
      :city: Alma-Ata
    :Asia/Amman: 
      :city: Amman
    :Asia/Anadyr: 
      :city: Anadyr
    :Asia/Aqtau: 
      :city: Aqtau
    :Asia/Aqtobe: 
      :city: Aqtöbe
    :Asia/Ashgabat: 
      :city: Asjchabad
    :Asia/Atyrau: 
      :city: Atıraw
    :Asia/Baghdad: 
      :city: Bagdad
    :Asia/Bahrain: 
      :city: Bahrein
    :Asia/Baku: 
      :city: Bakoe
    :Asia/Bangkok: 
      :city: Bangkok
    :Asia/Barnaul: 
      :city: Barnaul
    :Asia/Beirut: 
      :city: Beiroet
    :Asia/Bishkek: 
      :city: Bisjkek
    :Asia/Brunei: 
      :city: Brunei
    :Asia/Calcutta: 
      :city: Calcutta
    :Asia/Chita: 
      :city: Chita
    :Asia/Choibalsan: 
      :city: Tsjojbalsan
    :Asia/Colombo: 
      :city: Colombo
    :Asia/Damascus: 
      :city: Damascus
    :Asia/Dhaka: 
      :city: Dhaka
    :Asia/Dili: 
      :city: Dili
    :Asia/Dubai: 
      :city: Dubai
    :Asia/Dushanbe: 
      :city: Doesjanbe
    :Asia/Famagusta: 
      :city: Famagusta
    :Asia/Gaza: 
      :city: Gaza
    :Asia/Hebron: 
      :city: Hebron
    :Asia/Hong_Kong: 
      :city: Hongkong
    :Asia/Hovd: 
      :city: Hovd
    :Asia/Irkutsk: 
      :city: Irkoetsk
    :Asia/Jakarta: 
      :city: Jakarta
    :Asia/Jayapura: 
      :city: Jayapura
    :Asia/Jerusalem: 
      :city: Jeruzalem
    :Asia/Kabul: 
      :city: Kabul
    :Asia/Kamchatka: 
      :city: Kamtsjatka
    :Asia/Karachi: 
      :city: Karachi
    :Asia/Katmandu: 
      :city: Kathmandu
    :Asia/Khandyga: 
      :city: Khandyga
    :Asia/Krasnoyarsk: 
      :city: Krasnojarsk
    :Asia/Kuala_Lumpur: 
      :city: "Kuala Lumpur"
    :Asia/Kuching: 
      :city: Kuching
    :Asia/Kuwait: 
      :city: Koeweit
    :Asia/Macau: 
      :city: Macau
    :Asia/Magadan: 
      :city: Magadan
    :Asia/Makassar: 
      :city: Makassar
    :Asia/Manila: 
      :city: Manilla
    :Asia/Muscat: 
      :city: Muscat
    :Asia/Nicosia: 
      :city: Nicosia
    :Asia/Novokuznetsk: 
      :city: Novokuznetsk
    :Asia/Novosibirsk: 
      :city: Novosibirsk
    :Asia/Omsk: 
      :city: Omsk
    :Asia/Oral: 
      :city: Oral
    :Asia/Phnom_Penh: 
      :city: "Phnom Penh"
    :Asia/Pontianak: 
      :city: Pontianak
    :Asia/Pyongyang: 
      :city: Pyongyang
    :Asia/Qatar: 
      :city: Qatar
    :Asia/Qostanay: 
      :city: Qostanay
    :Asia/Qyzylorda: 
      :city: Qyzylorda
    :Asia/Rangoon: 
      :city: Rangoon
    :Asia/Riyadh: 
      :city: Riyad
    :Asia/Saigon: 
      :city: "Ho Chi Minhstad"
    :Asia/Sakhalin: 
      :city: Sachalin
    :Asia/Samarkand: 
      :city: Samarkand
    :Asia/Seoul: 
      :city: Seoul
    :Asia/Shanghai: 
      :city: Sjanghai
    :Asia/Singapore: 
      :city: Singapore
    :Asia/Srednekolymsk: 
      :city: Srednekolymsk
    :Asia/Taipei: 
      :city: Taipei
    :Asia/Tashkent: 
      :city: Tasjkent
    :Asia/Tbilisi: 
      :city: Tbilisi
    :Asia/Tehran: 
      :city: Teheran
    :Asia/Thimphu: 
      :city: Thimphu
    :Asia/Tokyo: 
      :city: Tokio
    :Asia/Tomsk: 
      :city: Tomsk
    :Asia/Ulaanbaatar: 
      :city: Ulaanbaatar
    :Asia/Urumqi: 
      :city: Urumqi
    :Asia/Ust-Nera: 
      :city: Ust-Nera
    :Asia/Vientiane: 
      :city: Vientiane
    :Asia/Vladivostok: 
      :city: Vladivostok
    :Asia/Yakutsk: 
      :city: Jakoetsk
    :Asia/Yekaterinburg: 
      :city: Jekaterinenburg
    :Asia/Yerevan: 
      :city: Jerevan
    :Atlantic/Azores: 
      :city: Azoren
    :Atlantic/Bermuda: 
      :city: Bermuda
    :Atlantic/Canary: 
      :city: "Canarische Eilanden"
    :Atlantic/Cape_Verde: 
      :city: Kaapverdië
    :Atlantic/Faeroe: 
      :city: Faeröer
    :Atlantic/Madeira: 
      :city: Madeira
    :Atlantic/Reykjavik: 
      :city: Reykjavik
    :Atlantic/South_Georgia: 
      :city: Zuid-Georgia
    :Atlantic/St_Helena: 
      :city: Sint-Helena
    :Atlantic/Stanley: 
      :city: Stanley
    :Australia/Adelaide: 
      :city: Adelaide
    :Australia/Brisbane: 
      :city: Brisbane
    :Australia/Broken_Hill: 
      :city: "Broken Hill"
    :Australia/Currie: 
      :city: Currie
    :Australia/Darwin: 
      :city: Darwin
    :Australia/Eucla: 
      :city: Eucla
    :Australia/Hobart: 
      :city: Hobart
    :Australia/Lindeman: 
      :city: Lindeman
    :Australia/Lord_Howe: 
      :city: "Lord Howe"
    :Australia/Melbourne: 
      :city: Melbourne
    :Australia/Perth: 
      :city: Perth
    :Australia/Sydney: 
      :city: Sydney
    :Etc/UTC: 
      :long: 
        :standard: "gecoördineerde wereldtijd"
      :short: 
        :standard: UTC
    :Etc/Unknown: 
      :city: "onbekende stad"
    :Europe/Amsterdam: 
      :city: Amsterdam
    :Europe/Andorra: 
      :city: Andorra
    :Europe/Astrakhan: 
      :city: Astrakhan
    :Europe/Athens: 
      :city: Athene
    :Europe/Belgrade: 
      :city: Belgrado
    :Europe/Berlin: 
      :city: Berlijn
    :Europe/Bratislava: 
      :city: Bratislava
    :Europe/Brussels: 
      :city: Brussel
    :Europe/Bucharest: 
      :city: Boekarest
    :Europe/Budapest: 
      :city: Boedapest
    :Europe/Busingen: 
      :city: Busingen
    :Europe/Chisinau: 
      :city: Chisinau
    :Europe/Copenhagen: 
      :city: Kopenhagen
    :Europe/Dublin: 
      :city: Dublin
      :long: 
        :daylight: "Ierse standaardtijd"
    :Europe/Gibraltar: 
      :city: Gibraltar
    :Europe/Guernsey: 
      :city: Guernsey
    :Europe/Helsinki: 
      :city: Helsinki
    :Europe/Isle_of_Man: 
      :city: "Isle of Man"
    :Europe/Istanbul: 
      :city: Istanboel
    :Europe/Jersey: 
      :city: Jersey
    :Europe/Kaliningrad: 
      :city: Kaliningrad
    :Europe/Kiev: 
      :city: Kiev
    :Europe/Kirov: 
      :city: Kirov
    :Europe/Lisbon: 
      :city: Lissabon
    :Europe/Ljubljana: 
      :city: Ljubljana
    :Europe/London: 
      :city: Londen
      :long: 
        :daylight: "Britse zomertijd"
    :Europe/Luxembourg: 
      :city: Luxemburg
    :Europe/Madrid: 
      :city: Madrid
    :Europe/Malta: 
      :city: Malta
    :Europe/Mariehamn: 
      :city: Mariehamn
    :Europe/Minsk: 
      :city: Minsk
    :Europe/Monaco: 
      :city: Monaco
    :Europe/Moscow: 
      :city: Moskou
    :Europe/Oslo: 
      :city: Oslo
    :Europe/Paris: 
      :city: Parijs
    :Europe/Podgorica: 
      :city: Podgorica
    :Europe/Prague: 
      :city: Praag
    :Europe/Riga: 
      :city: Riga
    :Europe/Rome: 
      :city: Rome
    :Europe/Samara: 
      :city: Samara
    :Europe/San_Marino: 
      :city: "San Marino"
    :Europe/Sarajevo: 
      :city: Sarajevo
    :Europe/Saratov: 
      :city: Saratov
    :Europe/Simferopol: 
      :city: Simferopol
    :Europe/Skopje: 
      :city: Skopje
    :Europe/Sofia: 
      :city: Sofia
    :Europe/Stockholm: 
      :city: Stockholm
    :Europe/Tallinn: 
      :city: Tallinn
    :Europe/Tirane: 
      :city: Tirana
    :Europe/Ulyanovsk: 
      :city: Ulyanovsk
    :Europe/Uzhgorod: 
      :city: Oezjhorod
    :Europe/Vaduz: 
      :city: Vaduz
    :Europe/Vatican: 
      :city: Vaticaanstad
    :Europe/Vienna: 
      :city: Wenen
    :Europe/Vilnius: 
      :city: Vilnius
    :Europe/Volgograd: 
      :city: Wolgograd
    :Europe/Warsaw: 
      :city: Warschau
    :Europe/Zagreb: 
      :city: Zagreb
    :Europe/Zaporozhye: 
      :city: Zaporizja
    :Europe/Zurich: 
      :city: Zürich
    :Indian/Antananarivo: 
      :city: Antananarivo
    :Indian/Chagos: 
      :city: Chagosarchipel
    :Indian/Christmas: 
      :city: Christmaseiland
    :Indian/Cocos: 
      :city: Cocoseilanden
    :Indian/Comoro: 
      :city: Comoro
    :Indian/Kerguelen: 
      :city: Kerguelen
    :Indian/Mahe: 
      :city: Mahé
    :Indian/Maldives: 
      :city: Maldiven
    :Indian/Mauritius: 
      :city: Mauritius
    :Indian/Mayotte: 
      :city: Mayotte
    :Indian/Reunion: 
      :city: Réunion
    :Pacific/Apia: 
      :city: Apia
    :Pacific/Auckland: 
      :city: Auckland
    :Pacific/Bougainville: 
      :city: Bougainville
    :Pacific/Chatham: 
      :city: Chatham
    :Pacific/Easter: 
      :city: Paaseiland
    :Pacific/Efate: 
      :city: Efate
    :Pacific/Enderbury: 
      :city: Enderbury
    :Pacific/Fakaofo: 
      :city: Fakaofo
    :Pacific/Fiji: 
      :city: Fiji
    :Pacific/Funafuti: 
      :city: Funafuti
    :Pacific/Galapagos: 
      :city: Galapagos
    :Pacific/Gambier: 
      :city: "Îles Gambier"
    :Pacific/Guadalcanal: 
      :city: Guadalcanal
    :Pacific/Guam: 
      :city: Guam
    :Pacific/Honolulu: 
      :city: Honolulu
      :short: 
        :daylight: HDT
        :generic: HST
        :standard: HST
    :Pacific/Johnston: 
      :city: Johnston
    :Pacific/Kiritimati: 
      :city: Kiritimati
    :Pacific/Kosrae: 
      :city: Kosrae
    :Pacific/Kwajalein: 
      :city: Kwajalein
    :Pacific/Majuro: 
      :city: Majuro
    :Pacific/Marquesas: 
      :city: Marquesaseilanden
    :Pacific/Midway: 
      :city: Midway
    :Pacific/Nauru: 
      :city: Nauru
    :Pacific/Niue: 
      :city: Niue
    :Pacific/Norfolk: 
      :city: Norfolk
    :Pacific/Noumea: 
      :city: Nouméa
    :Pacific/Pago_Pago: 
      :city: "Pago Pago"
    :Pacific/Palau: 
      :city: Palau
    :Pacific/Pitcairn: 
      :city: Pitcairn
    :Pacific/Ponape: 
      :city: Pohnpei
    :Pacific/Port_Moresby: 
      :city: "Port Moresby"
    :Pacific/Rarotonga: 
      :city: Rarotonga
    :Pacific/Saipan: 
      :city: Saipan
    :Pacific/Tahiti: 
      :city: Tahiti
    :Pacific/Tarawa: 
      :city: Tarawa
    :Pacific/Tongatapu: 
      :city: Tongatapu
    :Pacific/Truk: 
      :city: Chuuk
    :Pacific/Wake: 
      :city: Wake
    :Pacific/Wallis: 
      :city: Wallis
