--- 
:ca: 
  :formats: 
    :fallback_formats: 
      :generic: "{1} ({0})"
    :gmt_formats: 
      :generic: "GMT{0}"
    :gmt_zero_formats: 
      :generic: GMT
    :hour_formats: 
      :generic: "+HH:mm;-HH:mm"
    :region_formats: 
      :daylight: "Hora d’estiu, {0}"
      :generic: "Hora de: {0}"
      :standard: "Hora estàndard, {0}"
  :metazones: 
    :Afghanistan: 
      :long: 
        :standard: "Hora de l’Afganistan"
    :Africa_Central: 
      :long: 
        :standard: "Hora de l’Àfrica Central"
    :Africa_Eastern: 
      :long: 
        :standard: "Hora de l’Àfrica Oriental"
    :Africa_Southern: 
      :long: 
        :standard: "Hora estàndard del sud de l’Àfrica"
    :Africa_Western: 
      :long: 
        :daylight: "Hora d’estiu de l’Àfrica Occidental"
        :generic: "Hora de l’Àfrica Occidental"
        :standard: "Hora estàndard de l’Àfrica Occidental"
    :Alaska: 
      :long: 
        :daylight: "Hora d’estiu d’Alaska"
        :generic: "Hora d’Alaska"
        :standard: "Hora estàndard d’Alaska"
    :Amazon: 
      :long: 
        :daylight: "Hora d’estiu de l’Amazones"
        :generic: "Hora de l’Amazones"
        :standard: "Hora estàndard de l’Amazones"
    :America_Central: 
      :long: 
        :daylight: "Hora d’estiu central d’Amèrica del Nord"
        :generic: "Hora central d’Amèrica del Nord"
        :standard: "Hora estàndard central d’Amèrica del Nord"
    :America_Eastern: 
      :long: 
        :daylight: "Hora d’estiu oriental d’Amèrica del Nord"
        :generic: "Hora oriental d’Amèrica del Nord"
        :standard: "Hora estàndard oriental d’Amèrica del Nord"
    :America_Mountain: 
      :long: 
        :daylight: "Hora d’estiu de muntanya d’Amèrica del Nord"
        :generic: "Hora de muntanya d’Amèrica del Nord"
        :standard: "Hora estàndard de muntanya d’Amèrica del Nord"
    :America_Pacific: 
      :long: 
        :daylight: "Hora d’estiu del Pacífic d’Amèrica del Nord"
        :generic: "Hora del Pacífic d’Amèrica del Nord"
        :standard: "Hora estàndard del Pacífic d’Amèrica del Nord"
    :Anadyr: 
      :long: 
        :daylight: "Horari d’estiu d’Anadyr"
        :generic: "Hora d’Anadyr"
        :standard: "Hora estàndard d’Anadyr"
    :Apia: 
      :long: 
        :daylight: "Hora d’estiu d’Apia"
        :generic: "Hora d’Apia"
        :standard: "Hora estàndard d’Apia"
    :Arabian: 
      :long: 
        :daylight: "Hora d’estiu àrab"
        :generic: "Hora àrab"
        :standard: "Hora estàndard àrab"
    :Argentina: 
      :long: 
        :daylight: "Hora d’estiu de l’Argentina"
        :generic: "Hora de l’Argentina"
        :standard: "Hora estàndard de l’Argentina"
    :Argentina_Western: 
      :long: 
        :daylight: "Hora d’estiu de l’oest de l’Argentina"
        :generic: "Hora de l’oest de l’Argentina"
        :standard: "Hora estàndard de l’oest de l’Argentina"
    :Armenia: 
      :long: 
        :daylight: "Hora d’estiu d’Armènia"
        :generic: "Hora d’Armènia"
        :standard: "Hora estàndard d’Armènia"
    :Atlantic: 
      :long: 
        :daylight: "Hora d’estiu de l’Atlàntic"
        :generic: "Hora de l’Atlàntic"
        :standard: "Hora estàndard de l’Atlàntic"
    :Australia_Central: 
      :long: 
        :daylight: "Hora d’estiu d’Austràlia Central"
        :generic: "Hora d’Austràlia Central"
        :standard: "Hora estàndard d’Austràlia Central"
    :Australia_CentralWestern: 
      :long: 
        :daylight: "Hora d’estiu d’Austràlia centre-occidental"
        :generic: "Hora d’Austràlia centre-occidental"
        :standard: "Hora estàndard d’Austràlia centre-occidental"
    :Australia_Eastern: 
      :long: 
        :daylight: "Hora d’estiu d’Austràlia Oriental"
        :generic: "Hora d’Austràlia Oriental"
        :standard: "Hora estàndard d’Austràlia Oriental"
    :Australia_Western: 
      :long: 
        :daylight: "Hora d’estiu d’Austràlia Occidental"
        :generic: "Hora d’Austràlia Occidental"
        :standard: "Hora estàndard d’Austràlia Occidental"
    :Azerbaijan: 
      :long: 
        :daylight: "Hora d’estiu de l’Azerbaidjan"
        :generic: "Hora de l’Azerbaidjan"
        :standard: "Hora estàndard de l’Azerbaidjan"
    :Azores: 
      :long: 
        :daylight: "Hora d’estiu de les Açores"
        :generic: "Hora de les Açores"
        :standard: "Hora estàndard de les Açores"
    :Bangladesh: 
      :long: 
        :daylight: "Hora d’estiu de Bangladesh"
        :generic: "Hora de Bangladesh"
        :standard: "Hora estàndard de Bangladesh"
    :Bhutan: 
      :long: 
        :standard: "Hora de Bhutan"
    :Bolivia: 
      :long: 
        :standard: "Hora de Bolívia"
    :Brasilia: 
      :long: 
        :daylight: "Hora d’estiu de Brasília"
        :generic: "Hora de Brasília"
        :standard: "Hora estàndard de Brasília"
    :Brunei: 
      :long: 
        :standard: "Hora de Brunei Darussalam"
    :Cape_Verde: 
      :long: 
        :daylight: "Hora d’estiu de Cap Verd"
        :generic: "Hora de Cap Verd"
        :standard: "Hora estàndard de Cap Verd"
    :Chamorro: 
      :long: 
        :standard: "Hora estàndard de Chamorro"
    :Chatham: 
      :long: 
        :daylight: "Hora d’estiu de Chatham"
        :generic: "Hora de Chatham"
        :standard: "Hora estàndard de Chatham"
    :Chile: 
      :long: 
        :daylight: "Hora d’estiu de Xile"
        :generic: "Hora de Xile"
        :standard: "Hora estàndard de Xile"
    :China: 
      :long: 
        :daylight: "Hora d’estiu de la Xina"
        :generic: "Hora de la Xina"
        :standard: "Hora estàndard de la Xina"
    :Choibalsan: 
      :long: 
        :daylight: "Hora d’estiu de Choibalsan"
        :generic: "Hora de Choibalsan"
        :standard: "Hora estàndard de Choibalsan"
    :Christmas: 
      :long: 
        :standard: "Hora de Kiritimati"
    :Cocos: 
      :long: 
        :standard: "Hora de les illes Cocos"
    :Colombia: 
      :long: 
        :daylight: "Hora d’estiu de Colòmbia"
        :generic: "Hora de Colòmbia"
        :standard: "Hora estàndard de Colòmbia"
    :Cook: 
      :long: 
        :daylight: "Hora de mig estiu de les illes Cook"
        :generic: "Hora de les illes Cook"
        :standard: "Hora estàndard de les illes Cook"
    :Cuba: 
      :long: 
        :daylight: "Hora d’estiu de Cuba"
        :generic: "Hora de Cuba"
        :standard: "Hora estàndard de Cuba"
    :Davis: 
      :long: 
        :standard: "Hora de Davis"
    :DumontDUrville: 
      :long: 
        :standard: "Hora de Dumont d’Urville"
    :East_Timor: 
      :long: 
        :standard: "Hora de Timor Oriental"
    :Easter: 
      :long: 
        :daylight: "Hora d’estiu de l’illa de Pasqua"
        :generic: "Hora de l’illa de Pasqua"
        :standard: "Hora estàndard de l’illa de Pasqua"
    :Ecuador: 
      :long: 
        :standard: "Hora de l’Equador"
    :Europe_Central: 
      :long: 
        :daylight: "Hora d’estiu del Centre d’Europa"
        :generic: "Hora del Centre d’Europa"
        :standard: "Hora estàndard del Centre d’Europa"
      :short: 
        :daylight: CEST
        :generic: CET
        :standard: CET
    :Europe_Eastern: 
      :long: 
        :daylight: "Hora d’estiu de l’Est d’Europa"
        :generic: "Hora de l’Est d’Europa"
        :standard: "Hora estàndard de l’Est d’Europa"
      :short: 
        :daylight: EEST
        :generic: EET
        :standard: EET
    :Europe_Further_Eastern: 
      :long: 
        :standard: "Hora de l’Extrem Orient Europeu"
    :Europe_Western: 
      :long: 
        :daylight: "Hora d’estiu de l’Oest d’Europa"
        :generic: "Hora de l’Oest d’Europa"
        :standard: "Hora estàndard de l’Oest d’Europa"
      :short: 
        :daylight: WEST
        :generic: WET
        :standard: WET
    :Falkland: 
      :long: 
        :daylight: "Hora d’estiu de les illes Malvines"
        :generic: "Hora de les illes Malvines"
        :standard: "Hora estàndard de les illes Malvines"
    :Fiji: 
      :long: 
        :daylight: "Hora d’estiu de Fiji"
        :generic: "Hora de Fiji"
        :standard: "Hora estàndard de Fiji"
    :French_Guiana: 
      :long: 
        :standard: "Hora de la Guaiana Francesa"
    :French_Southern: 
      :long: 
        :standard: "Hora d’Antàrtida i França del Sud"
    :GMT: 
      :long: 
        :standard: "Hora del Meridià de Greenwich"
      :short: 
        :standard: GMT
    :Galapagos: 
      :long: 
        :standard: "Hora de Galápagos"
    :Gambier: 
      :long: 
        :standard: "Hora de Gambier"
    :Georgia: 
      :long: 
        :daylight: "Hora d’estiu de Geòrgia"
        :generic: "Hora de Geòrgia"
        :standard: "Hora estàndard de Geòrgia"
    :Gilbert_Islands: 
      :long: 
        :standard: "Hora de les illes Gilbert"
    :Greenland_Eastern: 
      :long: 
        :daylight: "Hora d’estiu de l’Est de Groenlàndia"
        :generic: "Hora de l’Est de Groenlàndia"
        :standard: "Hora estàndard de l’Est de Groenlàndia"
    :Greenland_Western: 
      :long: 
        :daylight: "Hora d’estiu de l’Oest de Groenlàndia"
        :generic: "Hora de l’Oest de Groenlàndia"
        :standard: "Hora estàndard de l’Oest de Groenlàndia"
    :Gulf: 
      :long: 
        :standard: "Hora estàndard del Golf"
    :Guyana: 
      :long: 
        :standard: "Hora de Guyana"
    :Hawaii_Aleutian: 
      :long: 
        :daylight: "Hora d’estiu de Hawaii-Aleutianes"
        :generic: "Hora de Hawaii-Aleutianes"
        :standard: "Hora estàndard de Hawaii-Aleutianes"
    :Hong_Kong: 
      :long: 
        :daylight: "Hora d’estiu de Hong Kong"
        :generic: "Hora de Hong Kong"
        :standard: "Hora estàndard de Hong Kong"
    :Hovd: 
      :long: 
        :daylight: "Hora d’estiu de Hovd"
        :generic: "Hora de Hovd"
        :standard: "Hora estàndard de Hovd"
    :India: 
      :long: 
        :standard: "Hora de l’Índia"
    :Indian_Ocean: 
      :long: 
        :standard: "Hora de l’oceà Índic"
    :Indochina: 
      :long: 
        :standard: "Hora de l’Indoxina"
    :Indonesia_Central: 
      :long: 
        :standard: "Hora central d’Indonèsia"
    :Indonesia_Eastern: 
      :long: 
        :standard: "Hora de l’est d’Indonèsia"
    :Indonesia_Western: 
      :long: 
        :standard: "Hora de l’oest d’Indonèsia"
    :Iran: 
      :long: 
        :daylight: "Hora d’estiu de l’Iran"
        :generic: "Hora de l’Iran"
        :standard: "Hora estàndard de l’Iran"
    :Irkutsk: 
      :long: 
        :daylight: "Hora d’estiu d’Irkutsk"
        :generic: "Hora d’Irkutsk"
        :standard: "Hora estàndard d’Irkutsk"
    :Israel: 
      :long: 
        :daylight: "Hora d’estiu d’Israel"
        :generic: "Hora d’Israel"
        :standard: "Hora estàndard d’Israel"
    :Japan: 
      :long: 
        :daylight: "Hora d’estiu del Japó"
        :generic: "Hora del Japó"
        :standard: "Hora estàndard del Japó"
    :Kamchatka: 
      :long: 
        :daylight: "Horari d’estiu de Petropavlovsk de Kamtxatka"
        :generic: "Hora de Kamtxatka"
        :standard: "Hora estàndard de Petropavlovsk de Kamtxatka"
    :Kazakhstan_Eastern: 
      :long: 
        :standard: "Hora de l’est del Kazakhstan"
    :Kazakhstan_Western: 
      :long: 
        :standard: "Hora de l’oest del Kazakhstan"
    :Korea: 
      :long: 
        :daylight: "Hora d’estiu de Corea"
        :generic: "Hora de Corea"
        :standard: "Hora estàndard de Corea"
    :Kosrae: 
      :long: 
        :standard: "Hora de Kosrae"
    :Krasnoyarsk: 
      :long: 
        :daylight: "Hora d’estiu de Krasnoiarsk"
        :generic: "Hora de Krasnoiarsk"
        :standard: "Hora estàndard de Krasnoiarsk"
    :Kyrgystan: 
      :long: 
        :standard: "Hora del Kirguizistan"
    :Line_Islands: 
      :long: 
        :standard: "Hora de Line Islands"
    :Lord_Howe: 
      :long: 
        :daylight: "Horari d’estiu de Lord Howe"
        :generic: "Hora de Lord Howe"
        :standard: "Hora estàndard de Lord Howe"
    :Macau: 
      :long: 
        :daylight: "Hora d’estiu de Macau"
        :generic: "Hora de Macau"
        :standard: "Hora estàndard de Macau"
    :Macquarie: 
      :long: 
        :standard: "Hora de Macquarie"
    :Magadan: 
      :long: 
        :daylight: "Hora d’estiu de Magadan"
        :generic: "Hora de Magadan"
        :standard: "Hora estàndard de Magadan"
    :Malaysia: 
      :long: 
        :standard: "Hora de Malàisia"
    :Maldives: 
      :long: 
        :standard: "Hora de les Maldives"
    :Marquesas: 
      :long: 
        :standard: "Hora de les Marqueses"
    :Marshall_Islands: 
      :long: 
        :standard: "Hora de les illes Marshall"
    :Mauritius: 
      :long: 
        :daylight: "Hora d’estiu de Maurici"
        :generic: "Hora de Maurici"
        :standard: "Hora estàndard de Maurici"
    :Mawson: 
      :long: 
        :standard: "Hora de Mawson"
    :Mexico_Northwest: 
      :long: 
        :daylight: "Hora d’estiu del nord-oest de Mèxic"
        :generic: "Hora del nord-oest de Mèxic"
        :standard: "Hora estàndard del nord-oest de Mèxic"
    :Mexico_Pacific: 
      :long: 
        :daylight: "Hora d’estiu del Pacífic de Mèxic"
        :generic: "Hora del Pacífic de Mèxic"
        :standard: "Hora estàndard del Pacífic de Mèxic"
    :Mongolia: 
      :long: 
        :daylight: "Hora d’estiu d’Ulan Bator"
        :generic: "Hora d’Ulan Bator"
        :standard: "Hora estàndard d’Ulan Bator"
    :Moscow: 
      :long: 
        :daylight: "Hora d’estiu de Moscou"
        :generic: "Hora de Moscou"
        :standard: "Hora estàndard de Moscou"
    :Myanmar: 
      :long: 
        :standard: "Hora de Myanmar"
    :Nauru: 
      :long: 
        :standard: "Hora de Nauru"
    :Nepal: 
      :long: 
        :standard: "Hora del Nepal"
    :New_Caledonia: 
      :long: 
        :daylight: "Hora d’estiu de Nova Caledònia"
        :generic: "Hora de Nova Caledònia"
        :standard: "Hora estàndard de Nova Caledònia"
    :New_Zealand: 
      :long: 
        :daylight: "Hora d’estiu de Nova Zelanda"
        :generic: "Hora de Nova Zelanda"
        :standard: "Hora estàndard de Nova Zelanda"
    :Newfoundland: 
      :long: 
        :daylight: "Hora d’estiu de Terranova"
        :generic: "Hora de Terranova"
        :standard: "Hora estàndard de Terranova"
    :Niue: 
      :long: 
        :standard: "Hora de Niue"
    :Norfolk: 
      :long: 
        :daylight: "Hora d’estiu de les illes Norfolk"
        :generic: "Hora de les illes Norfolk"
        :standard: "Hora estàndard de les illes Norfolk"
    :Noronha: 
      :long: 
        :daylight: "Hora d’estiu de Fernando de Noronha"
        :generic: "Hora de Fernando de Noronha"
        :standard: "Hora estàndard de Fernando de Noronha"
    :Novosibirsk: 
      :long: 
        :daylight: "Hora d’estiu de Novossibirsk"
        :generic: "Hora de Novossibirsk"
        :standard: "Hora estàndard de Novossibirsk"
    :Omsk: 
      :long: 
        :daylight: "Hora d’estiu d’Omsk"
        :generic: "Hora d’Omsk"
        :standard: "Hora estàndard d’Omsk"
    :Pakistan: 
      :long: 
        :daylight: "Hora d’estiu del Pakistan"
        :generic: "Hora del Pakistan"
        :standard: "Hora estàndard del Pakistan"
    :Palau: 
      :long: 
        :standard: "Hora de Palau"
    :Papua_New_Guinea: 
      :long: 
        :standard: "Hora de Papua Nova Guinea"
    :Paraguay: 
      :long: 
        :daylight: "Hora d’estiu del Paraguai"
        :generic: "Hora del Paraguai"
        :standard: "Hora estàndard del Paraguai"
    :Peru: 
      :long: 
        :daylight: "Hora d’estiu del Perú"
        :generic: "Hora del Perú"
        :standard: "Hora estàndard del Perú"
    :Philippines: 
      :long: 
        :daylight: "Hora d’estiu de les Filipines"
        :generic: "Hora de les Filipines"
        :standard: "Hora estàndard de les Filipines"
    :Phoenix_Islands: 
      :long: 
        :standard: "Hora de les illes Phoenix"
    :Pierre_Miquelon: 
      :long: 
        :daylight: "Hora d’estiu de Saint-Pierre-et-Miquelon"
        :generic: "Hora de Saint-Pierre-et-Miquelon"
        :standard: "Hora estàndard de Saint-Pierre-et-Miquelon"
    :Pitcairn: 
      :long: 
        :standard: "Hora de Pitcairn"
    :Ponape: 
      :long: 
        :standard: "Hora de Ponape"
    :Pyongyang: 
      :long: 
        :standard: "Hora de Pyongyang"
    :Reunion: 
      :long: 
        :standard: "Hora de Reunió"
    :Rothera: 
      :long: 
        :standard: "Hora de Rothera"
    :Sakhalin: 
      :long: 
        :daylight: "Hora d’estiu de Sakhalin"
        :generic: "Hora de Sakhalin"
        :standard: "Hora estàndard de Sakhalin"
    :Samara: 
      :long: 
        :daylight: "Hora d’estiu de Samara"
        :generic: "Hora de Samara"
        :standard: "Hora estàndard de Samara"
    :Samoa: 
      :long: 
        :daylight: "Hora d’estiu de Samoa"
        :generic: "Hora de Samoa"
        :standard: "Hora estàndard de Samoa"
    :Seychelles: 
      :long: 
        :standard: "Hora de les Seychelles"
    :Singapore: 
      :long: 
        :standard: "Hora de Singapur"
    :Solomon: 
      :long: 
        :standard: "Hora de les illes Salomó"
    :South_Georgia: 
      :long: 
        :standard: "Hora de Geòrgia del Sud"
    :Suriname: 
      :long: 
        :standard: "Hora de Surinam"
    :Syowa: 
      :long: 
        :standard: "Hora de Syowa"
    :Tahiti: 
      :long: 
        :standard: "Hora de Tahití"
    :Taipei: 
      :long: 
        :daylight: "Hora d’estiu de Taipei"
        :generic: "Hora de Taipei"
        :standard: "Hora estàndard de Taipei"
    :Tajikistan: 
      :long: 
        :standard: "Hora del Tadjikistan"
    :Tokelau: 
      :long: 
        :standard: "Hora de Tokelau"
    :Tonga: 
      :long: 
        :daylight: "Hora d’estiu de Tonga"
        :generic: "Hora de Tonga"
        :standard: "Hora estàndard de Tonga"
    :Truk: 
      :long: 
        :standard: "Hora de Chuuk"
    :Turkmenistan: 
      :long: 
        :daylight: "Hora d’estiu del Turkmenistan"
        :generic: "Hora del Turkmenistan"
        :standard: "Hora estàndard del Turkmenistan"
    :Tuvalu: 
      :long: 
        :standard: "Hora de Tuvalu"
    :Uruguay: 
      :long: 
        :daylight: "Hora d’estiu de l’Uruguai"
        :generic: "Hora de l’Uruguai"
        :standard: "Hora estàndard de l’Uruguai"
    :Uzbekistan: 
      :long: 
        :daylight: "Hora d’estiu de l’Uzbekistan"
        :generic: "Hora de l’Uzbekistan"
        :standard: "Hora estàndard de l’Uzbekistan"
    :Vanuatu: 
      :long: 
        :daylight: "Hora d’estiu de Vanatu"
        :generic: "Hora de Vanatu"
        :standard: "Hora estàndard de Vanatu"
    :Venezuela: 
      :long: 
        :standard: "Hora de Veneçuela"
    :Vladivostok: 
      :long: 
        :daylight: "Hora d’estiu de Vladivostok"
        :generic: "Hora de Vladivostok"
        :standard: "Hora estàndard de Vladivostok"
    :Volgograd: 
      :long: 
        :daylight: "Hora d’estiu de Volgograd"
        :generic: "Hora de Volgograd"
        :standard: "Hora estàndard de Volgograd"
    :Vostok: 
      :long: 
        :standard: "Hora de Vostok"
    :Wake: 
      :long: 
        :standard: "Hora de les illes Wake"
    :Wallis: 
      :long: 
        :standard: "Hora de Wallis i Futuna"
    :Yakutsk: 
      :long: 
        :daylight: "Hora d’estiu de Iakutsk"
        :generic: "Hora de Iakutsk"
        :standard: "Hora estàndard de Iakutsk"
    :Yekaterinburg: 
      :long: 
        :daylight: "Hora d’estiu d’Ekaterinburg"
        :generic: "Hora d’Ekaterinburg"
        :standard: "Hora estàndard d’Ekaterinburg"
  :timezones: 
    :Africa/Abidjan: 
      :city: Abidjan
    :Africa/Accra: 
      :city: Accra
    :Africa/Addis_Ababa: 
      :city: "Addis Abeba"
    :Africa/Algiers: 
      :city: Alger
    :Africa/Asmera: 
      :city: Asmara
    :Africa/Bamako: 
      :city: Bamako
    :Africa/Bangui: 
      :city: Bangui
    :Africa/Banjul: 
      :city: Banjul
    :Africa/Bissau: 
      :city: Bissau
    :Africa/Blantyre: 
      :city: Blantyre
    :Africa/Brazzaville: 
      :city: Brazzaville
    :Africa/Bujumbura: 
      :city: Bujumbura
    :Africa/Cairo: 
      :city: "Caire, el"
    :Africa/Casablanca: 
      :city: Casablanca
    :Africa/Ceuta: 
      :city: Ceuta
    :Africa/Conakry: 
      :city: Conakry
    :Africa/Dakar: 
      :city: Dakar
    :Africa/Dar_es_Salaam: 
      :city: "Dar es Salaam"
    :Africa/Djibouti: 
      :city: Djibouti
    :Africa/Douala: 
      :city: Douala
    :Africa/El_Aaiun: 
      :city: Al-Aaiun
    :Africa/Freetown: 
      :city: Freetown
    :Africa/Gaborone: 
      :city: Gaborone
    :Africa/Harare: 
      :city: Harare
    :Africa/Johannesburg: 
      :city: Johannesburg
    :Africa/Juba: 
      :city: Juba
    :Africa/Kampala: 
      :city: Kampala
    :Africa/Khartoum: 
      :city: Khartum
    :Africa/Kigali: 
      :city: Kigali
    :Africa/Kinshasa: 
      :city: Kinshasa
    :Africa/Lagos: 
      :city: Lagos
    :Africa/Libreville: 
      :city: Libreville
    :Africa/Lome: 
      :city: Lome
    :Africa/Luanda: 
      :city: Luanda
    :Africa/Lubumbashi: 
      :city: Lubumbashi
    :Africa/Lusaka: 
      :city: Lusaka
    :Africa/Malabo: 
      :city: Malabo
    :Africa/Maputo: 
      :city: Maputo
    :Africa/Maseru: 
      :city: Maseru
    :Africa/Mbabane: 
      :city: Mbabane
    :Africa/Mogadishu: 
      :city: Muqdiisho
    :Africa/Monrovia: 
      :city: Monrovia
    :Africa/Nairobi: 
      :city: Nairobi
    :Africa/Ndjamena: 
      :city: Ndjamena
    :Africa/Niamey: 
      :city: Niamey
    :Africa/Nouakchott: 
      :city: Nouakchott
    :Africa/Ouagadougou: 
      :city: Ouagadougou
    :Africa/Porto-Novo: 
      :city: Porto-Novo
    :Africa/Sao_Tome: 
      :city: "São Tomé"
    :Africa/Tripoli: 
      :city: Trípoli
    :Africa/Tunis: 
      :city: Tunis
    :Africa/Windhoek: 
      :city: Windhoek
    :America/Adak: 
      :city: Adak
    :America/Anchorage: 
      :city: Anchorage
    :America/Anguilla: 
      :city: Anguilla
    :America/Antigua: 
      :city: Antigua
    :America/Araguaina: 
      :city: Araguaína
    :America/Argentina/La_Rioja: 
      :city: "La Rioja"
    :America/Argentina/Rio_Gallegos: 
      :city: "Río Gallegos"
    :America/Argentina/Salta: 
      :city: Salta
    :America/Argentina/San_Juan: 
      :city: "San Juan"
    :America/Argentina/San_Luis: 
      :city: "San Luis"
    :America/Argentina/Tucuman: 
      :city: Tucumán
    :America/Argentina/Ushuaia: 
      :city: Ushuaia
    :America/Aruba: 
      :city: Aruba
    :America/Asuncion: 
      :city: Asunción
    :America/Bahia: 
      :city: Bahia
    :America/Bahia_Banderas: 
      :city: "Bahía de Banderas"
    :America/Barbados: 
      :city: Barbados
    :America/Belem: 
      :city: Belém
    :America/Belize: 
      :city: Belize
    :America/Blanc-Sablon: 
      :city: "Blanc Sablon"
    :America/Boa_Vista: 
      :city: "Boa Vista"
    :America/Bogota: 
      :city: Bogotà
    :America/Boise: 
      :city: Boise
    :America/Buenos_Aires: 
      :city: "Buenos Aires"
    :America/Cambridge_Bay: 
      :city: "Cambridge Bay"
    :America/Campo_Grande: 
      :city: "Campo Grande"
    :America/Cancun: 
      :city: Cancun
    :America/Caracas: 
      :city: Caracas
    :America/Catamarca: 
      :city: Catamarca
    :America/Cayenne: 
      :city: Caiena
    :America/Cayman: 
      :city: Caiman
    :America/Chicago: 
      :city: Chicago
    :America/Chihuahua: 
      :city: Chihuahua
    :America/Coral_Harbour: 
      :city: Atikokan
    :America/Cordoba: 
      :city: Córdoba
    :America/Costa_Rica: 
      :city: "Costa Rica"
    :America/Creston: 
      :city: Creston
    :America/Cuiaba: 
      :city: Cuiabá
    :America/Curacao: 
      :city: Curaçao
    :America/Danmarkshavn: 
      :city: Danmarkshavn
    :America/Dawson: 
      :city: Dawson
    :America/Dawson_Creek: 
      :city: "Dawson Creek"
    :America/Denver: 
      :city: Denver
    :America/Detroit: 
      :city: Detroit
    :America/Dominica: 
      :city: Dominica
    :America/Edmonton: 
      :city: Edmonton
    :America/Eirunepe: 
      :city: Eirunepé
    :America/El_Salvador: 
      :city: "El Salvador"
    :America/Fort_Nelson: 
      :city: "Fort Nelson"
    :America/Fortaleza: 
      :city: Fortaleza
    :America/Glace_Bay: 
      :city: "Glace Bay"
    :America/Godthab: 
      :city: Nuuk
    :America/Goose_Bay: 
      :city: "Goose Bay"
    :America/Grand_Turk: 
      :city: "Grand Turk"
    :America/Grenada: 
      :city: Grenada
    :America/Guadeloupe: 
      :city: Guadeloupe
    :America/Guatemala: 
      :city: Guatemala
    :America/Guayaquil: 
      :city: Guayaquil
    :America/Guyana: 
      :city: Guyana
    :America/Halifax: 
      :city: Halifax
    :America/Havana: 
      :city: Havana
    :America/Hermosillo: 
      :city: Hermosillo
    :America/Indiana/Knox: 
      :city: "Knox, Indiana"
    :America/Indiana/Marengo: 
      :city: "Marengo, Indiana"
    :America/Indiana/Petersburg: 
      :city: "Petersburg, Indiana"
    :America/Indiana/Tell_City: 
      :city: "Tell City, Indiana"
    :America/Indiana/Vevay: 
      :city: "Vevay, Indiana"
    :America/Indiana/Vincennes: 
      :city: "Vincennes, Indiana"
    :America/Indiana/Winamac: 
      :city: "Winamac, Indiana"
    :America/Indianapolis: 
      :city: Indianapolis
    :America/Inuvik: 
      :city: Inuvik
    :America/Iqaluit: 
      :city: Iqaluit
    :America/Jamaica: 
      :city: Jamaica
    :America/Jujuy: 
      :city: Jujuy
    :America/Juneau: 
      :city: Juneau
    :America/Kentucky/Monticello: 
      :city: "Monticello, Kentucky"
    :America/Kralendijk: 
      :city: Kralendijk
    :America/La_Paz: 
      :city: "La Paz"
    :America/Lima: 
      :city: Lima
    :America/Los_Angeles: 
      :city: "Los Angeles"
    :America/Louisville: 
      :city: Louisville
    :America/Lower_Princes: 
      :city: "Lower Prince’s Quarter"
    :America/Maceio: 
      :city: Maceió
    :America/Managua: 
      :city: Managua
    :America/Manaus: 
      :city: Manaus
    :America/Marigot: 
      :city: Marigot
    :America/Martinique: 
      :city: Martinica
    :America/Matamoros: 
      :city: Matamoros
    :America/Mazatlan: 
      :city: Mazatlán
    :America/Mendoza: 
      :city: Mendoza
    :America/Menominee: 
      :city: Menominee
    :America/Merida: 
      :city: Mérida
    :America/Metlakatla: 
      :city: Metlakatla
    :America/Mexico_City: 
      :city: "Ciutat de Mèxic"
    :America/Miquelon: 
      :city: Miquelon
    :America/Moncton: 
      :city: Moncton
    :America/Monterrey: 
      :city: Monterrey
    :America/Montevideo: 
      :city: Montevideo
    :America/Montserrat: 
      :city: Montserrat
    :America/Nassau: 
      :city: Nassau
    :America/New_York: 
      :city: "Nova York"
    :America/Nipigon: 
      :city: Nipigon
    :America/Nome: 
      :city: Nome
    :America/Noronha: 
      :city: Noronha
    :America/North_Dakota/Beulah: 
      :city: "Beulah, Dakota del Nord"
    :America/North_Dakota/Center: 
      :city: "Center, Dakota del Nord"
    :America/North_Dakota/New_Salem: 
      :city: "New Salem, Dakota del Nord"
    :America/Ojinaga: 
      :city: Ojinaga
    :America/Panama: 
      :city: Panamà
    :America/Pangnirtung: 
      :city: Pangnirtung
    :America/Paramaribo: 
      :city: Paramaribo
    :America/Phoenix: 
      :city: Phoenix
    :America/Port-au-Prince: 
      :city: Port-au-Prince
    :America/Port_of_Spain: 
      :city: "Port of Spain"
    :America/Porto_Velho: 
      :city: "Porto Velho"
    :America/Puerto_Rico: 
      :city: "Puerto Rico"
    :America/Punta_Arenas: 
      :city: "Punta Arenas"
    :America/Rainy_River: 
      :city: "Rainy River"
    :America/Rankin_Inlet: 
      :city: "Rankin Inlet"
    :America/Recife: 
      :city: Recife
    :America/Regina: 
      :city: Regina
    :America/Resolute: 
      :city: Resolute
    :America/Rio_Branco: 
      :city: "Río Branco"
    :America/Santa_Isabel: 
      :city: "Santa Isabel"
    :America/Santarem: 
      :city: Santarém
    :America/Santiago: 
      :city: Santiago
    :America/Santo_Domingo: 
      :city: "Santo Domingo"
    :America/Sao_Paulo: 
      :city: "São Paulo"
    :America/Scoresbysund: 
      :city: Scoresbysund
    :America/Sitka: 
      :city: Sitka
    :America/St_Barthelemy: 
      :city: "Saint Barthélemy"
    :America/St_Johns: 
      :city: "Saint John’s"
    :America/St_Kitts: 
      :city: "Saint Kitts"
    :America/St_Lucia: 
      :city: "Saint Lucia"
    :America/St_Thomas: 
      :city: "Saint Thomas"
    :America/St_Vincent: 
      :city: "Saint Vincent"
    :America/Swift_Current: 
      :city: "Swift Current"
    :America/Tegucigalpa: 
      :city: Tegucigalpa
    :America/Thule: 
      :city: Thule
    :America/Thunder_Bay: 
      :city: "Thunder Bay"
    :America/Tijuana: 
      :city: Tijuana
    :America/Toronto: 
      :city: Toronto
    :America/Tortola: 
      :city: Tortola
    :America/Vancouver: 
      :city: Vancouver
    :America/Whitehorse: 
      :city: Whitehorse
    :America/Winnipeg: 
      :city: Winnipeg
    :America/Yakutat: 
      :city: Yakutat
    :America/Yellowknife: 
      :city: Yellowknife
    :Antarctica/Casey: 
      :city: Casey
    :Antarctica/Davis: 
      :city: Davis
    :Antarctica/DumontDUrville: 
      :city: "Dumont d’Urville"
    :Antarctica/Macquarie: 
      :city: Macquarie
    :Antarctica/Mawson: 
      :city: Mawson
    :Antarctica/McMurdo: 
      :city: McMurdo
    :Antarctica/Palmer: 
      :city: Palmer
    :Antarctica/Rothera: 
      :city: Rothera
    :Antarctica/Syowa: 
      :city: Syowa
    :Antarctica/Troll: 
      :city: Troll
    :Antarctica/Vostok: 
      :city: Vostok
    :Arctic/Longyearbyen: 
      :city: Longyearbyen
    :Asia/Aden: 
      :city: Aden
    :Asia/Almaty: 
      :city: Almaty
    :Asia/Amman: 
      :city: Amman
    :Asia/Anadyr: 
      :city: Anadyr’
    :Asia/Aqtau: 
      :city: Aqtaū
    :Asia/Aqtobe: 
      :city: Aqtobe
    :Asia/Ashgabat: 
      :city: Ashgabat
    :Asia/Atyrau: 
      :city: Atirau
    :Asia/Baghdad: 
      :city: Bagdad
    :Asia/Bahrain: 
      :city: Bahrain
    :Asia/Baku: 
      :city: Bakú
    :Asia/Bangkok: 
      :city: Bangkok
    :Asia/Barnaul: 
      :city: Barnaul
    :Asia/Beirut: 
      :city: Beirut
    :Asia/Bishkek: 
      :city: Bixkek
    :Asia/Brunei: 
      :city: Brunei
    :Asia/Calcutta: 
      :city: Calcuta
    :Asia/Chita: 
      :city: Txità
    :Asia/Choibalsan: 
      :city: Choibalsan
    :Asia/Colombo: 
      :city: Colombo
    :Asia/Damascus: 
      :city: Damasc
    :Asia/Dhaka: 
      :city: Dacca
    :Asia/Dili: 
      :city: Dili
    :Asia/Dubai: 
      :city: Dubai
    :Asia/Dushanbe: 
      :city: Dushanbe
    :Asia/Famagusta: 
      :city: Famagusta
    :Asia/Gaza: 
      :city: Gaza
    :Asia/Hebron: 
      :city: Hebron
    :Asia/Hong_Kong: 
      :city: "Hong Kong"
    :Asia/Hovd: 
      :city: Hovd
    :Asia/Irkutsk: 
      :city: Irkutsk
    :Asia/Jakarta: 
      :city: Jakarta
    :Asia/Jayapura: 
      :city: Jaipur
    :Asia/Jerusalem: 
      :city: Jerusalem
    :Asia/Kabul: 
      :city: Kābul
    :Asia/Kamchatka: 
      :city: Kamtxatka
    :Asia/Karachi: 
      :city: Karachi
    :Asia/Katmandu: 
      :city: Katmandú
    :Asia/Khandyga: 
      :city: Khandyga
    :Asia/Krasnoyarsk: 
      :city: Krasnoiarsk
    :Asia/Kuala_Lumpur: 
      :city: "Kuala Lumpur"
    :Asia/Kuching: 
      :city: Kuching
    :Asia/Kuwait: 
      :city: Kuwait
    :Asia/Macau: 
      :city: Macau
    :Asia/Magadan: 
      :city: Magadan
    :Asia/Makassar: 
      :city: Makasar
    :Asia/Manila: 
      :city: Manila
    :Asia/Muscat: 
      :city: Masqat
    :Asia/Nicosia: 
      :city: Nicòsia
    :Asia/Novokuznetsk: 
      :city: Novokuznetsk
    :Asia/Novosibirsk: 
      :city: Novosibirsk
    :Asia/Omsk: 
      :city: Omsk
    :Asia/Oral: 
      :city: Oral
    :Asia/Phnom_Penh: 
      :city: "Phnom Penh"
    :Asia/Pontianak: 
      :city: Pontianak
    :Asia/Pyongyang: 
      :city: Pyongyang
    :Asia/Qatar: 
      :city: Qatar
    :Asia/Qostanay: 
      :city: Kostanai
    :Asia/Qyzylorda: 
      :city: Kizil-Orda
    :Asia/Rangoon: 
      :city: Yangôn
    :Asia/Riyadh: 
      :city: Al-Riyād
    :Asia/Saigon: 
      :city: "Ho Chi Minh"
    :Asia/Sakhalin: 
      :city: Sakhalin
    :Asia/Samarkand: 
      :city: Samarcanda
    :Asia/Seoul: 
      :city: Seül
    :Asia/Shanghai: 
      :city: Xangai
    :Asia/Singapore: 
      :city: Singapur
    :Asia/Srednekolymsk: 
      :city: Srednekolimsk
    :Asia/Taipei: 
      :city: Taipei
    :Asia/Tashkent: 
      :city: Taixkent
    :Asia/Tbilisi: 
      :city: Tbilissi
    :Asia/Tehran: 
      :city: Teheran
    :Asia/Thimphu: 
      :city: Thimbu
    :Asia/Tokyo: 
      :city: Tòquio
    :Asia/Tomsk: 
      :city: Tomsk
    :Asia/Ulaanbaatar: 
      :city: "Ulan Bator"
    :Asia/Urumqi: 
      :city: Ürümchi
    :Asia/Ust-Nera: 
      :city: Ust’-Nera
    :Asia/Vientiane: 
      :city: Vientiane
    :Asia/Vladivostok: 
      :city: Vladivostok
    :Asia/Yakutsk: 
      :city: Jakutsk
    :Asia/Yekaterinburg: 
      :city: Iekaterinburg
    :Asia/Yerevan: 
      :city: Erevan
    :Atlantic/Azores: 
      :city: Açores
    :Atlantic/Bermuda: 
      :city: Bermudes
    :Atlantic/Canary: 
      :city: "Illes Canàries"
    :Atlantic/Cape_Verde: 
      :city: "Cap Verd"
    :Atlantic/Faeroe: 
      :city: "Illes Fèroe"
    :Atlantic/Madeira: 
      :city: Madeira
    :Atlantic/Reykjavik: 
      :city: Reykjavik
    :Atlantic/South_Georgia: 
      :city: "Geòrgia del Sud"
    :Atlantic/St_Helena: 
      :city: "Saint Helena"
    :Atlantic/Stanley: 
      :city: Stanley
    :Australia/Adelaide: 
      :city: Adelaide
    :Australia/Brisbane: 
      :city: Brisbane
    :Australia/Broken_Hill: 
      :city: "Broken Hill"
    :Australia/Currie: 
      :city: Currie
    :Australia/Darwin: 
      :city: Darwin
    :Australia/Eucla: 
      :city: Eucla
    :Australia/Hobart: 
      :city: Hobart
    :Australia/Lindeman: 
      :city: Lindeman
    :Australia/Lord_Howe: 
      :city: "Lord Howe"
    :Australia/Melbourne: 
      :city: Melbourne
    :Australia/Perth: 
      :city: Perth
    :Australia/Sydney: 
      :city: Sydney
    :Etc/UTC: 
      :long: 
        :standard: "Temps universal coordinat"
      :short: 
        :standard: UTC
    :Etc/Unknown: 
      :city: "Ciutat desconeguda"
    :Europe/Amsterdam: 
      :city: Amsterdam
    :Europe/Andorra: 
      :city: Andorra
    :Europe/Astrakhan: 
      :city: Astrakhan
    :Europe/Athens: 
      :city: Atenes
    :Europe/Belgrade: 
      :city: Belgrad
    :Europe/Berlin: 
      :city: Berlín
    :Europe/Bratislava: 
      :city: Bratislava
    :Europe/Brussels: 
      :city: Brussel·les
    :Europe/Bucharest: 
      :city: Bucarest
    :Europe/Budapest: 
      :city: Budapest
    :Europe/Busingen: 
      :city: Busingen
    :Europe/Chisinau: 
      :city: Chisinau
    :Europe/Copenhagen: 
      :city: Copenhagen
    :Europe/Dublin: 
      :city: Dublín
      :long: 
        :daylight: "Hora estàndard d’Irlanda"
    :Europe/Gibraltar: 
      :city: Gibraltar
    :Europe/Guernsey: 
      :city: Guernsey
    :Europe/Helsinki: 
      :city: Hèlsinki
    :Europe/Isle_of_Man: 
      :city: Man
    :Europe/Istanbul: 
      :city: Istanbul
    :Europe/Jersey: 
      :city: Jersey
    :Europe/Kaliningrad: 
      :city: Kaliningrad
    :Europe/Kiev: 
      :city: Kíev
    :Europe/Kirov: 
      :city: Kirov
    :Europe/Lisbon: 
      :city: Lisboa
    :Europe/Ljubljana: 
      :city: Ljubljana
    :Europe/London: 
      :city: Londres
      :long: 
        :daylight: "Hora d’estiu britànica"
    :Europe/Luxembourg: 
      :city: Luxemburg
    :Europe/Madrid: 
      :city: Madrid
    :Europe/Malta: 
      :city: Malta
    :Europe/Minsk: 
      :city: Minsk
    :Europe/Monaco: 
      :city: Mònaco
    :Europe/Moscow: 
      :city: Moscou
    :Europe/Oslo: 
      :city: Oslo
    :Europe/Paris: 
      :city: París
    :Europe/Podgorica: 
      :city: Podgorica
    :Europe/Prague: 
      :city: Praga
    :Europe/Riga: 
      :city: Riga
    :Europe/Rome: 
      :city: Roma
    :Europe/Samara: 
      :city: Samara
    :Europe/San_Marino: 
      :city: "San Marino"
    :Europe/Sarajevo: 
      :city: Sarajevo
    :Europe/Saratov: 
      :city: Saràtov
    :Europe/Simferopol: 
      :city: Simferòpol
    :Europe/Skopje: 
      :city: Skopje
    :Europe/Sofia: 
      :city: Sofia
    :Europe/Stockholm: 
      :city: Estocolm
    :Europe/Tallinn: 
      :city: Tallinn
    :Europe/Tirane: 
      :city: Tirana
    :Europe/Ulyanovsk: 
      :city: Uliànovsk
    :Europe/Uzhgorod: 
      :city: Uzhgorod
    :Europe/Vaduz: 
      :city: Vaduz
    :Europe/Vatican: 
      :city: Vaticà
    :Europe/Vienna: 
      :city: Viena
    :Europe/Vilnius: 
      :city: Vílnius
    :Europe/Volgograd: 
      :city: Volgograd
    :Europe/Warsaw: 
      :city: Varsòvia
    :Europe/Zagreb: 
      :city: Zagreb
    :Europe/Zaporozhye: 
      :city: Zaporíjia
    :Europe/Zurich: 
      :city: Zuric
    :Indian/Antananarivo: 
      :city: Antananarivo
    :Indian/Chagos: 
      :city: Chagos
    :Indian/Christmas: 
      :city: Christmas
    :Indian/Cocos: 
      :city: Cocos
    :Indian/Comoro: 
      :city: Comoro
    :Indian/Kerguelen: 
      :city: Kerguelen
    :Indian/Mahe: 
      :city: Mahe
    :Indian/Maldives: 
      :city: Maldives
    :Indian/Mauritius: 
      :city: Maurici
    :Indian/Mayotte: 
      :city: Mayotte
    :Indian/Reunion: 
      :city: Reunió
    :Pacific/Apia: 
      :city: Apia
    :Pacific/Auckland: 
      :city: Auckland
    :Pacific/Bougainville: 
      :city: Bougainville
    :Pacific/Chatham: 
      :city: Chatham
    :Pacific/Easter: 
      :city: "Illa de Pasqua"
    :Pacific/Efate: 
      :city: Efate
    :Pacific/Enderbury: 
      :city: Enderbury
    :Pacific/Fakaofo: 
      :city: Fakaofo
    :Pacific/Fiji: 
      :city: Fiji
    :Pacific/Funafuti: 
      :city: Funafuti
    :Pacific/Galapagos: 
      :city: Galápagos
    :Pacific/Gambier: 
      :city: Gambier
    :Pacific/Guadalcanal: 
      :city: Guadalcanal
    :Pacific/Guam: 
      :city: Guam
    :Pacific/Honolulu: 
      :city: Honolulu
    :Pacific/Johnston: 
      :city: Johnston
    :Pacific/Kiritimati: 
      :city: Kiritimati
    :Pacific/Kosrae: 
      :city: Kosrae
    :Pacific/Kwajalein: 
      :city: Kwajalein
    :Pacific/Majuro: 
      :city: Majuro
    :Pacific/Marquesas: 
      :city: Marqueses
    :Pacific/Midway: 
      :city: Midway
    :Pacific/Nauru: 
      :city: Nauru
    :Pacific/Niue: 
      :city: Niue
    :Pacific/Norfolk: 
      :city: Norfolk
    :Pacific/Noumea: 
      :city: Nouméa
    :Pacific/Pago_Pago: 
      :city: "Pago Pago"
    :Pacific/Palau: 
      :city: Palau
    :Pacific/Pitcairn: 
      :city: Pitcairn
    :Pacific/Ponape: 
      :city: Pohnpei
    :Pacific/Port_Moresby: 
      :city: "Port Moresby"
    :Pacific/Rarotonga: 
      :city: Rarotonga
    :Pacific/Saipan: 
      :city: Saipan
    :Pacific/Tahiti: 
      :city: Tahití
    :Pacific/Tarawa: 
      :city: Tarawa
    :Pacific/Tongatapu: 
      :city: Tongatapu
    :Pacific/Truk: 
      :city: Chuuk
    :Pacific/Wake: 
      :city: Wake
    :Pacific/Wallis: 
      :city: Wallis
