--- 
:fr-CA: 
  :formats: 
    :fallback_formats: 
      :generic: "{1} ({0})"
    :gmt_formats: 
      :generic: "UTC{0}"
    :gmt_zero_formats: 
      :generic: UTC
    :hour_formats: 
      :generic: "+HH:mm;−HH:mm"
    :region_formats: 
      :daylight: "{0} (heure avancée)"
      :generic: "heure : {0}"
      :standard: "{0} (heure normale)"
  :metazones: 
    :Acre: 
      :long: 
        :daylight: "heure avancée de l’Acre"
        :generic: "heure de l’Acre"
        :standard: "heure normale de l’Acre"
    :Afghanistan: 
      :long: 
        :standard: "heure de l’Afghanistan"
    :Africa_Central: 
      :long: 
        :standard: "heure d’Afrique centrale"
    :Africa_Eastern: 
      :long: 
        :standard: "heure d’Afrique orientale"
    :Africa_Southern: 
      :long: 
        :standard: "heure normale d’Afrique du Sud"
    :Africa_Western: 
      :long: 
        :daylight: "heure avancée d’Afrique de l’Ouest"
        :generic: "heure d’Afrique de l’Ouest"
        :standard: "heure normale d’Afrique de l’Ouest"
    :Alaska: 
      :long: 
        :daylight: "heure avancée de l’Alaska"
        :generic: "heure de l’Alaska"
        :standard: "heure normale de l’Alaska"
    :Almaty: 
      :long: 
        :daylight: "heure avancée d’Alma Ata"
        :generic: "heure d’Alma Ata"
        :standard: "heure normale d’Alma Ata"
    :Amazon: 
      :long: 
        :daylight: "heure avancée de l’Amazonie"
        :generic: "heure de l’Amazonie"
        :standard: "heure normale de l’Amazonie"
    :America_Central: 
      :long: 
        :daylight: "heure avancée du Centre"
        :generic: "heure du Centre"
        :standard: "heure normale du Centre"
      :short: 
        :daylight: HAC
        :generic: HC
        :standard: HNC
    :America_Eastern: 
      :long: 
        :daylight: "heure avancée de l’Est"
        :generic: "heure de l’Est"
        :standard: "heure normale de l’Est"
      :short: 
        :daylight: HAE
        :generic: HE
        :standard: HNE
    :America_Mountain: 
      :long: 
        :daylight: "heure avancée des Rocheuses"
        :generic: "heure des Rocheuses"
        :standard: "heure normale des Rocheuses"
      :short: 
        :daylight: HAR
        :generic: HR
        :standard: HNR
    :America_Pacific: 
      :long: 
        :daylight: "heure avancée du Pacifique"
        :generic: "heure du Pacifique"
        :standard: "heure normale du Pacifique"
      :short: 
        :daylight: HAP
        :generic: HP
        :standard: HNP
    :Anadyr: 
      :long: 
        :daylight: "heure avancée d’Anadyr"
        :generic: "heure d’Anadyr"
        :standard: "heure normale d’Anadyr"
    :Apia: 
      :long: 
        :daylight: "heure avancée d’Apia"
        :generic: "heure d’Apia"
        :standard: "heure normale d’Apia"
    :Aqtau: 
      :long: 
        :daylight: "heure avancée d’Aktaou"
        :generic: "heure d’Aktaou"
        :standard: "heure normale d’Aktaou"
    :Aqtobe: 
      :long: 
        :daylight: "heure avancée d’Aqtöbe"
        :generic: "heure d’Aqtöbe"
        :standard: "heure normale d’Aqtöbe"
    :Arabian: 
      :long: 
        :daylight: "heure avancée de l’Arabie"
        :generic: "heure de l’Arabie"
        :standard: "heure normale de l’Arabie"
    :Argentina: 
      :long: 
        :daylight: "heure avancée de l’Argentine"
        :generic: "heure de l’Argentine"
        :standard: "heure normale d’Argentine"
    :Argentina_Western: 
      :long: 
        :daylight: "heure avancée de l’Ouest argentin"
        :generic: "heure de l’Ouest argentin"
        :standard: "heure normale de l’Ouest argentin"
    :Armenia: 
      :long: 
        :daylight: "heure avancée d’Arménie"
        :generic: "heure de l’Arménie"
        :standard: "heure normale de l’Arménie"
    :Atlantic: 
      :long: 
        :daylight: "heure avancée de l’Atlantique"
        :generic: "heure de l’Atlantique"
        :standard: "heure normale de l’Atlantique"
    :Australia_Central: 
      :long: 
        :daylight: "heure avancée du centre de l’Australie"
        :generic: "heure du centre de l’Australie"
        :standard: "heure normale du centre de l’Australie"
    :Australia_CentralWestern: 
      :long: 
        :daylight: "heure avancée du centre-ouest de l’Australie"
        :generic: "heure du centre-ouest de l’Australie"
        :standard: "heure normale du centre-ouest de l’Australie"
    :Australia_Eastern: 
      :long: 
        :daylight: "heure avancée de l’Est de l’Australie"
        :generic: "heure de l’Est de l’Australie"
        :standard: "heure normale de l’Est de l’Australie"
    :Australia_Western: 
      :long: 
        :daylight: "heure avancée de l’Ouest de l’Australie"
        :generic: "heure de l’Ouest de l’Australie"
        :standard: "heure normale de l’Ouest de l’Australie"
    :Azerbaijan: 
      :long: 
        :daylight: "heure avancée d’Azerbaïdjan"
        :generic: "heure de l’Azerbaïdjan"
        :standard: "heure normale de l’Azerbaïdjan"
    :Azores: 
      :long: 
        :daylight: "heure avancée des Açores"
        :generic: "heure des Açores"
        :standard: "heure normale des Açores"
    :Bangladesh: 
      :long: 
        :daylight: "heure avancée du Bangladesh"
        :generic: "heure du Bangladesh"
        :standard: "heure normale du Bangladesh"
    :Bhutan: 
      :long: 
        :standard: "heure du Bhoutan"
    :Bolivia: 
      :long: 
        :standard: "heure de Bolivie"
    :Brasilia: 
      :long: 
        :daylight: "heure avancée de Brasilia"
        :generic: "heure de Brasilia"
        :standard: "heure normale de Brasilia"
    :Brunei: 
      :long: 
        :standard: "heure du Brunéi"
    :Cape_Verde: 
      :long: 
        :daylight: "heure avancée du Cap-Vert"
        :generic: "heure du Cap-Vert"
        :standard: "heure normale du Cap-Vert"
    :Chamorro: 
      :long: 
        :standard: "heure des Chamorro"
    :Chatham: 
      :long: 
        :daylight: "heure d’été des îles Chatham"
        :generic: "heure des îles Chatham"
        :standard: "heure normale des îles Chatham"
    :Chile: 
      :long: 
        :daylight: "heure avancée du Chili"
        :generic: "heure du Chili"
        :standard: "heure normale du Chili"
    :China: 
      :long: 
        :daylight: "heure avancée de Chine"
        :generic: "heure de Chine"
        :standard: "heure normale de Chine"
    :Choibalsan: 
      :long: 
        :daylight: "heure avancée de Choibalsan"
        :generic: "heure de Choibalsan"
        :standard: "heure normale de Choibalsan"
    :Christmas: 
      :long: 
        :standard: "heure de lՔle Christmas"
    :Cocos: 
      :long: 
        :standard: "heure des îles Cocos"
    :Colombia: 
      :long: 
        :daylight: "heure avancée de Colombie"
        :generic: "heure de Colombie"
        :standard: "heure normale de Colombie"
    :Cook: 
      :long: 
        :daylight: "heure avancée des îles Cook"
        :generic: "heure des îles Cook"
        :standard: "heure normale des îles Cook"
    :Cuba: 
      :long: 
        :daylight: "heure avancée de Cuba"
        :generic: "heure de Cuba"
        :standard: "heure normale de Cuba"
    :Davis: 
      :long: 
        :standard: "heure de Davis"
    :DumontDUrville: 
      :long: 
        :standard: "heure de Dumont-d’Urville"
    :East_Timor: 
      :long: 
        :standard: "heure du Timor oriental"
    :Easter: 
      :long: 
        :daylight: "heure avancée de l’île de Pâques"
        :generic: "heure de l’île de Pâques"
        :standard: "heure normale de l’île de Pâques"
    :Ecuador: 
      :long: 
        :standard: "heure de lՃquateur"
    :Europe_Central: 
      :long: 
        :daylight: "heure avancée de l’Europe centrale"
        :generic: "heure de l’Europe centrale"
        :standard: "heure normale de l’Europe centrale"
    :Europe_Eastern: 
      :long: 
        :daylight: "heure avancée de l’Europe de l’Est"
        :generic: "heure de l’Europe de l’Est"
        :standard: "heure normale de l’Europe de l’Est"
    :Europe_Further_Eastern: 
      :long: 
        :standard: "heure de Kaliningrad"
    :Europe_Western: 
      :long: 
        :daylight: "heure avancée de l’Europe de l’Ouest"
        :generic: "heure de l’Europe de l’Ouest"
        :standard: "heure normale de l’Europe de l’Ouest"
    :Falkland: 
      :long: 
        :daylight: "heure avancée des îles Malouines"
        :generic: "heure des îles Malouines"
        :standard: "heure normale des îles Malouines"
    :Fiji: 
      :long: 
        :daylight: "heure avancée des îles Fidji"
        :generic: "heure des îles Fidji"
        :standard: "heure normale des îles Fidji"
    :French_Guiana: 
      :long: 
        :standard: "heure de Guyane française"
    :French_Southern: 
      :long: 
        :standard: "heure des Terres australes et antarctiques françaises"
    :GMT: 
      :long: 
        :standard: "heure moyenne de Greenwich"
    :Galapagos: 
      :long: 
        :standard: "heure des îles Galápagos"
    :Gambier: 
      :long: 
        :standard: "heure des îles Gambier"
    :Georgia: 
      :long: 
        :daylight: "heure avancée de Géorgie"
        :generic: "heure de la Géorgie"
        :standard: "heure normale de la Géorgie"
    :Gilbert_Islands: 
      :long: 
        :standard: "heure des îles Gilbert"
    :Greenland_Eastern: 
      :long: 
        :daylight: "heure avancée de l’Est du Groenland"
        :generic: "heure de l’Est du Groenland"
        :standard: "heure normale de l’Est du Groenland"
    :Greenland_Western: 
      :long: 
        :daylight: "heure avancée de l’Ouest du Groenland"
        :generic: "heure de l’Ouest du Groenland"
        :standard: "heure normale de l’Ouest du Groenland"
    :Guam: 
      :long: 
        :standard: "heure de Guam"
    :Gulf: 
      :long: 
        :standard: "heure du Golfe"
    :Guyana: 
      :long: 
        :standard: "heure du Guyana"
    :Hawaii_Aleutian: 
      :long: 
        :daylight: "heure avancée d’Hawaï-Aléoutiennes"
        :generic: "heure d’Hawaï-Aléoutiennes"
        :standard: "heure normale d’Hawaï-Aléoutiennes"
    :Hong_Kong: 
      :long: 
        :daylight: "heure avancée de Hong Kong"
        :generic: "heure de Hong Kong"
        :standard: "heure normale de Hong Kong"
    :Hovd: 
      :long: 
        :daylight: "heure avancée de Hovd"
        :generic: "heure de Hovd"
        :standard: "heure normale de Hovd"
    :India: 
      :long: 
        :standard: "heure de l’Inde"
    :Indian_Ocean: 
      :long: 
        :standard: "heure de l’Océan Indien"
    :Indochina: 
      :long: 
        :standard: "heure d’Indochine"
    :Indonesia_Central: 
      :long: 
        :standard: "heure du Centre indonésien"
    :Indonesia_Eastern: 
      :long: 
        :standard: "heure de l’Est indonésien"
    :Indonesia_Western: 
      :long: 
        :standard: "heure de l’Ouest indonésien"
    :Iran: 
      :long: 
        :daylight: "heure avancée d’Iran"
        :generic: "heure de l’Iran"
        :standard: "heure normale d’Iran"
    :Irkutsk: 
      :long: 
        :daylight: "heure avancée d’Irkoutsk"
        :generic: "heure d’Irkoutsk"
        :standard: "heure normale d’Irkoutsk"
    :Israel: 
      :long: 
        :daylight: "heure avancée d’Israël"
        :generic: "heure d’Israël"
        :standard: "heure normale d’Israël"
    :Japan: 
      :long: 
        :daylight: "heure avancée du Japon"
        :generic: "heure du Japon"
        :standard: "heure normale du Japon"
    :Kamchatka: 
      :long: 
        :daylight: "heure avancée de Petropavlovsk-Kamchatski"
        :generic: "heure de Petropavlovsk-Kamchatski"
        :standard: "heure normale de Petropavlovsk-Kamchatski"
    :Kazakhstan_Eastern: 
      :long: 
        :standard: "heure de l’Est du Kazakhstan"
    :Kazakhstan_Western: 
      :long: 
        :standard: "heure de l’Ouest du Kazakhstan"
    :Korea: 
      :long: 
        :daylight: "heure avancée de Corée"
        :generic: "heure de la Corée"
        :standard: "heure normale de la Corée"
    :Kosrae: 
      :long: 
        :standard: "heure de Kosrae"
    :Krasnoyarsk: 
      :long: 
        :daylight: "heure avancée de Krasnoïarsk"
        :generic: "heure de Krasnoïarsk"
        :standard: "heure normale de Krasnoïarsk"
    :Kyrgystan: 
      :long: 
        :standard: "heure du Kirghizistan"
    :Line_Islands: 
      :long: 
        :standard: "heure des îles de la Ligne"
    :Lord_Howe: 
      :long: 
        :daylight: "heure avancée de Lord Howe"
        :generic: "heure de Lord Howe"
        :standard: "heure normale de Lord Howe"
    :Macquarie: 
      :long: 
        :standard: "heure de lՔle Macquarie"
    :Magadan: 
      :long: 
        :daylight: "heure avancée de Magadan"
        :generic: "heure de Magadan"
        :standard: "heure normale de Magadan"
    :Malaysia: 
      :long: 
        :standard: "heure de la Malaisie"
    :Maldives: 
      :long: 
        :standard: "heure des Maldives"
    :Marquesas: 
      :long: 
        :standard: "heure des îles Marquises"
    :Marshall_Islands: 
      :long: 
        :standard: "heure des îles Marshall"
    :Mauritius: 
      :long: 
        :daylight: "heure avancée de Maurice"
        :generic: "heure de Maurice"
        :standard: "heure normale de Maurice"
    :Mawson: 
      :long: 
        :standard: "heure de Mawson"
    :Mexico_Northwest: 
      :long: 
        :daylight: "heure avancée du Nord-Ouest du Mexique"
        :generic: "heure du Nord-Ouest du Mexique"
        :standard: "heure normale du Nord-Ouest du Mexique"
    :Mexico_Pacific: 
      :long: 
        :daylight: "heure avancée du Pacifique mexicain"
        :generic: "heure du Pacifique mexicain"
        :standard: "heure normale du Pacifique mexicain"
    :Mongolia: 
      :long: 
        :daylight: "heure avancée d’Oulan-Bator"
        :generic: "heure d’Oulan-Bator"
        :standard: "heure normale d’Oulan-Bator"
    :Moscow: 
      :long: 
        :daylight: "heure avancée de Moscou"
        :generic: "heure de Moscou"
        :standard: "heure normale de Moscou"
    :Myanmar: 
      :long: 
        :standard: "heure du Myanmar"
    :Nauru: 
      :long: 
        :standard: "heure de Nauru"
    :Nepal: 
      :long: 
        :standard: "heure du Népal"
    :New_Caledonia: 
      :long: 
        :daylight: "heure avancée de Nouvelle-Calédonie"
        :generic: "heure de la Nouvelle-Calédonie"
        :standard: "heure normale de la Nouvelle-Calédonie"
    :New_Zealand: 
      :long: 
        :daylight: "heure avancée de la Nouvelle-Zélande"
        :generic: "heure de la Nouvelle-Zélande"
        :standard: "heure normale de la Nouvelle-Zélande"
    :Newfoundland: 
      :long: 
        :daylight: "heure avancée de Terre-Neuve"
        :generic: "heure de Terre-Neuve"
        :standard: "heure normale de Terre-Neuve"
      :short: 
        :daylight: HAT
        :generic: HT
        :standard: HNT
    :Niue: 
      :long: 
        :standard: "heure de Nioué"
    :Norfolk: 
      :long: 
        :daylight: "heure avancée de l’île Norfolk"
        :generic: "heure de lՔle Norfolk"
        :standard: "heure normale de lՔle Norfolk"
    :Noronha: 
      :long: 
        :daylight: "heure avancée de Fernando de Noronha"
        :generic: "heure de Fernando de Noronha"
        :standard: "heure normale de Fernando de Noronha"
    :North_Mariana: 
      :long: 
        :standard: "heure des îles Mariannes du Nord"
    :Novosibirsk: 
      :long: 
        :daylight: "heure avancée de Novossibirsk"
        :generic: "heure de Novossibirsk"
        :standard: "heure normale de Novossibirsk"
    :Omsk: 
      :long: 
        :daylight: "heure avancée d’Omsk"
        :generic: "heure d’Omsk"
        :standard: "heure normale d’Omsk"
    :Pakistan: 
      :long: 
        :daylight: "heure avancée du Pakistan"
        :generic: "heure du Pakistan"
        :standard: "heure normale du Pakistan"
    :Palau: 
      :long: 
        :standard: "heure des Palaos"
    :Papua_New_Guinea: 
      :long: 
        :standard: "heure de la Papouasie-Nouvelle-Guinée"
    :Paraguay: 
      :long: 
        :daylight: "heure avancée du Paraguay"
        :generic: "heure du Paraguay"
        :standard: "heure normale du Paraguay"
    :Peru: 
      :long: 
        :daylight: "heure avancée du Pérou"
        :generic: "heure du Pérou"
        :standard: "heure normale du Pérou"
    :Philippines: 
      :long: 
        :daylight: "heure avancée des Philippines"
        :generic: "heure des Philippines"
        :standard: "heure normale des Philippines"
    :Phoenix_Islands: 
      :long: 
        :standard: "heure des îles Phoenix"
    :Pierre_Miquelon: 
      :long: 
        :daylight: "heure avancée de Saint-Pierre-et-Miquelon"
        :generic: "heure de Saint-Pierre-et-Miquelon"
        :standard: "heure normale de Saint-Pierre-et-Miquelon"
    :Pitcairn: 
      :long: 
        :standard: "heure des îles Pitcairn"
    :Ponape: 
      :long: 
        :standard: "heure de lՔle de Pohnpei"
    :Pyongyang: 
      :long: 
        :standard: "heure de Pyongyang"
    :Reunion: 
      :long: 
        :standard: "heure de la Réunion"
    :Rothera: 
      :long: 
        :standard: "heure de Rothera"
    :Sakhalin: 
      :long: 
        :daylight: "heure avancée de Sakhaline"
        :generic: "heure de Sakhaline"
        :standard: "heure normale de Sakhaline"
    :Samara: 
      :long: 
        :daylight: "heure d’été de Samara"
        :generic: "heure de Samara"
        :standard: "heure normale de Samara"
    :Samoa: 
      :long: 
        :daylight: "heure avancée des Samoa"
        :generic: "heure des Samoa"
        :standard: "heure normale des Samoa"
    :Seychelles: 
      :long: 
        :standard: "heure des Seychelles"
    :Singapore: 
      :long: 
        :standard: "heure de Singapour"
    :Solomon: 
      :long: 
        :standard: "heure des îles Salomon"
    :South_Georgia: 
      :long: 
        :standard: "heure de Géorgie du Sud"
    :Suriname: 
      :long: 
        :standard: "heure du Suriname"
    :Syowa: 
      :long: 
        :standard: "heure de Syowa"
    :Tahiti: 
      :long: 
        :standard: "heure de Tahiti"
    :Taipei: 
      :long: 
        :daylight: "heure avancée de Taipei"
        :generic: "heure de Taipei"
        :standard: "heure normale de Taipei"
    :Tajikistan: 
      :long: 
        :standard: "heure du Tadjikistan"
    :Tokelau: 
      :long: 
        :standard: "heure de Tokelau"
    :Tonga: 
      :long: 
        :daylight: "heure avancée de Tonga"
        :generic: "heure des Tonga"
        :standard: "heure normale des Tonga"
    :Truk: 
      :long: 
        :standard: "heure de Chuuk"
    :Turkmenistan: 
      :long: 
        :daylight: "heure avancée du Turkménistan"
        :generic: "heure du Turkménistan"
        :standard: "heure normale du Turkménistan"
    :Tuvalu: 
      :long: 
        :standard: "heure des Tuvalu"
    :Uruguay: 
      :long: 
        :daylight: "heure avancée de l’Uruguay"
        :generic: "heure de l’Uruguay"
        :standard: "heure normale de l’Uruguay"
    :Uzbekistan: 
      :long: 
        :daylight: "heure avancée de l’Ouzbékistan"
        :generic: "heure de l’Ouzbékistan"
        :standard: "heure normale de l’Ouzbékistan"
    :Vanuatu: 
      :long: 
        :daylight: "heure avancée de Vanuatu"
        :generic: "heure du Vanuatu"
        :standard: "heure normale du Vanuatu"
    :Venezuela: 
      :long: 
        :standard: "heure du Venezuela"
    :Vladivostok: 
      :long: 
        :daylight: "heure avancée de Vladivostok"
        :generic: "heure de Vladivostok"
        :standard: "heure normale de Vladivostok"
    :Volgograd: 
      :long: 
        :daylight: "heure avancée de Volgograd"
        :generic: "heure de Volgograd"
        :standard: "heure normale de Volgograd"
    :Vostok: 
      :long: 
        :standard: "heure de Vostok"
    :Wake: 
      :long: 
        :standard: "heure de lՔle Wake"
    :Wallis: 
      :long: 
        :standard: "heure de Wallis-et-Futuna"
    :Yakutsk: 
      :long: 
        :daylight: "heure avancée de Iakoutsk"
        :generic: "heure de Iakoutsk"
        :standard: "heure normale de Iakoutsk"
    :Yekaterinburg: 
      :long: 
        :daylight: "heure avancée d’Ekaterinbourg"
        :generic: "heure d’Ekaterinbourg"
        :standard: "heure normale d’Ekaterinbourg"
  :timezones: 
    :Africa/Abidjan: 
      :city: Abidjan
    :Africa/Accra: 
      :city: Accra
    :Africa/Addis_Ababa: 
      :city: Addis-Abeba
    :Africa/Algiers: 
      :city: Alger
    :Africa/Asmera: 
      :city: Asmara
    :Africa/Bamako: 
      :city: Bamako
    :Africa/Bangui: 
      :city: Bangui
    :Africa/Banjul: 
      :city: Banjul
    :Africa/Bissau: 
      :city: Bissau
    :Africa/Blantyre: 
      :city: Blantyre
    :Africa/Brazzaville: 
      :city: Brazzaville
    :Africa/Bujumbura: 
      :city: Bujumbura
    :Africa/Cairo: 
      :city: "Le Caire"
    :Africa/Casablanca: 
      :city: Casablanca
    :Africa/Ceuta: 
      :city: Ceuta
    :Africa/Conakry: 
      :city: Conakry
    :Africa/Dakar: 
      :city: Dakar
    :Africa/Dar_es_Salaam: 
      :city: "Dar es Salaam"
    :Africa/Djibouti: 
      :city: Djibouti
    :Africa/Douala: 
      :city: Douala
    :Africa/El_Aaiun: 
      :city: Laâyoune
    :Africa/Freetown: 
      :city: Freetown
    :Africa/Gaborone: 
      :city: Gaborone
    :Africa/Harare: 
      :city: Harare
    :Africa/Johannesburg: 
      :city: Johannesburg
    :Africa/Juba: 
      :city: Juba
    :Africa/Kampala: 
      :city: Kampala
    :Africa/Khartoum: 
      :city: Khartoum
    :Africa/Kigali: 
      :city: Kigali
    :Africa/Kinshasa: 
      :city: Kinshasa
    :Africa/Lagos: 
      :city: Lagos
    :Africa/Libreville: 
      :city: Libreville
    :Africa/Lome: 
      :city: Lomé
    :Africa/Luanda: 
      :city: Luanda
    :Africa/Lubumbashi: 
      :city: Lubumbashi
    :Africa/Lusaka: 
      :city: Lusaka
    :Africa/Malabo: 
      :city: Malabo
    :Africa/Maputo: 
      :city: Maputo
    :Africa/Maseru: 
      :city: Maseru
    :Africa/Mbabane: 
      :city: Mbabane
    :Africa/Mogadishu: 
      :city: Mogadiscio
    :Africa/Monrovia: 
      :city: Monrovia
    :Africa/Nairobi: 
      :city: Nairobi
    :Africa/Ndjamena: 
      :city: Ndjamena
    :Africa/Niamey: 
      :city: Niamey
    :Africa/Nouakchott: 
      :city: Nouakchott
    :Africa/Ouagadougou: 
      :city: Ouagadougou
    :Africa/Porto-Novo: 
      :city: Porto-Novo
    :Africa/Sao_Tome: 
      :city: "São Tomé"
    :Africa/Tripoli: 
      :city: "Tripoli [Libye]"
    :Africa/Tunis: 
      :city: Tunis
    :Africa/Windhoek: 
      :city: Windhoek
    :America/Adak: 
      :city: Adak
    :America/Anchorage: 
      :city: Anchorage
    :America/Anguilla: 
      :city: Anguilla
    :America/Antigua: 
      :city: Antigua
    :America/Araguaina: 
      :city: Araguaína
    :America/Argentina/La_Rioja: 
      :city: "La Rioja"
    :America/Argentina/Rio_Gallegos: 
      :city: "Río Gallegos"
    :America/Argentina/Salta: 
      :city: Salta
    :America/Argentina/San_Juan: 
      :city: "San Juan"
    :America/Argentina/San_Luis: 
      :city: "San Luis"
    :America/Argentina/Tucuman: 
      :city: Tucumán
    :America/Argentina/Ushuaia: 
      :city: Ushuaïa
    :America/Aruba: 
      :city: Aruba
    :America/Asuncion: 
      :city: Asunción
    :America/Bahia: 
      :city: Bahia
    :America/Bahia_Banderas: 
      :city: "Bahia de Banderas"
    :America/Barbados: 
      :city: "Barbade (La)"
    :America/Belem: 
      :city: Belém
    :America/Belize: 
      :city: Belize
    :America/Blanc-Sablon: 
      :city: Blanc-Sablon
    :America/Boa_Vista: 
      :city: "Boa Vista"
    :America/Bogota: 
      :city: Bogota
    :America/Boise: 
      :city: Boise
    :America/Buenos_Aires: 
      :city: "Buenos Aires"
    :America/Cambridge_Bay: 
      :city: "Cambridge Bay"
    :America/Campo_Grande: 
      :city: "Campo Grande"
    :America/Cancun: 
      :city: Cancún
    :America/Caracas: 
      :city: Caracas
    :America/Catamarca: 
      :city: Catamarca
    :America/Cayenne: 
      :city: Cayenne
    :America/Cayman: 
      :city: "îles Caïmans"
    :America/Chicago: 
      :city: Chicago
    :America/Chihuahua: 
      :city: Chihuahua
    :America/Coral_Harbour: 
      :city: Atikokan
    :America/Cordoba: 
      :city: Córdoba
    :America/Costa_Rica: 
      :city: "Costa Rica"
    :America/Creston: 
      :city: Creston
    :America/Cuiaba: 
      :city: Cuiabá
    :America/Curacao: 
      :city: Curaçao
    :America/Danmarkshavn: 
      :city: Danmarkshavn
    :America/Dawson: 
      :city: Dawson
    :America/Dawson_Creek: 
      :city: "Dawson Creek"
    :America/Denver: 
      :city: Denver
    :America/Detroit: 
      :city: Détroit
    :America/Dominica: 
      :city: Dominique
    :America/Edmonton: 
      :city: Edmonton
    :America/Eirunepe: 
      :city: Eirunepé
    :America/El_Salvador: 
      :city: "El Salvador"
    :America/Fort_Nelson: 
      :city: "Fort Nelson"
    :America/Fortaleza: 
      :city: Fortaleza
    :America/Glace_Bay: 
      :city: "Glace Bay"
    :America/Godthab: 
      :city: Nuuk
    :America/Goose_Bay: 
      :city: "Goose Bay"
    :America/Grand_Turk: 
      :city: "Grand Turk"
    :America/Grenada: 
      :city: Grenade
    :America/Guadeloupe: 
      :city: Guadeloupe
    :America/Guatemala: 
      :city: Guatemala
    :America/Guayaquil: 
      :city: Guayaquil
    :America/Guyana: 
      :city: Guyana
    :America/Halifax: 
      :city: Halifax
    :America/Havana: 
      :city: "La Havane"
    :America/Hermosillo: 
      :city: Hermosillo
    :America/Indiana/Knox: 
      :city: "Knox [Indiana]"
    :America/Indiana/Marengo: 
      :city: "Marengo [Indiana]"
    :America/Indiana/Petersburg: 
      :city: "Petersburg [Indiana]"
    :America/Indiana/Tell_City: 
      :city: "Tell City [Indiana]"
    :America/Indiana/Vevay: 
      :city: "Vevay [Indiana]"
    :America/Indiana/Vincennes: 
      :city: "Vincennes [Indiana]"
    :America/Indiana/Winamac: 
      :city: "Winamac [Indiana]"
    :America/Indianapolis: 
      :city: Indianapolis
    :America/Inuvik: 
      :city: Inuvik
    :America/Iqaluit: 
      :city: Iqaluit
    :America/Jamaica: 
      :city: Jamaïque
    :America/Jujuy: 
      :city: Jujuy
    :America/Juneau: 
      :city: Juneau
    :America/Kentucky/Monticello: 
      :city: "Monticello [Kentucky]"
    :America/Kralendijk: 
      :city: Kralendijk
    :America/La_Paz: 
      :city: "La Paz"
    :America/Lima: 
      :city: Lima
    :America/Los_Angeles: 
      :city: "Los Angeles"
    :America/Louisville: 
      :city: Louisville
    :America/Lower_Princes: 
      :city: "Lower Prince’s Quarter"
    :America/Maceio: 
      :city: Maceió
    :America/Managua: 
      :city: Managua
    :America/Manaus: 
      :city: Manaos
    :America/Marigot: 
      :city: Marigot
    :America/Martinique: 
      :city: Martinique
    :America/Matamoros: 
      :city: Matamoros
    :America/Mazatlan: 
      :city: Mazatlán
    :America/Mendoza: 
      :city: Mendoza
    :America/Menominee: 
      :city: Menominee
    :America/Merida: 
      :city: Mérida
    :America/Metlakatla: 
      :city: Metlakatla
    :America/Mexico_City: 
      :city: Mexico
    :America/Miquelon: 
      :city: Miquelon
    :America/Moncton: 
      :city: Moncton
    :America/Monterrey: 
      :city: Monterrey
    :America/Montevideo: 
      :city: Montevideo
    :America/Montserrat: 
      :city: Montserrat
    :America/Nassau: 
      :city: Nassau
    :America/New_York: 
      :city: "New York"
    :America/Nipigon: 
      :city: Nipigon
    :America/Nome: 
      :city: Nome
    :America/Noronha: 
      :city: Noronha
    :America/North_Dakota/Beulah: 
      :city: "Beulah [Dakota du Nord]"
    :America/North_Dakota/Center: 
      :city: "Center [Dakota du Nord]"
    :America/North_Dakota/New_Salem: 
      :city: "New Salem, Dakota du Nord"
    :America/Ojinaga: 
      :city: Ojinaga
    :America/Panama: 
      :city: Panama
    :America/Pangnirtung: 
      :city: Pangnirtung
    :America/Paramaribo: 
      :city: Paramaribo
    :America/Phoenix: 
      :city: Phoenix
    :America/Port-au-Prince: 
      :city: Port-au-Prince
    :America/Port_of_Spain: 
      :city: Port-d’Espagne
    :America/Porto_Velho: 
      :city: "Porto Velho"
    :America/Puerto_Rico: 
      :city: "Porto Rico"
    :America/Punta_Arenas: 
      :city: "Punta Arenas"
    :America/Rainy_River: 
      :city: "Rainy River"
    :America/Rankin_Inlet: 
      :city: "Rankin Inlet"
    :America/Recife: 
      :city: Recife
    :America/Regina: 
      :city: Regina
    :America/Resolute: 
      :city: Resolute
    :America/Rio_Branco: 
      :city: "Rio Branco"
    :America/Santa_Isabel: 
      :city: "Santa Isabel"
    :America/Santarem: 
      :city: Santarém
    :America/Santiago: 
      :city: Santiago
    :America/Santo_Domingo: 
      :city: Saint-Domingue
    :America/Sao_Paulo: 
      :city: "São Paulo"
    :America/Scoresbysund: 
      :city: Ittoqqortoormiit
    :America/Sitka: 
      :city: Sitka
    :America/St_Barthelemy: 
      :city: Saint-Barthélemy
    :America/St_Johns: 
      :city: "St. John’s"
    :America/St_Kitts: 
      :city: Saint-Christophe-et-Niévès
    :America/St_Lucia: 
      :city: Sainte-Lucie
    :America/St_Thomas: 
      :city: "Saint Thomas"
    :America/St_Vincent: 
      :city: Saint-Vincent
    :America/Swift_Current: 
      :city: "Swift Current"
    :America/Tegucigalpa: 
      :city: Tégucigalpa
    :America/Thule: 
      :city: Thulé
    :America/Thunder_Bay: 
      :city: "Thunder Bay"
    :America/Tijuana: 
      :city: Tijuana
    :America/Toronto: 
      :city: Toronto
    :America/Tortola: 
      :city: Tortola
    :America/Vancouver: 
      :city: Vancouver
    :America/Whitehorse: 
      :city: Whitehorse
    :America/Winnipeg: 
      :city: Winnipeg
    :America/Yakutat: 
      :city: Yakutat
    :America/Yellowknife: 
      :city: Yellowknife
    :Antarctica/Casey: 
      :city: Casey
    :Antarctica/Davis: 
      :city: Davis
    :Antarctica/DumontDUrville: 
      :city: "Dumont d’Urville"
    :Antarctica/Macquarie: 
      :city: Macquarie
    :Antarctica/Mawson: 
      :city: Mawson
    :Antarctica/McMurdo: 
      :city: McMurdo
    :Antarctica/Palmer: 
      :city: Palmer
    :Antarctica/Rothera: 
      :city: Rothera
    :Antarctica/Syowa: 
      :city: Showa
    :Antarctica/Troll: 
      :city: Troll
    :Antarctica/Vostok: 
      :city: Vostok
    :Arctic/Longyearbyen: 
      :city: Longyearbyen
    :Asia/Aden: 
      :city: Aden
    :Asia/Almaty: 
      :city: "Alma Ata"
    :Asia/Amman: 
      :city: Amman
    :Asia/Anadyr: 
      :city: Anadyr
    :Asia/Aqtau: 
      :city: Aktaou
    :Asia/Aqtobe: 
      :city: Aktioubinsk
    :Asia/Ashgabat: 
      :city: Achgabat
    :Asia/Atyrau: 
      :city: Atyraou
    :Asia/Baghdad: 
      :city: Bagdad
    :Asia/Bahrain: 
      :city: Bahreïn
    :Asia/Baku: 
      :city: Bakou
    :Asia/Bangkok: 
      :city: Bangkok
    :Asia/Barnaul: 
      :city: Barnaul
    :Asia/Beirut: 
      :city: Beyrouth
    :Asia/Bishkek: 
      :city: Bichkek
    :Asia/Brunei: 
      :city: Brunei
    :Asia/Calcutta: 
      :city: Calcutta
    :Asia/Chita: 
      :city: Tchita
    :Asia/Choibalsan: 
      :city: Tchoïbalsan
    :Asia/Colombo: 
      :city: Colombo
    :Asia/Damascus: 
      :city: Damas
    :Asia/Dhaka: 
      :city: Dacca
    :Asia/Dili: 
      :city: Dili
    :Asia/Dubai: 
      :city: Dubaï
    :Asia/Dushanbe: 
      :city: Douchanbé
    :Asia/Famagusta: 
      :city: Famagouste
    :Asia/Gaza: 
      :city: Gaza
    :Asia/Hebron: 
      :city: Hébron
    :Asia/Hong_Kong: 
      :city: "Hong Kong"
    :Asia/Hovd: 
      :city: Hovd
    :Asia/Irkutsk: 
      :city: Irkoutsk
    :Asia/Jakarta: 
      :city: Jakarta
    :Asia/Jayapura: 
      :city: Jayapura
    :Asia/Jerusalem: 
      :city: Jérusalem
    :Asia/Kabul: 
      :city: Kaboul
    :Asia/Kamchatka: 
      :city: Kamtchatka
    :Asia/Karachi: 
      :city: Karachi
    :Asia/Katmandu: 
      :city: Katmandou
    :Asia/Khandyga: 
      :city: Khandyga
    :Asia/Krasnoyarsk: 
      :city: Krasnoïarsk
    :Asia/Kuala_Lumpur: 
      :city: "Kuala Lumpur"
    :Asia/Kuching: 
      :city: Kuching
    :Asia/Kuwait: 
      :city: Koweït
    :Asia/Macau: 
      :city: Macao
    :Asia/Magadan: 
      :city: Magadan
    :Asia/Makassar: 
      :city: Macassar
    :Asia/Manila: 
      :city: Manille
    :Asia/Muscat: 
      :city: Mascate
    :Asia/Nicosia: 
      :city: Nicosie
    :Asia/Novokuznetsk: 
      :city: Novokuznetsk
    :Asia/Novosibirsk: 
      :city: Novossibirsk
    :Asia/Omsk: 
      :city: Omsk
    :Asia/Oral: 
      :city: Ouralsk
    :Asia/Phnom_Penh: 
      :city: "Phnom Penh"
    :Asia/Pontianak: 
      :city: Pontianak
    :Asia/Pyongyang: 
      :city: Pyongyang
    :Asia/Qatar: 
      :city: Qatar
    :Asia/Qostanay: 
      :city: Kostanaï
    :Asia/Qyzylorda: 
      :city: "Kzyl Orda"
    :Asia/Rangoon: 
      :city: Rangoun
    :Asia/Riyadh: 
      :city: Riyad
    :Asia/Saigon: 
      :city: Hô-Chi-Minh-Ville
    :Asia/Sakhalin: 
      :city: Sakhaline
    :Asia/Samarkand: 
      :city: Samarcande
    :Asia/Seoul: 
      :city: Séoul
    :Asia/Shanghai: 
      :city: Shanghai
    :Asia/Singapore: 
      :city: Singapour
    :Asia/Srednekolymsk: 
      :city: Srednekolymsk
    :Asia/Taipei: 
      :city: Taipei
    :Asia/Tashkent: 
      :city: Tachkent
    :Asia/Tbilisi: 
      :city: Tbilissi
    :Asia/Tehran: 
      :city: Téhéran
    :Asia/Thimphu: 
      :city: Thimphou
    :Asia/Tokyo: 
      :city: Tokyo
    :Asia/Tomsk: 
      :city: Tomsk
    :Asia/Ulaanbaatar: 
      :city: Oulan-Bator
    :Asia/Urumqi: 
      :city: Ürümqi
    :Asia/Ust-Nera: 
      :city: Ust-Nera
    :Asia/Vientiane: 
      :city: Vientiane
    :Asia/Vladivostok: 
      :city: Vladivostok
    :Asia/Yakutsk: 
      :city: Iakoutsk
    :Asia/Yekaterinburg: 
      :city: Ekaterinbourg
    :Asia/Yerevan: 
      :city: Erevan
    :Atlantic/Azores: 
      :city: Açores
    :Atlantic/Bermuda: 
      :city: Bermudes
    :Atlantic/Canary: 
      :city: "Îles Canaries"
    :Atlantic/Cape_Verde: 
      :city: Cap-Vert
    :Atlantic/Faeroe: 
      :city: "îles Féroé"
    :Atlantic/Madeira: 
      :city: Madère
    :Atlantic/Reykjavik: 
      :city: Reykjavik
    :Atlantic/South_Georgia: 
      :city: "Géorgie du Sud"
    :Atlantic/St_Helena: 
      :city: Sainte-Hélène
    :Atlantic/Stanley: 
      :city: Stanley
    :Australia/Adelaide: 
      :city: Adélaïde
    :Australia/Brisbane: 
      :city: Brisbane
    :Australia/Broken_Hill: 
      :city: "Broken Hill"
    :Australia/Currie: 
      :city: Currie
    :Australia/Darwin: 
      :city: Darwin
    :Australia/Eucla: 
      :city: Eucla
    :Australia/Hobart: 
      :city: Hobart
    :Australia/Lindeman: 
      :city: Lindeman
    :Australia/Lord_Howe: 
      :city: "Lord Howe"
    :Australia/Melbourne: 
      :city: Melbourne
    :Australia/Perth: 
      :city: Perth
    :Australia/Sydney: 
      :city: Sydney
    :Etc/UTC: 
      :long: 
        :standard: "temps universel coordonné"
      :short: 
        :standard: UTC
    :Etc/Unknown: 
      :city: "ville inconnue"
    :Europe/Amsterdam: 
      :city: Amsterdam
    :Europe/Andorra: 
      :city: Andorre
    :Europe/Astrakhan: 
      :city: Astrakhan
    :Europe/Athens: 
      :city: Athènes
    :Europe/Belgrade: 
      :city: Belgrade
    :Europe/Berlin: 
      :city: Berlin
    :Europe/Bratislava: 
      :city: Bratislava
    :Europe/Brussels: 
      :city: Bruxelles
    :Europe/Bucharest: 
      :city: Bucarest
    :Europe/Budapest: 
      :city: Budapest
    :Europe/Busingen: 
      :city: Büsingen
    :Europe/Chisinau: 
      :city: Chisinau
    :Europe/Copenhagen: 
      :city: Copenhague
    :Europe/Dublin: 
      :city: Dublin
      :long: 
        :daylight: "heure avancée irlandaise"
    :Europe/Gibraltar: 
      :city: Gibraltar
    :Europe/Guernsey: 
      :city: Guernesey
    :Europe/Helsinki: 
      :city: Helsinki
    :Europe/Isle_of_Man: 
      :city: "île de Man"
    :Europe/Istanbul: 
      :city: Istanbul
    :Europe/Jersey: 
      :city: Jersey
    :Europe/Kaliningrad: 
      :city: Kaliningrad
    :Europe/Kiev: 
      :city: Kiev
    :Europe/Kirov: 
      :city: Kirov
    :Europe/Lisbon: 
      :city: Lisbonne
    :Europe/Ljubljana: 
      :city: Ljubljana
    :Europe/London: 
      :city: Londres
      :long: 
        :daylight: "heure avancée britannique"
    :Europe/Luxembourg: 
      :city: Luxembourg
    :Europe/Madrid: 
      :city: Madrid
    :Europe/Malta: 
      :city: Malte
    :Europe/Mariehamn: 
      :city: Mariehamn
    :Europe/Minsk: 
      :city: Minsk
    :Europe/Monaco: 
      :city: Monaco
    :Europe/Moscow: 
      :city: Moscou
    :Europe/Oslo: 
      :city: Oslo
    :Europe/Paris: 
      :city: Paris
    :Europe/Podgorica: 
      :city: Podgorica
    :Europe/Prague: 
      :city: Prague
    :Europe/Riga: 
      :city: Riga
    :Europe/Rome: 
      :city: Rome
    :Europe/Samara: 
      :city: Samara
    :Europe/San_Marino: 
      :city: Saint-Marin
    :Europe/Sarajevo: 
      :city: Sarajevo
    :Europe/Saratov: 
      :city: Saratov
    :Europe/Simferopol: 
      :city: Simferopol
    :Europe/Skopje: 
      :city: Skopje
    :Europe/Sofia: 
      :city: Sofia
    :Europe/Stockholm: 
      :city: Stockholm
    :Europe/Tallinn: 
      :city: Tallinn
    :Europe/Tirane: 
      :city: Tirana
    :Europe/Ulyanovsk: 
      :city: Oulianovsk
    :Europe/Uzhgorod: 
      :city: Oujgorod
    :Europe/Vaduz: 
      :city: Vaduz
    :Europe/Vatican: 
      :city: Vatican
    :Europe/Vienna: 
      :city: Vienne
    :Europe/Vilnius: 
      :city: Vilnius
    :Europe/Volgograd: 
      :city: Volgograd
    :Europe/Warsaw: 
      :city: Varsovie
    :Europe/Zagreb: 
      :city: Zagreb
    :Europe/Zaporozhye: 
      :city: Zaporojie
    :Europe/Zurich: 
      :city: Zurich
    :Indian/Antananarivo: 
      :city: Antananarivo
    :Indian/Chagos: 
      :city: Chagos
    :Indian/Christmas: 
      :city: Christmas
    :Indian/Cocos: 
      :city: Cocos
    :Indian/Comoro: 
      :city: Comores
    :Indian/Kerguelen: 
      :city: Kerguelen
    :Indian/Mahe: 
      :city: Mahé
    :Indian/Maldives: 
      :city: Maldives
    :Indian/Mauritius: 
      :city: Maurice
    :Indian/Mayotte: 
      :city: Mayotte
    :Indian/Reunion: 
      :city: "La Réunion"
    :Pacific/Apia: 
      :city: Apia
    :Pacific/Auckland: 
      :city: Auckland
    :Pacific/Bougainville: 
      :city: Bougainville
    :Pacific/Chatham: 
      :city: Chatham
    :Pacific/Easter: 
      :city: "île de Pâques"
    :Pacific/Efate: 
      :city: Éfaté
    :Pacific/Enderbury: 
      :city: Enderbury
    :Pacific/Fakaofo: 
      :city: Fakaofo
    :Pacific/Fiji: 
      :city: Fidji
    :Pacific/Funafuti: 
      :city: Funafuti
    :Pacific/Galapagos: 
      :city: Galápagos
    :Pacific/Gambier: 
      :city: Gambier
    :Pacific/Guadalcanal: 
      :city: Guadalcanal
    :Pacific/Guam: 
      :city: Guam
    :Pacific/Honolulu: 
      :city: Honolulu
    :Pacific/Johnston: 
      :city: Johnston
    :Pacific/Kiritimati: 
      :city: Kiritimati
    :Pacific/Kosrae: 
      :city: Kosrae
    :Pacific/Kwajalein: 
      :city: Kwajalein
    :Pacific/Majuro: 
      :city: Majuro
    :Pacific/Marquesas: 
      :city: Marquises
    :Pacific/Midway: 
      :city: Midway
    :Pacific/Nauru: 
      :city: Nauru
    :Pacific/Niue: 
      :city: Niue
    :Pacific/Norfolk: 
      :city: Norfolk
    :Pacific/Noumea: 
      :city: Nouméa
    :Pacific/Pago_Pago: 
      :city: "Pago Pago"
    :Pacific/Palau: 
      :city: Palau
    :Pacific/Pitcairn: 
      :city: Pitcairn
    :Pacific/Ponape: 
      :city: Pohnpei
    :Pacific/Port_Moresby: 
      :city: "Port Moresby"
    :Pacific/Rarotonga: 
      :city: Rarotonga
    :Pacific/Saipan: 
      :city: Saipan
    :Pacific/Tahiti: 
      :city: Tahiti
    :Pacific/Tarawa: 
      :city: Tarawa
    :Pacific/Tongatapu: 
      :city: Tongatapu
    :Pacific/Truk: 
      :city: Chuuk
    :Pacific/Wake: 
      :city: Wake
    :Pacific/Wallis: 
      :city: Wallis
